Edad;Genero;P1_Destino;P2_Estres;P3_Frecuencia;P4_NivelEstres;P5_FinSemana
13;Hombre;C) Ahorrando o invirtiendolo.;B) Hacer ejercicio y meditar.;B) 1 o 2 veces.;5;D) Visitando un lugar nuevo o una actividad nueva.
29;Hombre;B) Gimnasio, comida y salud.;C) Descansar en casa, planeando mi tiempo y gastos.;D) Solo cuando hay un evento importante.;7;C) Tranquilo, en casa y preparando la semana.
13;Mujer;C) Ahorrando o invirtiendolo.;D) Buscar nuevas actividades o viajando.;A) 4 o mas veces.;3;A) Improvisado, con amigos y musica.
13;Mujer;C) Ahorrando o invirtiendolo.;B) Hacer ejercicio y meditar.;D) Solo cuando hay un evento importante.;3;C) Tranquilo, en casa y preparando la semana.
13;Mujer;D) Viajes, conciertos, cursos.;C) Descansar en casa, planeando mi tiempo y gastos.;B) 1 o 2 veces.;6;C) Tranquilo, en casa y preparando la semana.
26;Mujer;B) Gimnasio, comida y salud.;A) Salir a desconectarme, beber y socializar.;D) Solo cuando hay un evento importante.;4;A) Improvisado, con amigos y musica.
13;Mujer;D) Viajes, conciertos, cursos.;B) Hacer ejercicio y meditar.;B) 1 o 2 veces.;10;A) Improvisado, con amigos y musica.
40;Mujer;B) Gimnasio, comida y salud.;A) Salir a desconectarme, beber y socializar.;C) Casi nunca.;4;A) Improvisado, con amigos y musica.
40;Mujer;C) Ahorrando o invirtiendolo.;D) Buscar nuevas actividades o viajando.;A) 4 o mas veces.;4;B) Activo, haciendo deporte y comiendo.
36;Hombre;A) Salir a beber con amigos y fiestas.;C) Descansar en casa, planeando mi tiempo y gastos.;D) Solo cuando hay un evento importante.;5;C) Tranquilo, en casa y preparando la semana.
13;Mujer;B) Gimnasio, comida y salud.;C) Descansar en casa, planeando mi tiempo y gastos.;C) Casi nunca.;7;C) Tranquilo, en casa y preparando la semana.
13;Mujer;C) Ahorrando o invirtiendolo.;C) Descansar en casa, planeando mi tiempo y gastos.;B) 1 o 2 veces.;10;C) Tranquilo, en casa y preparando la semana.
36;Mujer;A) Salir a beber con amigos y fiestas.;D) Buscar nuevas actividades o viajando.;D) Solo cuando hay un evento importante.;6;C) Tranquilo, en casa y preparando la semana.
32;Mujer;C) Ahorrando o invirtiendolo.;D) Buscar nuevas actividades o viajando.;B) 1 o 2 veces.;4;C) Tranquilo, en casa y preparando la semana.
27;Hombre;D) Viajes, conciertos, cursos.;A) Salir a desconectarme, beber y socializar.;C) Casi nunca.;7;A) Improvisado, con amigos y musica.
25;Mujer;D) Viajes, conciertos, cursos.;C) Descansar en casa, planeando mi tiempo y gastos.;D) Solo cuando hay un evento importante.;5;C) Tranquilo, en casa y preparando la semana.
19;Mujer;C) Ahorrando o invirtiendolo.;D) Buscar nuevas actividades o viajando.;C) Casi nunca.;8;C) Tranquilo, en casa y preparando la semana.
31;Mujer;A) Salir a beber con amigos y fiestas.;B) Hacer ejercicio y meditar.;B) 1 o 2 veces.;5;D) Visitando un lugar nuevo o una actividad nueva.
28;Mujer;D) Viajes, conciertos, cursos.;C) Descansar en casa, planeando mi tiempo y gastos.;B) 1 o 2 veces.;8;C) Tranquilo, en casa y preparando la semana.
38;Mujer;D) Viajes, conciertos, cursos.;B) Hacer ejercicio y meditar.;C) Casi nunca.;6;C) Tranquilo, en casa y preparando la semana.
16;Mujer;A) Salir a beber con amigos y fiestas.;A) Salir a desconectarme, beber y socializar.;B) 1 o 2 veces.;8;C) Tranquilo, en casa y preparando la semana.
13;Hombre;C) Ahorrando o invirtiendolo.;D) Buscar nuevas actividades o viajando.;C) Casi nunca.;8;C) Tranquilo, en casa y preparando la semana.
24;Mujer;D) Viajes, conciertos, cursos.;C) Descansar en casa, planeando mi tiempo y gastos.;C) Casi nunca.;10;C) Tranquilo, en casa y preparando la semana.
15;Mujer;A) Salir a beber con amigos y fiestas.;C) Descansar en casa, planeando mi tiempo y gastos.;C) Casi nunca.;5;C) Tranquilo, en casa y preparando la semana.
64;Mujer;A) Salir a beber con amigos y fiestas.;B) Hacer ejercicio y meditar.;A) 4 o mas veces.;6;C) Tranquilo, en casa y preparando la semana.
31;Mujer;D) Viajes, conciertos, cursos.;B) Hacer ejercicio y meditar.;C) Casi nunca.;2;C) Tranquilo, en casa y preparando la semana.
13;Hombre;C) Ahorrando o invirtiendolo.;A) Salir a desconectarme, beber y socializar.;C) Casi nunca.;9;B) Activo, haciendo deporte y comiendo.
13;Mujer;B) Gimnasio, comida y salud.;C) Descansar en casa, planeando mi tiempo y gastos.;C) Casi nunca.;7;C) Tranquilo, en casa y preparando la semana.
59;Hombre;B) Gimnasio, comida y salud.;C) Descansar en casa, planeando mi tiempo y gastos.;A) 4 o mas veces.;4;B) Activo, haciendo deporte y comiendo.
18;Mujer;D) Viajes, conciertos, cursos.;C) Descansar en casa, planeando mi tiempo y gastos.;C) Casi nunca.;3;A) Improvisado, con amigos y musica.
19;Mujer;B) Gimnasio, comida y salud.;B) Hacer ejercicio y meditar.;C) Casi nunca.;1;C) Tranquilo, en casa y preparando la semana.
13;Mujer;D) Viajes, conciertos, cursos.;B) Hacer ejercicio y meditar.;B) 1 o 2 veces.;5;C) Tranquilo, en casa y preparando la semana.
38;Hombre;D) Viajes, conciertos, cursos.;A) Salir a desconectarme, beber y socializar.;B) 1 o 2 veces.;6;A) Improvisado, con amigos y musica.
66;Hombre;A) Salir a beber con amigos y fiestas.;D) Buscar nuevas actividades o viajando.;B) 1 o 2 veces.;9;C) Tranquilo, en casa y preparando la semana.
13;Mujer;A) Salir a beber con amigos y fiestas.;B) Hacer ejercicio y meditar.;A) 4 o mas veces.;6;C) Tranquilo, en casa y preparando la semana.
25;Mujer;C) Ahorrando o invirtiendolo.;A) Salir a desconectarme, beber y socializar.;C) Casi nunca.;5;C) Tranquilo, en casa y preparando la semana.
27;Hombre;D) Viajes, conciertos, cursos.;B) Hacer ejercicio y meditar.;B) 1 o 2 veces.;2;C) Tranquilo, en casa y preparando la semana.
22;Mujer;A) Salir a beber con amigos y fiestas.;D) Buscar nuevas actividades o viajando.;B) 1 o 2 veces.;4;C) Tranquilo, en casa y preparando la semana.
52;Mujer;B) Gimnasio, comida y salud.;A) Salir a desconectarme, beber y socializar.;D) Solo cuando hay un evento importante.;3;C) Tranquilo, en casa y preparando la semana.
26;Mujer;D) Viajes, conciertos, cursos.;D) Buscar nuevas actividades o viajando.;A) 4 o mas veces.;4;C) Tranquilo, en casa y preparando la semana.
15;Hombre;B) Gimnasio, comida y salud.;B) Hacer ejercicio y meditar.;D) Solo cuando hay un evento importante.;6;B) Activo, haciendo deporte y comiendo.
31;Hombre;C) Ahorrando o invirtiendolo.;C) Descansar en casa, planeando mi tiempo y gastos.;C) Casi nunca.;6;C) Tranquilo, en casa y preparando la semana.
30;Mujer;C) Ahorrando o invirtiendolo.;A) Salir a desconectarme, beber y socializar.;B) 1 o 2 veces.;7;C) Tranquilo, en casa y preparando la semana.
20;Hombre;A) Salir a beber con amigos y fiestas.;C) Descansar en casa, planeando mi tiempo y gastos.;B) 1 o 2 veces.;8;C) Tranquilo, en casa y preparando la semana.
35;Hombre;A) Salir a beber con amigos y fiestas.;B) Hacer ejercicio y meditar.;A) 4 o mas veces.;4;D) Visitando un lugar nuevo o una actividad nueva.
24;Mujer;B) Gimnasio, comida y salud.;C) Descansar en casa, planeando mi tiempo y gastos.;B) 1 o 2 veces.;4;B) Activo, haciendo deporte y comiendo.
36;Mujer;D) Viajes, conciertos, cursos.;A) Salir a desconectarme, beber y socializar.;A) 4 o mas veces.;9;A) Improvisado, con amigos y musica.
62;Hombre;D) Viajes, conciertos, cursos.;B) Hacer ejercicio y meditar.;B) 1 o 2 veces.;10;B) Activo, haciendo deporte y comiendo.
38;Mujer;C) Ahorrando o invirtiendolo.;B) Hacer ejercicio y meditar.;B) 1 o 2 veces.;4;C) Tranquilo, en casa y preparando la semana.
25;Mujer;B) Gimnasio, comida y salud.;B) Hacer ejercicio y meditar.;B) 1 o 2 veces.;7;C) Tranquilo, en casa y preparando la semana.
19;Mujer;B) Gimnasio, comida y salud.;C) Descansar en casa, planeando mi tiempo y gastos.;D) Solo cuando hay un evento importante.;7;D) Visitando un lugar nuevo o una actividad nueva.
31;Hombre;A) Salir a beber con amigos y fiestas.;B) Hacer ejercicio y meditar.;A) 4 o mas veces.;8;B) Activo, haciendo deporte y comiendo.
45;Mujer;B) Gimnasio, comida y salud.;C) Descansar en casa, planeando mi tiempo y gastos.;B) 1 o 2 veces.;1;B) Activo, haciendo deporte y comiendo.
30;Mujer;C) Ahorrando o invirtiendolo.;A) Salir a desconectarme, beber y socializar.;D) Solo cuando hay un evento importante.;3;B) Activo, haciendo deporte y comiendo.
13;Mujer;B) Gimnasio, comida y salud.;B) Hacer ejercicio y meditar.;C) Casi nunca.;4;A) Improvisado, con amigos y musica.
27;Mujer;D) Viajes, conciertos, cursos.;B) Hacer ejercicio y meditar.;B) 1 o 2 veces.;5;B) Activo, haciendo deporte y comiendo.
13;Mujer;B) Gimnasio, comida y salud.;C) Descansar en casa, planeando mi tiempo y gastos.;A) 4 o mas veces.;4;A) Improvisado, con amigos y musica.
23;Mujer;B) Gimnasio, comida y salud.;C) Descansar en casa, planeando mi tiempo y gastos.;B) 1 o 2 veces.;6;C) Tranquilo, en casa y preparando la semana.
28;Hombre;B) Gimnasio, comida y salud.;D) Buscar nuevas actividades o viajando.;C) Casi nunca.;7;B) Activo, haciendo deporte y comiendo.
30;Hombre;B) Gimnasio, comida y salud.;C) Descansar en casa, planeando mi tiempo y gastos.;D) Solo cuando hay un evento importante.;1;A) Improvisado, con amigos y musica.
26;Mujer;A) Salir a beber con amigos y fiestas.;A) Salir a desconectarme, beber y socializar.;D) Solo cuando hay un evento importante.;9;C) Tranquilo, en casa y preparando la semana.
25;Hombre;C) Ahorrando o invirtiendolo.;A) Salir a desconectarme, beber y socializar.;C) Casi nunca.;2;C) Tranquilo, en casa y preparando la semana.
23;Mujer;D) Viajes, conciertos, cursos.;A) Salir a desconectarme, beber y socializar.;A) 4 o mas veces.;3;C) Tranquilo, en casa y preparando la semana.
29;Mujer;B) Gimnasio, comida y salud.;D) Buscar nuevas actividades o viajando.;B) 1 o 2 veces.;3;C) Tranquilo, en casa y preparando la semana.
29;Mujer;A) Salir a beber con amigos y fiestas.;B) Hacer ejercicio y meditar.;B) 1 o 2 veces.;7;C) Tranquilo, en casa y preparando la semana.
23;Hombre;D) Viajes, conciertos, cursos.;B) Hacer ejercicio y meditar.;A) 4 o mas veces.;10;A) Improvisado, con amigos y musica.
45;Mujer;C) Ahorrando o invirtiendolo.;B) Hacer ejercicio y meditar.;C) Casi nunca.;2;D) Visitando un lugar nuevo o una actividad nueva.
34;Mujer;C) Ahorrando o invirtiendolo.;A) Salir a desconectarme, beber y socializar.;B) 1 o 2 veces.;4;C) Tranquilo, en casa y preparando la semana.
13;Hombre;B) Gimnasio, comida y salud.;B) Hacer ejercicio y meditar.;D) Solo cuando hay un evento importante.;1;A) Improvisado, con amigos y musica.
43;Hombre;D) Viajes, conciertos, cursos.;D) Buscar nuevas actividades o viajando.;C) Casi nunca.;9;A) Improvisado, con amigos y musica.
24;Mujer;D) Viajes, conciertos, cursos.;C) Descansar en casa, planeando mi tiempo y gastos.;D) Solo cuando hay un evento importante.;7;C) Tranquilo, en casa y preparando la semana.
19;Mujer;B) Gimnasio, comida y salud.;B) Hacer ejercicio y meditar.;C) Casi nunca.;5;A) Improvisado, con amigos y musica.
26;Hombre;D) Viajes, conciertos, cursos.;A) Salir a desconectarme, beber y socializar.;C) Casi nunca.;8;A) Improvisado, con amigos y musica.
13;Mujer;A) Salir a beber con amigos y fiestas.;C) Descansar en casa, planeando mi tiempo y gastos.;D) Solo cuando hay un evento importante.;6;C) Tranquilo, en casa y preparando la semana.
35;Mujer;C) Ahorrando o invirtiendolo.;D) Buscar nuevas actividades o viajando.;B) 1 o 2 veces.;1;C) Tranquilo, en casa y preparando la semana.
36;Mujer;A) Salir a beber con amigos y fiestas.;A) Salir a desconectarme, beber y socializar.;D) Solo cuando hay un evento importante.;6;C) Tranquilo, en casa y preparando la semana.
32;Mujer;D) Viajes, conciertos, cursos.;B) Hacer ejercicio y meditar.;A) 4 o mas veces.;3;C) Tranquilo, en casa y preparando la semana.
23;Hombre;C) Ahorrando o invirtiendolo.;C) Descansar en casa, planeando mi tiempo y gastos.;C) Casi nunca.;4;C) Tranquilo, en casa y preparando la semana.
35;Hombre;B) Gimnasio, comida y salud.;B) Hacer ejercicio y meditar.;D) Solo cuando hay un evento importante.;9;A) Improvisado, con amigos y musica.
13;Mujer;B) Gimnasio, comida y salud.;D) Buscar nuevas actividades o viajando.;C) Casi nunca.;7;A) Improvisado, con amigos y musica.
26;Mujer;B) Gimnasio, comida y salud.;B) Hacer ejercicio y meditar.;C) Casi nunca.;9;C) Tranquilo, en casa y preparando la semana.
23;Mujer;A) Salir a beber con amigos y fiestas.;B) Hacer ejercicio y meditar.;C) Casi nunca.;5;C) Tranquilo, en casa y preparando la semana.
20;Mujer;C) Ahorrando o invirtiendolo.;A) Salir a desconectarme, beber y socializar.;C) Casi nunca.;2;C) Tranquilo, en casa y preparando la semana.
13;Mujer;B) Gimnasio, comida y salud.;C) Descansar en casa, planeando mi tiempo y gastos.;D) Solo cuando hay un evento importante.;2;A) Improvisado, con amigos y musica.
14;Hombre;C) Ahorrando o invirtiendolo.;C) Descansar en casa, planeando mi tiempo y gastos.;C) Casi nunca.;1;B) Activo, haciendo deporte y comiendo.
13;Mujer;A) Salir a beber con amigos y fiestas.;A) Salir a desconectarme, beber y socializar.;C) Casi nunca.;6;B) Activo, haciendo deporte y comiendo.
28;Mujer;A) Salir a beber con amigos y fiestas.;D) Buscar nuevas actividades o viajando.;D) Solo cuando hay un evento importante.;8;C) Tranquilo, en casa y preparando la semana.
41;Mujer;C) Ahorrando o invirtiendolo.;A) Salir a desconectarme, beber y socializar.;C) Casi nunca.;5;C) Tranquilo, en casa y preparando la semana.
46;Mujer;D) Viajes, conciertos, cursos.;C) Descansar en casa, planeando mi tiempo y gastos.;B) 1 o 2 veces.;3;D) Visitando un lugar nuevo o una actividad nueva.
26;Mujer;C) Ahorrando o invirtiendolo.;D) Buscar nuevas actividades o viajando.;C) Casi nunca.;5;C) Tranquilo, en casa y preparando la semana.
30;Mujer;C) Ahorrando o invirtiendolo.;B) Hacer ejercicio y meditar.;B) 1 o 2 veces.;6;C) Tranquilo, en casa y preparando la semana.
22;Mujer;D) Viajes, conciertos, cursos.;D) Buscar nuevas actividades o viajando.;D) Solo cuando hay un evento importante.;7;C) Tranquilo, en casa y preparando la semana.
26;Hombre;B) Gimnasio, comida y salud.;D) Buscar nuevas actividades o viajando.;B) 1 o 2 veces.;4;B) Activo, haciendo deporte y comiendo.
13;Mujer;D) Viajes, conciertos, cursos.;B) Hacer ejercicio y meditar.;C) Casi nunca.;4;D) Visitando un lugar nuevo o una actividad nueva.
13;Mujer;A) Salir a beber con amigos y fiestas.;C) Descansar en casa, planeando mi tiempo y gastos.;C) Casi nunca.;8;C) Tranquilo, en casa y preparando la semana.
50;Mujer;C) Ahorrando o invirtiendolo.;C) Descansar en casa, planeando mi tiempo y gastos.;A) 4 o mas veces.;4;C) Tranquilo, en casa y preparando la semana.
13;Mujer;C) Ahorrando o invirtiendolo.;A) Salir a desconectarme, beber y socializar.;B) 1 o 2 veces.;7;C) Tranquilo, en casa y preparando la semana.
30;Mujer;D) Viajes, conciertos, cursos.;B) Hacer ejercicio y meditar.;D) Solo cuando hay un evento importante.;8;A) Improvisado, con amigos y musica.
34;Mujer;C) Ahorrando o invirtiendolo.;C) Descansar en casa, planeando mi tiempo y gastos.;B) 1 o 2 veces.;5;C) Tranquilo, en casa y preparando la semana.
23;Hombre;B) Gimnasio, comida y salud.;B) Hacer ejercicio y meditar.;D) Solo cuando hay un evento importante.;3;C) Tranquilo, en casa y preparando la semana.
13;Hombre;D) Viajes, conciertos, cursos.;A) Salir a desconectarme, beber y socializar.;C) Casi nunca.;7;C) Tranquilo, en casa y preparando la semana.
16;Mujer;C) Ahorrando o invirtiendolo.;A) Salir a desconectarme, beber y socializar.;D) Solo cuando hay un evento importante.;2;C) Tranquilo, en casa y preparando la semana.
23;Mujer;B) Gimnasio, comida y salud.;B) Hacer ejercicio y meditar.;C) Casi nunca.;6;C) Tranquilo, en casa y preparando la semana.
25;Hombre;D) Viajes, conciertos, cursos.;B) Hacer ejercicio y meditar.;D) Solo cuando hay un evento importante.;7;B) Activo, haciendo deporte y comiendo.
13;Mujer;B) Gimnasio, comida y salud.;A) Salir a desconectarme, beber y socializar.;D) Solo cuando hay un evento importante.;6;B) Activo, haciendo deporte y comiendo.
23;Mujer;C) Ahorrando o invirtiendolo.;B) Hacer ejercicio y meditar.;B) 1 o 2 veces.;2;C) Tranquilo, en casa y preparando la semana.
45;Hombre;C) Ahorrando o invirtiendolo.;C) Descansar en casa, planeando mi tiempo y gastos.;C) Casi nunca.;5;A) Improvisado, con amigos y musica.
14;Hombre;C) Ahorrando o invirtiendolo.;D) Buscar nuevas actividades o viajando.;D) Solo cuando hay un evento importante.;5;C) Tranquilo, en casa y preparando la semana.
37;Hombre;B) Gimnasio, comida y salud.;C) Descansar en casa, planeando mi tiempo y gastos.;C) Casi nunca.;5;A) Improvisado, con amigos y musica.
44;Mujer;C) Ahorrando o invirtiendolo.;D) Buscar nuevas actividades o viajando.;C) Casi nunca.;1;C) Tranquilo, en casa y preparando la semana.
13;Hombre;B) Gimnasio, comida y salud.;C) Descansar en casa, planeando mi tiempo y gastos.;A) 4 o mas veces.;7;C) Tranquilo, en casa y preparando la semana.
13;Mujer;C) Ahorrando o invirtiendolo.;B) Hacer ejercicio y meditar.;D) Solo cuando hay un evento importante.;3;B) Activo, haciendo deporte y comiendo.
27;Hombre;C) Ahorrando o invirtiendolo.;C) Descansar en casa, planeando mi tiempo y gastos.;B) 1 o 2 veces.;4;C) Tranquilo, en casa y preparando la semana.
13;Mujer;C) Ahorrando o invirtiendolo.;B) Hacer ejercicio y meditar.;C) Casi nunca.;6;C) Tranquilo, en casa y preparando la semana.
24;Mujer;B) Gimnasio, comida y salud.;C) Descansar en casa, planeando mi tiempo y gastos.;A) 4 o mas veces.;5;C) Tranquilo, en casa y preparando la semana.
13;Mujer;C) Ahorrando o invirtiendolo.;C) Descansar en casa, planeando mi tiempo y gastos.;B) 1 o 2 veces.;5;A) Improvisado, con amigos y musica.
30;Hombre;B) Gimnasio, comida y salud.;A) Salir a desconectarme, beber y socializar.;C) Casi nunca.;6;A) Improvisado, con amigos y musica.
18;Mujer;D) Viajes, conciertos, cursos.;B) Hacer ejercicio y meditar.;D) Solo cuando hay un evento importante.;5;C) Tranquilo, en casa y preparando la semana.
18;Mujer;C) Ahorrando o invirtiendolo.;C) Descansar en casa, planeando mi tiempo y gastos.;B) 1 o 2 veces.;3;C) Tranquilo, en casa y preparando la semana.
31;Hombre;B) Gimnasio, comida y salud.;A) Salir a desconectarme, beber y socializar.;D) Solo cuando hay un evento importante.;10;C) Tranquilo, en casa y preparando la semana.
31;Mujer;A) Salir a beber con amigos y fiestas.;B) Hacer ejercicio y meditar.;C) Casi nunca.;6;C) Tranquilo, en casa y preparando la semana.
47;Mujer;B) Gimnasio, comida y salud.;B) Hacer ejercicio y meditar.;C) Casi nunca.;2;C) Tranquilo, en casa y preparando la semana.
59;Hombre;D) Viajes, conciertos, cursos.;C) Descansar en casa, planeando mi tiempo y gastos.;C) Casi nunca.;2;C) Tranquilo, en casa y preparando la semana.
23;Mujer;B) Gimnasio, comida y salud.;C) Descansar en casa, planeando mi tiempo y gastos.;D) Solo cuando hay un evento importante.;2;C) Tranquilo, en casa y preparando la semana.
24;Mujer;B) Gimnasio, comida y salud.;C) Descansar en casa, planeando mi tiempo y gastos.;B) 1 o 2 veces.;8;A) Improvisado, con amigos y musica.
51;Hombre;A) Salir a beber con amigos y fiestas.;C) Descansar en casa, planeando mi tiempo y gastos.;A) 4 o mas veces.;9;A) Improvisado, con amigos y musica.
13;Hombre;C) Ahorrando o invirtiendolo.;B) Hacer ejercicio y meditar.;D) Solo cuando hay un evento importante.;3;A) Improvisado, con amigos y musica.
64;Mujer;C) Ahorrando o invirtiendolo.;A) Salir a desconectarme, beber y socializar.;C) Casi nunca.;5;D) Visitando un lugar nuevo o una actividad nueva.
19;Hombre;A) Salir a beber con amigos y fiestas.;A) Salir a desconectarme, beber y socializar.;B) 1 o 2 veces.;6;C) Tranquilo, en casa y preparando la semana.
13;Mujer;B) Gimnasio, comida y salud.;B) Hacer ejercicio y meditar.;C) Casi nunca.;8;C) Tranquilo, en casa y preparando la semana.
25;Hombre;B) Gimnasio, comida y salud.;C) Descansar en casa, planeando mi tiempo y gastos.;B) 1 o 2 veces.;6;C) Tranquilo, en casa y preparando la semana.
28;Hombre;B) Gimnasio, comida y salud.;C) Descansar en casa, planeando mi tiempo y gastos.;B) 1 o 2 veces.;2;C) Tranquilo, en casa y preparando la semana.
26;Mujer;B) Gimnasio, comida y salud.;B) Hacer ejercicio y meditar.;D) Solo cuando hay un evento importante.;4;C) Tranquilo, en casa y preparando la semana.
25;Mujer;A) Salir a beber con amigos y fiestas.;B) Hacer ejercicio y meditar.;C) Casi nunca.;4;C) Tranquilo, en casa y preparando la semana.
42;Hombre;A) Salir a beber con amigos y fiestas.;A) Salir a desconectarme, beber y socializar.;C) Casi nunca.;1;A) Improvisado, con amigos y musica.
32;Hombre;C) Ahorrando o invirtiendolo.;C) Descansar en casa, planeando mi tiempo y gastos.;B) 1 o 2 veces.;4;D) Visitando un lugar nuevo o una actividad nueva.
29;Mujer;C) Ahorrando o invirtiendolo.;C) Descansar en casa, planeando mi tiempo y gastos.;D) Solo cuando hay un evento importante.;8;A) Improvisado, con amigos y musica.
17;Hombre;C) Ahorrando o invirtiendolo.;C) Descansar en casa, planeando mi tiempo y gastos.;C) Casi nunca.;3;C) Tranquilo, en casa y preparando la semana.
45;Mujer;C) Ahorrando o invirtiendolo.;A) Salir a desconectarme, beber y socializar.;C) Casi nunca.;2;B) Activo, haciendo deporte y comiendo.
29;Mujer;C) Ahorrando o invirtiendolo.;C) Descansar en casa, planeando mi tiempo y gastos.;C) Casi nunca.;7;B) Activo, haciendo deporte y comiendo.
39;Hombre;B) Gimnasio, comida y salud.;B) Hacer ejercicio y meditar.;B) 1 o 2 veces.;6;A) Improvisado, con amigos y musica.
23;Mujer;B) Gimnasio, comida y salud.;B) Hacer ejercicio y meditar.;C) Casi nunca.;6;C) Tranquilo, en casa y preparando la semana.
68;Hombre;C) Ahorrando o invirtiendolo.;C) Descansar en casa, planeando mi tiempo y gastos.;C) Casi nunca.;2;C) Tranquilo, en casa y preparando la semana.
42;Hombre;B) Gimnasio, comida y salud.;A) Salir a desconectarme, beber y socializar.;B) 1 o 2 veces.;4;D) Visitando un lugar nuevo o una actividad nueva.
17;Mujer;B) Gimnasio, comida y salud.;A) Salir a desconectarme, beber y socializar.;B) 1 o 2 veces.;4;C) Tranquilo, en casa y preparando la semana.
17;Mujer;A) Salir a beber con amigos y fiestas.;B) Hacer ejercicio y meditar.;C) Casi nunca.;7;C) Tranquilo, en casa y preparando la semana.
16;Hombre;B) Gimnasio, comida y salud.;D) Buscar nuevas actividades o viajando.;A) 4 o mas veces.;5;C) Tranquilo, en casa y preparando la semana.
41;Mujer;C) Ahorrando o invirtiendolo.;A) Salir a desconectarme, beber y socializar.;A) 4 o mas veces.;3;C) Tranquilo, en casa y preparando la semana.
28;Mujer;B) Gimnasio, comida y salud.;B) Hacer ejercicio y meditar.;D) Solo cuando hay un evento importante.;8;C) Tranquilo, en casa y preparando la semana.
43;Hombre;B) Gimnasio, comida y salud.;A) Salir a desconectarme, beber y socializar.;A) 4 o mas veces.;10;C) Tranquilo, en casa y preparando la semana.
29;Mujer;A) Salir a beber con amigos y fiestas.;C) Descansar en casa, planeando mi tiempo y gastos.;C) Casi nunca.;6;C) Tranquilo, en casa y preparando la semana.
13;Mujer;B) Gimnasio, comida y salud.;A) Salir a desconectarme, beber y socializar.;D) Solo cuando hay un evento importante.;1;A) Improvisado, con amigos y musica.
27;Mujer;B) Gimnasio, comida y salud.;A) Salir a desconectarme, beber y socializar.;D) Solo cuando hay un evento importante.;1;C) Tranquilo, en casa y preparando la semana.
17;Mujer;C) Ahorrando o invirtiendolo.;C) Descansar en casa, planeando mi tiempo y gastos.;D) Solo cuando hay un evento importante.;7;A) Improvisado, con amigos y musica.
13;Mujer;A) Salir a beber con amigos y fiestas.;A) Salir a desconectarme, beber y socializar.;C) Casi nunca.;7;C) Tranquilo, en casa y preparando la semana.
14;Mujer;C) Ahorrando o invirtiendolo.;B) Hacer ejercicio y meditar.;C) Casi nunca.;6;C) Tranquilo, en casa y preparando la semana.
25;Mujer;C) Ahorrando o invirtiendolo.;A) Salir a desconectarme, beber y socializar.;B) 1 o 2 veces.;5;A) Improvisado, con amigos y musica.
33;Mujer;A) Salir a beber con amigos y fiestas.;A) Salir a desconectarme, beber y socializar.;C) Casi nunca.;4;A) Improvisado, con amigos y musica.
19;Mujer;B) Gimnasio, comida y salud.;B) Hacer ejercicio y meditar.;B) 1 o 2 veces.;7;C) Tranquilo, en casa y preparando la semana.
22;Mujer;B) Gimnasio, comida y salud.;B) Hacer ejercicio y meditar.;D) Solo cuando hay un evento importante.;5;C) Tranquilo, en casa y preparando la semana.
41;Mujer;B) Gimnasio, comida y salud.;A) Salir a desconectarme, beber y socializar.;D) Solo cuando hay un evento importante.;6;C) Tranquilo, en casa y preparando la semana.
25;Mujer;A) Salir a beber con amigos y fiestas.;C) Descansar en casa, planeando mi tiempo y gastos.;C) Casi nunca.;7;B) Activo, haciendo deporte y comiendo.
17;Hombre;A) Salir a beber con amigos y fiestas.;A) Salir a desconectarme, beber y socializar.;B) 1 o 2 veces.;4;C) Tranquilo, en casa y preparando la semana.
16;Mujer;C) Ahorrando o invirtiendolo.;C) Descansar en casa, planeando mi tiempo y gastos.;B) 1 o 2 veces.;5;A) Improvisado, con amigos y musica.
16;Hombre;B) Gimnasio, comida y salud.;C) Descansar en casa, planeando mi tiempo y gastos.;D) Solo cuando hay un evento importante.;10;B) Activo, haciendo deporte y comiendo.
22;Hombre;A) Salir a beber con amigos y fiestas.;B) Hacer ejercicio y meditar.;D) Solo cuando hay un evento importante.;2;A) Improvisado, con amigos y musica.
35;Mujer;C) Ahorrando o invirtiendolo.;A) Salir a desconectarme, beber y socializar.;C) Casi nunca.;6;C) Tranquilo, en casa y preparando la semana.
27;Hombre;A) Salir a beber con amigos y fiestas.;C) Descansar en casa, planeando mi tiempo y gastos.;D) Solo cuando hay un evento importante.;6;B) Activo, haciendo deporte y comiendo.
43;Mujer;C) Ahorrando o invirtiendolo.;C) Descansar en casa, planeando mi tiempo y gastos.;B) 1 o 2 veces.;10;C) Tranquilo, en casa y preparando la semana.
17;Mujer;C) Ahorrando o invirtiendolo.;B) Hacer ejercicio y meditar.;D) Solo cuando hay un evento importante.;4;C) Tranquilo, en casa y preparando la semana.
27;Mujer;B) Gimnasio, comida y salud.;C) Descansar en casa, planeando mi tiempo y gastos.;B) 1 o 2 veces.;3;A) Improvisado, con amigos y musica.
24;Mujer;A) Salir a beber con amigos y fiestas.;C) Descansar en casa, planeando mi tiempo y gastos.;C) Casi nunca.;4;C) Tranquilo, en casa y preparando la semana.
19;Hombre;B) Gimnasio, comida y salud.;A) Salir a desconectarme, beber y socializar.;C) Casi nunca.;6;C) Tranquilo, en casa y preparando la semana.
17;Mujer;C) Ahorrando o invirtiendolo.;A) Salir a desconectarme, beber y socializar.;B) 1 o 2 veces.;7;C) Tranquilo, en casa y preparando la semana.
23;Mujer;A) Salir a beber con amigos y fiestas.;C) Descansar en casa, planeando mi tiempo y gastos.;C) Casi nunca.;7;C) Tranquilo, en casa y preparando la semana.
33;Mujer;C) Ahorrando o invirtiendolo.;C) Descansar en casa, planeando mi tiempo y gastos.;D) Solo cuando hay un evento importante.;7;A) Improvisado, con amigos y musica.
17;Mujer;C) Ahorrando o invirtiendolo.;C) Descansar en casa, planeando mi tiempo y gastos.;B) 1 o 2 veces.;4;A) Improvisado, con amigos y musica.
13;Hombre;C) Ahorrando o invirtiendolo.;B) Hacer ejercicio y meditar.;A) 4 o mas veces.;9;C) Tranquilo, en casa y preparando la semana.
13;Mujer;C) Ahorrando o invirtiendolo.;A) Salir a desconectarme, beber y socializar.;C) Casi nunca.;7;A) Improvisado, con amigos y musica.
25;Mujer;B) Gimnasio, comida y salud.;A) Salir a desconectarme, beber y socializar.;A) 4 o mas veces.;4;D) Visitando un lugar nuevo o una actividad nueva.
14;Hombre;D) Viajes, conciertos, cursos.;B) Hacer ejercicio y meditar.;D) Solo cuando hay un evento importante.;10;C) Tranquilo, en casa y preparando la semana.
26;Hombre;D) Viajes, conciertos, cursos.;B) Hacer ejercicio y meditar.;B) 1 o 2 veces.;1;A) Improvisado, con amigos y musica.
19;Mujer;A) Salir a beber con amigos y fiestas.;C) Descansar en casa, planeando mi tiempo y gastos.;D) Solo cuando hay un evento importante.;1;C) Tranquilo, en casa y preparando la semana.
34;Mujer;A) Salir a beber con amigos y fiestas.;A) Salir a desconectarme, beber y socializar.;C) Casi nunca.;5;C) Tranquilo, en casa y preparando la semana.
13;Mujer;D) Viajes, conciertos, cursos.;D) Buscar nuevas actividades o viajando.;C) Casi nunca.;3;C) Tranquilo, en casa y preparando la semana.
18;Mujer;B) Gimnasio, comida y salud.;D) Buscar nuevas actividades o viajando.;B) 1 o 2 veces.;3;C) Tranquilo, en casa y preparando la semana.
13;Mujer;C) Ahorrando o invirtiendolo.;C) Descansar en casa, planeando mi tiempo y gastos.;C) Casi nunca.;4;C) Tranquilo, en casa y preparando la semana.
30;Mujer;D) Viajes, conciertos, cursos.;D) Buscar nuevas actividades o viajando.;D) Solo cuando hay un evento importante.;7;A) Improvisado, con amigos y musica.
22;Hombre;D) Viajes, conciertos, cursos.;D) Buscar nuevas actividades o viajando.;B) 1 o 2 veces.;6;C) Tranquilo, en casa y preparando la semana.
13;Mujer;C) Ahorrando o invirtiendolo.;A) Salir a desconectarme, beber y socializar.;C) Casi nunca.;9;C) Tranquilo, en casa y preparando la semana.
29;Mujer;D) Viajes, conciertos, cursos.;A) Salir a desconectarme, beber y socializar.;D) Solo cuando hay un evento importante.;3;B) Activo, haciendo deporte y comiendo.
13;Hombre;B) Gimnasio, comida y salud.;C) Descansar en casa, planeando mi tiempo y gastos.;D) Solo cuando hay un evento importante.;8;B) Activo, haciendo deporte y comiendo.
26;Hombre;B) Gimnasio, comida y salud.;C) Descansar en casa, planeando mi tiempo y gastos.;D) Solo cuando hay un evento importante.;5;C) Tranquilo, en casa y preparando la semana.
44;Hombre;B) Gimnasio, comida y salud.;D) Buscar nuevas actividades o viajando.;A) 4 o mas veces.;4;A) Improvisado, con amigos y musica.
25;Mujer;C) Ahorrando o invirtiendolo.;C) Descansar en casa, planeando mi tiempo y gastos.;D) Solo cuando hay un evento importante.;3;C) Tranquilo, en casa y preparando la semana.
22;Mujer;D) Viajes, conciertos, cursos.;B) Hacer ejercicio y meditar.;D) Solo cuando hay un evento importante.;4;C) Tranquilo, en casa y preparando la semana.
37;Hombre;C) Ahorrando o invirtiendolo.;B) Hacer ejercicio y meditar.;B) 1 o 2 veces.;3;A) Improvisado, con amigos y musica.
21;Mujer;A) Salir a beber con amigos y fiestas.;B) Hacer ejercicio y meditar.;D) Solo cuando hay un evento importante.;5;C) Tranquilo, en casa y preparando la semana.
25;Hombre;B) Gimnasio, comida y salud.;C) Descansar en casa, planeando mi tiempo y gastos.;B) 1 o 2 veces.;1;D) Visitando un lugar nuevo o una actividad nueva.
13;Mujer;D) Viajes, conciertos, cursos.;D) Buscar nuevas actividades o viajando.;B) 1 o 2 veces.;4;C) Tranquilo, en casa y preparando la semana.
26;Hombre;A) Salir a beber con amigos y fiestas.;B) Hacer ejercicio y meditar.;C) Casi nunca.;2;B) Activo, haciendo deporte y comiendo.
13;Hombre;C) Ahorrando o invirtiendolo.;B) Hacer ejercicio y meditar.;B) 1 o 2 veces.;9;C) Tranquilo, en casa y preparando la semana.
39;Mujer;B) Gimnasio, comida y salud.;D) Buscar nuevas actividades o viajando.;C) Casi nunca.;2;A) Improvisado, con amigos y musica.
17;Mujer;D) Viajes, conciertos, cursos.;D) Buscar nuevas actividades o viajando.;C) Casi nunca.;10;C) Tranquilo, en casa y preparando la semana.
18;Mujer;C) Ahorrando o invirtiendolo.;C) Descansar en casa, planeando mi tiempo y gastos.;B) 1 o 2 veces.;5;D) Visitando un lugar nuevo o una actividad nueva.
31;Mujer;B) Gimnasio, comida y salud.;A) Salir a desconectarme, beber y socializar.;B) 1 o 2 veces.;2;C) Tranquilo, en casa y preparando la semana.
16;Hombre;B) Gimnasio, comida y salud.;A) Salir a desconectarme, beber y socializar.;C) Casi nunca.;5;C) Tranquilo, en casa y preparando la semana.
13;Mujer;C) Ahorrando o invirtiendolo.;D) Buscar nuevas actividades o viajando.;D) Solo cuando hay un evento importante.;7;D) Visitando un lugar nuevo o una actividad nueva.
24;Hombre;B) Gimnasio, comida y salud.;B) Hacer ejercicio y meditar.;A) 4 o mas veces.;6;A) Improvisado, con amigos y musica.
30;Mujer;D) Viajes, conciertos, cursos.;C) Descansar en casa, planeando mi tiempo y gastos.;B) 1 o 2 veces.;5;C) Tranquilo, en casa y preparando la semana.
35;Mujer;D) Viajes, conciertos, cursos.;C) Descansar en casa, planeando mi tiempo y gastos.;C) Casi nunca.;3;C) Tranquilo, en casa y preparando la semana.
35;Hombre;B) Gimnasio, comida y salud.;D) Buscar nuevas actividades o viajando.;B) 1 o 2 veces.;7;B) Activo, haciendo deporte y comiendo.
51;Mujer;C) Ahorrando o invirtiendolo.;A) Salir a desconectarme, beber y socializar.;C) Casi nunca.;8;A) Improvisado, con amigos y musica.
13;Mujer;D) Viajes, conciertos, cursos.;B) Hacer ejercicio y meditar.;B) 1 o 2 veces.;10;C) Tranquilo, en casa y preparando la semana.
13;Hombre;C) Ahorrando o invirtiendolo.;D) Buscar nuevas actividades o viajando.;D) Solo cuando hay un evento importante.;7;C) Tranquilo, en casa y preparando la semana.
16;Mujer;C) Ahorrando o invirtiendolo.;A) Salir a desconectarme, beber y socializar.;C) Casi nunca.;4;A) Improvisado, con amigos y musica.
36;Hombre;A) Salir a beber con amigos y fiestas.;B) Hacer ejercicio y meditar.;D) Solo cuando hay un evento importante.;4;A) Improvisado, con amigos y musica.
16;Hombre;B) Gimnasio, comida y salud.;D) Buscar nuevas actividades o viajando.;D) Solo cuando hay un evento importante.;8;C) Tranquilo, en casa y preparando la semana.
24;Mujer;D) Viajes, conciertos, cursos.;C) Descansar en casa, planeando mi tiempo y gastos.;B) 1 o 2 veces.;4;C) Tranquilo, en casa y preparando la semana.
37;Hombre;B) Gimnasio, comida y salud.;C) Descansar en casa, planeando mi tiempo y gastos.;C) Casi nunca.;2;C) Tranquilo, en casa y preparando la semana.
22;Hombre;A) Salir a beber con amigos y fiestas.;B) Hacer ejercicio y meditar.;C) Casi nunca.;5;C) Tranquilo, en casa y preparando la semana.
23;Mujer;B) Gimnasio, comida y salud.;C) Descansar en casa, planeando mi tiempo y gastos.;C) Casi nunca.;6;C) Tranquilo, en casa y preparando la semana.
28;Mujer;B) Gimnasio, comida y salud.;A) Salir a desconectarme, beber y socializar.;D) Solo cuando hay un evento importante.;7;C) Tranquilo, en casa y preparando la semana.
13;Mujer;B) Gimnasio, comida y salud.;A) Salir a desconectarme, beber y socializar.;B) 1 o 2 veces.;4;C) Tranquilo, en casa y preparando la semana.
15;Mujer;B) Gimnasio, comida y salud.;C) Descansar en casa, planeando mi tiempo y gastos.;C) Casi nunca.;6;C) Tranquilo, en casa y preparando la semana.
27;Hombre;B) Gimnasio, comida y salud.;A) Salir a desconectarme, beber y socializar.;C) Casi nunca.;6;C) Tranquilo, en casa y preparando la semana.
15;Hombre;B) Gimnasio, comida y salud.;C) Descansar en casa, planeando mi tiempo y gastos.;B) 1 o 2 veces.;7;C) Tranquilo, en casa y preparando la semana.
27;Hombre;B) Gimnasio, comida y salud.;C) Descansar en casa, planeando mi tiempo y gastos.;D) Solo cuando hay un evento importante.;2;A) Improvisado, con amigos y musica.
31;Hombre;C) Ahorrando o invirtiendolo.;B) Hacer ejercicio y meditar.;C) Casi nunca.;5;C) Tranquilo, en casa y preparando la semana.
37;Mujer;A) Salir a beber con amigos y fiestas.;C) Descansar en casa, planeando mi tiempo y gastos.;A) 4 o mas veces.;6;C) Tranquilo, en casa y preparando la semana.
33;Mujer;B) Gimnasio, comida y salud.;B) Hacer ejercicio y meditar.;B) 1 o 2 veces.;5;A) Improvisado, con amigos y musica.
43;Mujer;C) Ahorrando o invirtiendolo.;D) Buscar nuevas actividades o viajando.;D) Solo cuando hay un evento importante.;3;C) Tranquilo, en casa y preparando la semana.
14;Mujer;C) Ahorrando o invirtiendolo.;B) Hacer ejercicio y meditar.;D) Solo cuando hay un evento importante.;10;A) Improvisado, con amigos y musica.
41;Mujer;B) Gimnasio, comida y salud.;A) Salir a desconectarme, beber y socializar.;C) Casi nunca.;2;C) Tranquilo, en casa y preparando la semana.
13;Mujer;B) Gimnasio, comida y salud.;C) Descansar en casa, planeando mi tiempo y gastos.;D) Solo cuando hay un evento importante.;2;C) Tranquilo, en casa y preparando la semana.
13;Mujer;B) Gimnasio, comida y salud.;C) Descansar en casa, planeando mi tiempo y gastos.;A) 4 o mas veces.;4;C) Tranquilo, en casa y preparando la semana.
13;Hombre;B) Gimnasio, comida y salud.;C) Descansar en casa, planeando mi tiempo y gastos.;C) Casi nunca.;5;B) Activo, haciendo deporte y comiendo.
24;Hombre;B) Gimnasio, comida y salud.;C) Descansar en casa, planeando mi tiempo y gastos.;C) Casi nunca.;8;C) Tranquilo, en casa y preparando la semana.
13;Hombre;A) Salir a beber con amigos y fiestas.;B) Hacer ejercicio y meditar.;C) Casi nunca.;1;C) Tranquilo, en casa y preparando la semana.
46;Mujer;C) Ahorrando o invirtiendolo.;B) Hacer ejercicio y meditar.;D) Solo cuando hay un evento importante.;4;A) Improvisado, con amigos y musica.
29;Mujer;B) Gimnasio, comida y salud.;B) Hacer ejercicio y meditar.;B) 1 o 2 veces.;7;A) Improvisado, con amigos y musica.
28;Mujer;B) Gimnasio, comida y salud.;C) Descansar en casa, planeando mi tiempo y gastos.;D) Solo cuando hay un evento importante.;9;C) Tranquilo, en casa y preparando la semana.
31;Hombre;D) Viajes, conciertos, cursos.;C) Descansar en casa, planeando mi tiempo y gastos.;C) Casi nunca.;6;C) Tranquilo, en casa y preparando la semana.
17;Hombre;D) Viajes, conciertos, cursos.;C) Descansar en casa, planeando mi tiempo y gastos.;D) Solo cuando hay un evento importante.;7;D) Visitando un lugar nuevo o una actividad nueva.
26;Mujer;B) Gimnasio, comida y salud.;A) Salir a desconectarme, beber y socializar.;D) Solo cuando hay un evento importante.;2;A) Improvisado, con amigos y musica.
30;Mujer;C) Ahorrando o invirtiendolo.;C) Descansar en casa, planeando mi tiempo y gastos.;B) 1 o 2 veces.;9;C) Tranquilo, en casa y preparando la semana.
14;Mujer;C) Ahorrando o invirtiendolo.;D) Buscar nuevas actividades o viajando.;B) 1 o 2 veces.;10;C) Tranquilo, en casa y preparando la semana.
31;Mujer;C) Ahorrando o invirtiendolo.;C) Descansar en casa, planeando mi tiempo y gastos.;B) 1 o 2 veces.;7;C) Tranquilo, en casa y preparando la semana.
13;Mujer;D) Viajes, conciertos, cursos.;C) Descansar en casa, planeando mi tiempo y gastos.;B) 1 o 2 veces.;5;C) Tranquilo, en casa y preparando la semana.
36;Hombre;C) Ahorrando o invirtiendolo.;C) Descansar en casa, planeando mi tiempo y gastos.;B) 1 o 2 veces.;7;D) Visitando un lugar nuevo o una actividad nueva.
57;Hombre;B) Gimnasio, comida y salud.;B) Hacer ejercicio y meditar.;B) 1 o 2 veces.;4;C) Tranquilo, en casa y preparando la semana.
20;Mujer;C) Ahorrando o invirtiendolo.;B) Hacer ejercicio y meditar.;B) 1 o 2 veces.;5;B) Activo, haciendo deporte y comiendo.
14;Mujer;C) Ahorrando o invirtiendolo.;B) Hacer ejercicio y meditar.;B) 1 o 2 veces.;4;B) Activo, haciendo deporte y comiendo.
13;Mujer;C) Ahorrando o invirtiendolo.;B) Hacer ejercicio y meditar.;C) Casi nunca.;10;C) Tranquilo, en casa y preparando la semana.
15;Mujer;B) Gimnasio, comida y salud.;B) Hacer ejercicio y meditar.;C) Casi nunca.;5;A) Improvisado, con amigos y musica.
13;Hombre;C) Ahorrando o invirtiendolo.;A) Salir a desconectarme, beber y socializar.;C) Casi nunca.;4;C) Tranquilo, en casa y preparando la semana.
25;Mujer;B) Gimnasio, comida y salud.;B) Hacer ejercicio y meditar.;D) Solo cuando hay un evento importante.;3;C) Tranquilo, en casa y preparando la semana.
25;Mujer;C) Ahorrando o invirtiendolo.;C) Descansar en casa, planeando mi tiempo y gastos.;D) Solo cuando hay un evento importante.;3;C) Tranquilo, en casa y preparando la semana.
35;Mujer;B) Gimnasio, comida y salud.;A) Salir a desconectarme, beber y socializar.;D) Solo cuando hay un evento importante.;6;C) Tranquilo, en casa y preparando la semana.
21;Hombre;C) Ahorrando o invirtiendolo.;B) Hacer ejercicio y meditar.;D) Solo cuando hay un evento importante.;7;A) Improvisado, con amigos y musica.
25;Hombre;D) Viajes, conciertos, cursos.;B) Hacer ejercicio y meditar.;D) Solo cuando hay un evento importante.;1;A) Improvisado, con amigos y musica.
13;Mujer;A) Salir a beber con amigos y fiestas.;B) Hacer ejercicio y meditar.;D) Solo cuando hay un evento importante.;5;B) Activo, haciendo deporte y comiendo.
20;Mujer;B) Gimnasio, comida y salud.;D) Buscar nuevas actividades o viajando.;D) Solo cuando hay un evento importante.;6;A) Improvisado, con amigos y musica.
44;Mujer;D) Viajes, conciertos, cursos.;D) Buscar nuevas actividades o viajando.;B) 1 o 2 veces.;6;C) Tranquilo, en casa y preparando la semana.
24;Mujer;A) Salir a beber con amigos y fiestas.;B) Hacer ejercicio y meditar.;A) 4 o mas veces.;3;C) Tranquilo, en casa y preparando la semana.
28;Mujer;B) Gimnasio, comida y salud.;D) Buscar nuevas actividades o viajando.;C) Casi nunca.;4;B) Activo, haciendo deporte y comiendo.
21;Mujer;A) Salir a beber con amigos y fiestas.;C) Descansar en casa, planeando mi tiempo y gastos.;D) Solo cuando hay un evento importante.;5;C) Tranquilo, en casa y preparando la semana.
18;Hombre;B) Gimnasio, comida y salud.;A) Salir a desconectarme, beber y socializar.;C) Casi nunca.;9;C) Tranquilo, en casa y preparando la semana.
33;Hombre;C) Ahorrando o invirtiendolo.;D) Buscar nuevas actividades o viajando.;B) 1 o 2 veces.;8;C) Tranquilo, en casa y preparando la semana.
17;Mujer;A) Salir a beber con amigos y fiestas.;A) Salir a desconectarme, beber y socializar.;D) Solo cuando hay un evento importante.;5;C) Tranquilo, en casa y preparando la semana.
28;Hombre;A) Salir a beber con amigos y fiestas.;B) Hacer ejercicio y meditar.;D) Solo cuando hay un evento importante.;6;C) Tranquilo, en casa y preparando la semana.
41;Mujer;A) Salir a beber con amigos y fiestas.;D) Buscar nuevas actividades o viajando.;C) Casi nunca.;5;C) Tranquilo, en casa y preparando la semana.
65;Mujer;C) Ahorrando o invirtiendolo.;B) Hacer ejercicio y meditar.;C) Casi nunca.;3;B) Activo, haciendo deporte y comiendo.
44;Mujer;B) Gimnasio, comida y salud.;C) Descansar en casa, planeando mi tiempo y gastos.;C) Casi nunca.;9;C) Tranquilo, en casa y preparando la semana.
32;Mujer;B) Gimnasio, comida y salud.;A) Salir a desconectarme, beber y socializar.;B) 1 o 2 veces.;5;C) Tranquilo, en casa y preparando la semana.
13;Mujer;A) Salir a beber con amigos y fiestas.;B) Hacer ejercicio y meditar.;C) Casi nunca.;3;C) Tranquilo, en casa y preparando la semana.
17;Mujer;C) Ahorrando o invirtiendolo.;D) Buscar nuevas actividades o viajando.;A) 4 o mas veces.;1;A) Improvisado, con amigos y musica.
28;Mujer;D) Viajes, conciertos, cursos.;A) Salir a desconectarme, beber y socializar.;D) Solo cuando hay un evento importante.;4;C) Tranquilo, en casa y preparando la semana.
23;Mujer;B) Gimnasio, comida y salud.;A) Salir a desconectarme, beber y socializar.;B) 1 o 2 veces.;1;A) Improvisado, con amigos y musica.
14;Hombre;B) Gimnasio, comida y salud.;B) Hacer ejercicio y meditar.;B) 1 o 2 veces.;4;C) Tranquilo, en casa y preparando la semana.
36;Mujer;D) Viajes, conciertos, cursos.;D) Buscar nuevas actividades o viajando.;C) Casi nunca.;2;D) Visitando un lugar nuevo o una actividad nueva.
22;Hombre;D) Viajes, conciertos, cursos.;B) Hacer ejercicio y meditar.;C) Casi nunca.;6;A) Improvisado, con amigos y musica.
29;Hombre;D) Viajes, conciertos, cursos.;B) Hacer ejercicio y meditar.;B) 1 o 2 veces.;1;C) Tranquilo, en casa y preparando la semana.
24;Mujer;D) Viajes, conciertos, cursos.;C) Descansar en casa, planeando mi tiempo y gastos.;D) Solo cuando hay un evento importante.;2;A) Improvisado, con amigos y musica.
34;Hombre;B) Gimnasio, comida y salud.;B) Hacer ejercicio y meditar.;C) Casi nunca.;4;C) Tranquilo, en casa y preparando la semana.
32;Mujer;D) Viajes, conciertos, cursos.;C) Descansar en casa, planeando mi tiempo y gastos.;B) 1 o 2 veces.;3;C) Tranquilo, en casa y preparando la semana.
14;Mujer;C) Ahorrando o invirtiendolo.;D) Buscar nuevas actividades o viajando.;C) Casi nunca.;7;A) Improvisado, con amigos y musica.
33;Mujer;C) Ahorrando o invirtiendolo.;C) Descansar en casa, planeando mi tiempo y gastos.;D) Solo cuando hay un evento importante.;1;C) Tranquilo, en casa y preparando la semana.
13;Mujer;B) Gimnasio, comida y salud.;B) Hacer ejercicio y meditar.;B) 1 o 2 veces.;7;C) Tranquilo, en casa y preparando la semana.
33;Hombre;B) Gimnasio, comida y salud.;D) Buscar nuevas actividades o viajando.;B) 1 o 2 veces.;4;A) Improvisado, con amigos y musica.
36;Mujer;C) Ahorrando o invirtiendolo.;B) Hacer ejercicio y meditar.;A) 4 o mas veces.;5;C) Tranquilo, en casa y preparando la semana.
24;Hombre;A) Salir a beber con amigos y fiestas.;B) Hacer ejercicio y meditar.;B) 1 o 2 veces.;6;C) Tranquilo, en casa y preparando la semana.
38;Mujer;C) Ahorrando o invirtiendolo.;C) Descansar en casa, planeando mi tiempo y gastos.;D) Solo cuando hay un evento importante.;7;C) Tranquilo, en casa y preparando la semana.
15;Hombre;B) Gimnasio, comida y salud.;D) Buscar nuevas actividades o viajando.;C) Casi nunca.;2;C) Tranquilo, en casa y preparando la semana.
17;Hombre;D) Viajes, conciertos, cursos.;A) Salir a desconectarme, beber y socializar.;C) Casi nunca.;3;A) Improvisado, con amigos y musica.
25;Hombre;D) Viajes, conciertos, cursos.;A) Salir a desconectarme, beber y socializar.;D) Solo cuando hay un evento importante.;5;C) Tranquilo, en casa y preparando la semana.
20;Mujer;B) Gimnasio, comida y salud.;A) Salir a desconectarme, beber y socializar.;B) 1 o 2 veces.;8;A) Improvisado, con amigos y musica.
31;Mujer;A) Salir a beber con amigos y fiestas.;B) Hacer ejercicio y meditar.;C) Casi nunca.;1;A) Improvisado, con amigos y musica.
19;Mujer;C) Ahorrando o invirtiendolo.;B) Hacer ejercicio y meditar.;B) 1 o 2 veces.;5;A) Improvisado, con amigos y musica.
18;Mujer;B) Gimnasio, comida y salud.;C) Descansar en casa, planeando mi tiempo y gastos.;C) Casi nunca.;5;C) Tranquilo, en casa y preparando la semana.
29;Mujer;A) Salir a beber con amigos y fiestas.;C) Descansar en casa, planeando mi tiempo y gastos.;C) Casi nunca.;8;C) Tranquilo, en casa y preparando la semana.
21;Mujer;D) Viajes, conciertos, cursos.;C) Descansar en casa, planeando mi tiempo y gastos.;C) Casi nunca.;5;C) Tranquilo, en casa y preparando la semana.
26;Hombre;D) Viajes, conciertos, cursos.;D) Buscar nuevas actividades o viajando.;B) 1 o 2 veces.;8;D) Visitando un lugar nuevo o una actividad nueva.
34;Mujer;C) Ahorrando o invirtiendolo.;D) Buscar nuevas actividades o viajando.;D) Solo cuando hay un evento importante.;6;C) Tranquilo, en casa y preparando la semana.
41;Mujer;A) Salir a beber con amigos y fiestas.;D) Buscar nuevas actividades o viajando.;B) 1 o 2 veces.;5;A) Improvisado, con amigos y musica.
13;Mujer;C) Ahorrando o invirtiendolo.;A) Salir a desconectarme, beber y socializar.;D) Solo cuando hay un evento importante.;7;C) Tranquilo, en casa y preparando la semana.
57;Hombre;A) Salir a beber con amigos y fiestas.;A) Salir a desconectarme, beber y socializar.;B) 1 o 2 veces.;7;C) Tranquilo, en casa y preparando la semana.
22;Hombre;B) Gimnasio, comida y salud.;B) Hacer ejercicio y meditar.;A) 4 o mas veces.;8;C) Tranquilo, en casa y preparando la semana.
33;Mujer;A) Salir a beber con amigos y fiestas.;A) Salir a desconectarme, beber y socializar.;A) 4 o mas veces.;7;C) Tranquilo, en casa y preparando la semana.
15;Mujer;A) Salir a beber con amigos y fiestas.;B) Hacer ejercicio y meditar.;D) Solo cuando hay un evento importante.;6;C) Tranquilo, en casa y preparando la semana.
31;Hombre;C) Ahorrando o invirtiendolo.;A) Salir a desconectarme, beber y socializar.;B) 1 o 2 veces.;6;C) Tranquilo, en casa y preparando la semana.
13;Mujer;C) Ahorrando o invirtiendolo.;C) Descansar en casa, planeando mi tiempo y gastos.;C) Casi nunca.;5;A) Improvisado, con amigos y musica.
31;Mujer;A) Salir a beber con amigos y fiestas.;C) Descansar en casa, planeando mi tiempo y gastos.;C) Casi nunca.;6;B) Activo, haciendo deporte y comiendo.
39;Hombre;A) Salir a beber con amigos y fiestas.;C) Descansar en casa, planeando mi tiempo y gastos.;A) 4 o mas veces.;1;D) Visitando un lugar nuevo o una actividad nueva.
18;Mujer;C) Ahorrando o invirtiendolo.;C) Descansar en casa, planeando mi tiempo y gastos.;D) Solo cuando hay un evento importante.;10;A) Improvisado, con amigos y musica.
34;Mujer;B) Gimnasio, comida y salud.;C) Descansar en casa, planeando mi tiempo y gastos.;D) Solo cuando hay un evento importante.;4;C) Tranquilo, en casa y preparando la semana.
25;Mujer;B) Gimnasio, comida y salud.;C) Descansar en casa, planeando mi tiempo y gastos.;A) 4 o mas veces.;6;D) Visitando un lugar nuevo o una actividad nueva.
26;Mujer;C) Ahorrando o invirtiendolo.;B) Hacer ejercicio y meditar.;D) Solo cuando hay un evento importante.;9;C) Tranquilo, en casa y preparando la semana.
20;Hombre;B) Gimnasio, comida y salud.;C) Descansar en casa, planeando mi tiempo y gastos.;A) 4 o mas veces.;9;D) Visitando un lugar nuevo o una actividad nueva.
19;Hombre;A) Salir a beber con amigos y fiestas.;D) Buscar nuevas actividades o viajando.;C) Casi nunca.;10;C) Tranquilo, en casa y preparando la semana.
65;Mujer;C) Ahorrando o invirtiendolo.;C) Descansar en casa, planeando mi tiempo y gastos.;C) Casi nunca.;8;C) Tranquilo, en casa y preparando la semana.
15;Mujer;B) Gimnasio, comida y salud.;A) Salir a desconectarme, beber y socializar.;C) Casi nunca.;5;A) Improvisado, con amigos y musica.
34;Hombre;B) Gimnasio, comida y salud.;C) Descansar en casa, planeando mi tiempo y gastos.;B) 1 o 2 veces.;3;C) Tranquilo, en casa y preparando la semana.
39;Mujer;A) Salir a beber con amigos y fiestas.;C) Descansar en casa, planeando mi tiempo y gastos.;D) Solo cuando hay un evento importante.;5;C) Tranquilo, en casa y preparando la semana.
28;Hombre;A) Salir a beber con amigos y fiestas.;A) Salir a desconectarme, beber y socializar.;B) 1 o 2 veces.;8;A) Improvisado, con amigos y musica.
44;Mujer;B) Gimnasio, comida y salud.;B) Hacer ejercicio y meditar.;C) Casi nunca.;10;C) Tranquilo, en casa y preparando la semana.
13;Hombre;C) Ahorrando o invirtiendolo.;B) Hacer ejercicio y meditar.;C) Casi nunca.;2;B) Activo, haciendo deporte y comiendo.
32;Hombre;A) Salir a beber con amigos y fiestas.;B) Hacer ejercicio y meditar.;C) Casi nunca.;4;B) Activo, haciendo deporte y comiendo.
18;Hombre;B) Gimnasio, comida y salud.;B) Hacer ejercicio y meditar.;B) 1 o 2 veces.;5;C) Tranquilo, en casa y preparando la semana.
25;Hombre;A) Salir a beber con amigos y fiestas.;A) Salir a desconectarme, beber y socializar.;C) Casi nunca.;7;C) Tranquilo, en casa y preparando la semana.
31;Hombre;B) Gimnasio, comida y salud.;C) Descansar en casa, planeando mi tiempo y gastos.;D) Solo cuando hay un evento importante.;4;D) Visitando un lugar nuevo o una actividad nueva.
42;Mujer;C) Ahorrando o invirtiendolo.;B) Hacer ejercicio y meditar.;C) Casi nunca.;6;C) Tranquilo, en casa y preparando la semana.
38;Mujer;C) Ahorrando o invirtiendolo.;C) Descansar en casa, planeando mi tiempo y gastos.;C) Casi nunca.;4;B) Activo, haciendo deporte y comiendo.
18;Mujer;C) Ahorrando o invirtiendolo.;C) Descansar en casa, planeando mi tiempo y gastos.;C) Casi nunca.;10;C) Tranquilo, en casa y preparando la semana.
13;Mujer;D) Viajes, conciertos, cursos.;D) Buscar nuevas actividades o viajando.;D) Solo cuando hay un evento importante.;3;C) Tranquilo, en casa y preparando la semana.
13;Mujer;A) Salir a beber con amigos y fiestas.;A) Salir a desconectarme, beber y socializar.;C) Casi nunca.;3;C) Tranquilo, en casa y preparando la semana.
32;Hombre;A) Salir a beber con amigos y fiestas.;C) Descansar en casa, planeando mi tiempo y gastos.;B) 1 o 2 veces.;6;C) Tranquilo, en casa y preparando la semana.
23;Mujer;D) Viajes, conciertos, cursos.;B) Hacer ejercicio y meditar.;C) Casi nunca.;6;C) Tranquilo, en casa y preparando la semana.
17;Hombre;C) Ahorrando o invirtiendolo.;B) Hacer ejercicio y meditar.;B) 1 o 2 veces.;2;C) Tranquilo, en casa y preparando la semana.
13;Mujer;A) Salir a beber con amigos y fiestas.;C) Descansar en casa, planeando mi tiempo y gastos.;B) 1 o 2 veces.;3;A) Improvisado, con amigos y musica.
34;Mujer;B) Gimnasio, comida y salud.;C) Descansar en casa, planeando mi tiempo y gastos.;C) Casi nunca.;1;A) Improvisado, con amigos y musica.
33;Mujer;A) Salir a beber con amigos y fiestas.;A) Salir a desconectarme, beber y socializar.;C) Casi nunca.;5;A) Improvisado, con amigos y musica.
18;Mujer;D) Viajes, conciertos, cursos.;A) Salir a desconectarme, beber y socializar.;C) Casi nunca.;3;C) Tranquilo, en casa y preparando la semana.
13;Hombre;C) Ahorrando o invirtiendolo.;A) Salir a desconectarme, beber y socializar.;D) Solo cuando hay un evento importante.;8;C) Tranquilo, en casa y preparando la semana.
32;Mujer;B) Gimnasio, comida y salud.;B) Hacer ejercicio y meditar.;B) 1 o 2 veces.;5;A) Improvisado, con amigos y musica.
34;Hombre;A) Salir a beber con amigos y fiestas.;A) Salir a desconectarme, beber y socializar.;B) 1 o 2 veces.;6;C) Tranquilo, en casa y preparando la semana.
33;Mujer;C) Ahorrando o invirtiendolo.;C) Descansar en casa, planeando mi tiempo y gastos.;A) 4 o mas veces.;7;C) Tranquilo, en casa y preparando la semana.
35;Mujer;B) Gimnasio, comida y salud.;C) Descansar en casa, planeando mi tiempo y gastos.;B) 1 o 2 veces.;6;C) Tranquilo, en casa y preparando la semana.
49;Mujer;B) Gimnasio, comida y salud.;C) Descansar en casa, planeando mi tiempo y gastos.;A) 4 o mas veces.;10;C) Tranquilo, en casa y preparando la semana.
37;Mujer;B) Gimnasio, comida y salud.;C) Descansar en casa, planeando mi tiempo y gastos.;C) Casi nunca.;8;C) Tranquilo, en casa y preparando la semana.
32;Mujer;B) Gimnasio, comida y salud.;B) Hacer ejercicio y meditar.;C) Casi nunca.;7;C) Tranquilo, en casa y preparando la semana.
30;Hombre;B) Gimnasio, comida y salud.;C) Descansar en casa, planeando mi tiempo y gastos.;C) Casi nunca.;8;C) Tranquilo, en casa y preparando la semana.
25;Mujer;A) Salir a beber con amigos y fiestas.;A) Salir a desconectarme, beber y socializar.;D) Solo cuando hay un evento importante.;5;C) Tranquilo, en casa y preparando la semana.
44;Hombre;D) Viajes, conciertos, cursos.;A) Salir a desconectarme, beber y socializar.;B) 1 o 2 veces.;5;C) Tranquilo, en casa y preparando la semana.
44;Mujer;A) Salir a beber con amigos y fiestas.;A) Salir a desconectarme, beber y socializar.;B) 1 o 2 veces.;8;D) Visitando un lugar nuevo o una actividad nueva.
13;Mujer;B) Gimnasio, comida y salud.;B) Hacer ejercicio y meditar.;D) Solo cuando hay un evento importante.;6;C) Tranquilo, en casa y preparando la semana.
24;Mujer;D) Viajes, conciertos, cursos.;C) Descansar en casa, planeando mi tiempo y gastos.;D) Solo cuando hay un evento importante.;6;C) Tranquilo, en casa y preparando la semana.
41;Mujer;C) Ahorrando o invirtiendolo.;A) Salir a desconectarme, beber y socializar.;C) Casi nunca.;7;B) Activo, haciendo deporte y comiendo.
34;Mujer;B) Gimnasio, comida y salud.;C) Descansar en casa, planeando mi tiempo y gastos.;D) Solo cuando hay un evento importante.;4;A) Improvisado, con amigos y musica.
30;Mujer;B) Gimnasio, comida y salud.;A) Salir a desconectarme, beber y socializar.;C) Casi nunca.;1;A) Improvisado, con amigos y musica.
17;Mujer;D) Viajes, conciertos, cursos.;C) Descansar en casa, planeando mi tiempo y gastos.;D) Solo cuando hay un evento importante.;4;C) Tranquilo, en casa y preparando la semana.
16;Hombre;A) Salir a beber con amigos y fiestas.;B) Hacer ejercicio y meditar.;B) 1 o 2 veces.;3;C) Tranquilo, en casa y preparando la semana.
28;Hombre;C) Ahorrando o invirtiendolo.;A) Salir a desconectarme, beber y socializar.;B) 1 o 2 veces.;7;A) Improvisado, con amigos y musica.
25;Mujer;D) Viajes, conciertos, cursos.;C) Descansar en casa, planeando mi tiempo y gastos.;D) Solo cuando hay un evento importante.;5;C) Tranquilo, en casa y preparando la semana.
36;Mujer;D) Viajes, conciertos, cursos.;B) Hacer ejercicio y meditar.;B) 1 o 2 veces.;3;A) Improvisado, con amigos y musica.
26;Mujer;C) Ahorrando o invirtiendolo.;B) Hacer ejercicio y meditar.;B) 1 o 2 veces.;6;C) Tranquilo, en casa y preparando la semana.
19;Hombre;B) Gimnasio, comida y salud.;C) Descansar en casa, planeando mi tiempo y gastos.;B) 1 o 2 veces.;3;C) Tranquilo, en casa y preparando la semana.
17;Hombre;A) Salir a beber con amigos y fiestas.;C) Descansar en casa, planeando mi tiempo y gastos.;D) Solo cuando hay un evento importante.;8;A) Improvisado, con amigos y musica.
22;Mujer;B) Gimnasio, comida y salud.;C) Descansar en casa, planeando mi tiempo y gastos.;C) Casi nunca.;7;A) Improvisado, con amigos y musica.
13;Mujer;C) Ahorrando o invirtiendolo.;C) Descansar en casa, planeando mi tiempo y gastos.;C) Casi nunca.;1;C) Tranquilo, en casa y preparando la semana.
34;Hombre;C) Ahorrando o invirtiendolo.;C) Descansar en casa, planeando mi tiempo y gastos.;C) Casi nunca.;3;D) Visitando un lugar nuevo o una actividad nueva.
25;Mujer;A) Salir a beber con amigos y fiestas.;A) Salir a desconectarme, beber y socializar.;A) 4 o mas veces.;8;A) Improvisado, con amigos y musica.
24;Mujer;D) Viajes, conciertos, cursos.;B) Hacer ejercicio y meditar.;A) 4 o mas veces.;5;C) Tranquilo, en casa y preparando la semana.
22;Hombre;C) Ahorrando o invirtiendolo.;B) Hacer ejercicio y meditar.;D) Solo cuando hay un evento importante.;2;B) Activo, haciendo deporte y comiendo.
13;Mujer;B) Gimnasio, comida y salud.;A) Salir a desconectarme, beber y socializar.;C) Casi nunca.;4;C) Tranquilo, en casa y preparando la semana.
37;Mujer;B) Gimnasio, comida y salud.;A) Salir a desconectarme, beber y socializar.;D) Solo cuando hay un evento importante.;4;C) Tranquilo, en casa y preparando la semana.
24;Hombre;B) Gimnasio, comida y salud.;C) Descansar en casa, planeando mi tiempo y gastos.;D) Solo cuando hay un evento importante.;1;C) Tranquilo, en casa y preparando la semana.
30;Hombre;A) Salir a beber con amigos y fiestas.;B) Hacer ejercicio y meditar.;B) 1 o 2 veces.;5;C) Tranquilo, en casa y preparando la semana.
18;Mujer;B) Gimnasio, comida y salud.;A) Salir a desconectarme, beber y socializar.;C) Casi nunca.;4;C) Tranquilo, en casa y preparando la semana.
37;Mujer;B) Gimnasio, comida y salud.;D) Buscar nuevas actividades o viajando.;C) Casi nunca.;6;C) Tranquilo, en casa y preparando la semana.
21;Mujer;A) Salir a beber con amigos y fiestas.;B) Hacer ejercicio y meditar.;C) Casi nunca.;6;C) Tranquilo, en casa y preparando la semana.
35;Mujer;A) Salir a beber con amigos y fiestas.;B) Hacer ejercicio y meditar.;C) Casi nunca.;1;A) Improvisado, con amigos y musica.
19;Mujer;D) Viajes, conciertos, cursos.;C) Descansar en casa, planeando mi tiempo y gastos.;C) Casi nunca.;7;A) Improvisado, con amigos y musica.
19;Mujer;D) Viajes, conciertos, cursos.;B) Hacer ejercicio y meditar.;C) Casi nunca.;5;B) Activo, haciendo deporte y comiendo.
13;Hombre;B) Gimnasio, comida y salud.;B) Hacer ejercicio y meditar.;D) Solo cuando hay un evento importante.;7;D) Visitando un lugar nuevo o una actividad nueva.
25;Hombre;B) Gimnasio, comida y salud.;A) Salir a desconectarme, beber y socializar.;B) 1 o 2 veces.;2;C) Tranquilo, en casa y preparando la semana.
61;Mujer;B) Gimnasio, comida y salud.;C) Descansar en casa, planeando mi tiempo y gastos.;B) 1 o 2 veces.;4;D) Visitando un lugar nuevo o una actividad nueva.
13;Mujer;C) Ahorrando o invirtiendolo.;D) Buscar nuevas actividades o viajando.;B) 1 o 2 veces.;7;C) Tranquilo, en casa y preparando la semana.
13;Hombre;D) Viajes, conciertos, cursos.;B) Hacer ejercicio y meditar.;A) 4 o mas veces.;3;B) Activo, haciendo deporte y comiendo.
32;Hombre;B) Gimnasio, comida y salud.;D) Buscar nuevas actividades o viajando.;C) Casi nunca.;2;D) Visitando un lugar nuevo o una actividad nueva.
37;Mujer;D) Viajes, conciertos, cursos.;A) Salir a desconectarme, beber y socializar.;C) Casi nunca.;3;C) Tranquilo, en casa y preparando la semana.
40;Hombre;B) Gimnasio, comida y salud.;B) Hacer ejercicio y meditar.;A) 4 o mas veces.;1;A) Improvisado, con amigos y musica.
21;Mujer;C) Ahorrando o invirtiendolo.;C) Descansar en casa, planeando mi tiempo y gastos.;C) Casi nunca.;4;B) Activo, haciendo deporte y comiendo.
26;Hombre;D) Viajes, conciertos, cursos.;B) Hacer ejercicio y meditar.;B) 1 o 2 veces.;4;B) Activo, haciendo deporte y comiendo.
25;Hombre;D) Viajes, conciertos, cursos.;A) Salir a desconectarme, beber y socializar.;D) Solo cuando hay un evento importante.;5;D) Visitando un lugar nuevo o una actividad nueva.
34;Hombre;C) Ahorrando o invirtiendolo.;D) Buscar nuevas actividades o viajando.;C) Casi nunca.;5;B) Activo, haciendo deporte y comiendo.
16;Hombre;A) Salir a beber con amigos y fiestas.;A) Salir a desconectarme, beber y socializar.;B) 1 o 2 veces.;8;A) Improvisado, con amigos y musica.
34;Mujer;A) Salir a beber con amigos y fiestas.;C) Descansar en casa, planeando mi tiempo y gastos.;B) 1 o 2 veces.;1;C) Tranquilo, en casa y preparando la semana.
15;Hombre;C) Ahorrando o invirtiendolo.;A) Salir a desconectarme, beber y socializar.;B) 1 o 2 veces.;5;C) Tranquilo, en casa y preparando la semana.
13;Hombre;C) Ahorrando o invirtiendolo.;C) Descansar en casa, planeando mi tiempo y gastos.;C) Casi nunca.;4;A) Improvisado, con amigos y musica.
45;Hombre;B) Gimnasio, comida y salud.;C) Descansar en casa, planeando mi tiempo y gastos.;A) 4 o mas veces.;3;D) Visitando un lugar nuevo o una actividad nueva.
26;Hombre;B) Gimnasio, comida y salud.;C) Descansar en casa, planeando mi tiempo y gastos.;B) 1 o 2 veces.;4;C) Tranquilo, en casa y preparando la semana.
14;Mujer;B) Gimnasio, comida y salud.;C) Descansar en casa, planeando mi tiempo y gastos.;C) Casi nunca.;9;C) Tranquilo, en casa y preparando la semana.
17;Mujer;D) Viajes, conciertos, cursos.;B) Hacer ejercicio y meditar.;B) 1 o 2 veces.;5;C) Tranquilo, en casa y preparando la semana.
32;Mujer;D) Viajes, conciertos, cursos.;C) Descansar en casa, planeando mi tiempo y gastos.;B) 1 o 2 veces.;8;C) Tranquilo, en casa y preparando la semana.
13;Mujer;C) Ahorrando o invirtiendolo.;C) Descansar en casa, planeando mi tiempo y gastos.;B) 1 o 2 veces.;3;C) Tranquilo, en casa y preparando la semana.
21;Hombre;C) Ahorrando o invirtiendolo.;B) Hacer ejercicio y meditar.;C) Casi nunca.;7;A) Improvisado, con amigos y musica.
38;Mujer;B) Gimnasio, comida y salud.;C) Descansar en casa, planeando mi tiempo y gastos.;B) 1 o 2 veces.;9;C) Tranquilo, en casa y preparando la semana.
24;Mujer;B) Gimnasio, comida y salud.;C) Descansar en casa, planeando mi tiempo y gastos.;C) Casi nunca.;4;C) Tranquilo, en casa y preparando la semana.
39;Mujer;C) Ahorrando o invirtiendolo.;B) Hacer ejercicio y meditar.;B) 1 o 2 veces.;4;C) Tranquilo, en casa y preparando la semana.
23;Mujer;D) Viajes, conciertos, cursos.;D) Buscar nuevas actividades o viajando.;B) 1 o 2 veces.;9;C) Tranquilo, en casa y preparando la semana.
44;Mujer;B) Gimnasio, comida y salud.;A) Salir a desconectarme, beber y socializar.;D) Solo cuando hay un evento importante.;10;C) Tranquilo, en casa y preparando la semana.
19;Mujer;C) Ahorrando o invirtiendolo.;A) Salir a desconectarme, beber y socializar.;C) Casi nunca.;3;A) Improvisado, con amigos y musica.
15;Mujer;C) Ahorrando o invirtiendolo.;B) Hacer ejercicio y meditar.;B) 1 o 2 veces.;4;C) Tranquilo, en casa y preparando la semana.
13;Mujer;A) Salir a beber con amigos y fiestas.;D) Buscar nuevas actividades o viajando.;B) 1 o 2 veces.;4;A) Improvisado, con amigos y musica.
13;Hombre;C) Ahorrando o invirtiendolo.;D) Buscar nuevas actividades o viajando.;D) Solo cuando hay un evento importante.;4;C) Tranquilo, en casa y preparando la semana.
31;Hombre;B) Gimnasio, comida y salud.;C) Descansar en casa, planeando mi tiempo y gastos.;C) Casi nunca.;3;A) Improvisado, con amigos y musica.
58;Mujer;A) Salir a beber con amigos y fiestas.;A) Salir a desconectarme, beber y socializar.;A) 4 o mas veces.;2;D) Visitando un lugar nuevo o una actividad nueva.
26;Mujer;C) Ahorrando o invirtiendolo.;C) Descansar en casa, planeando mi tiempo y gastos.;A) 4 o mas veces.;3;D) Visitando un lugar nuevo o una actividad nueva.
19;Hombre;B) Gimnasio, comida y salud.;C) Descansar en casa, planeando mi tiempo y gastos.;C) Casi nunca.;10;A) Improvisado, con amigos y musica.
20;Hombre;B) Gimnasio, comida y salud.;C) Descansar en casa, planeando mi tiempo y gastos.;B) 1 o 2 veces.;8;C) Tranquilo, en casa y preparando la semana.
13;Mujer;B) Gimnasio, comida y salud.;C) Descansar en casa, planeando mi tiempo y gastos.;A) 4 o mas veces.;6;B) Activo, haciendo deporte y comiendo.
18;Mujer;A) Salir a beber con amigos y fiestas.;C) Descansar en casa, planeando mi tiempo y gastos.;D) Solo cuando hay un evento importante.;7;B) Activo, haciendo deporte y comiendo.
21;Hombre;B) Gimnasio, comida y salud.;A) Salir a desconectarme, beber y socializar.;D) Solo cuando hay un evento importante.;1;C) Tranquilo, en casa y preparando la semana.
23;Mujer;D) Viajes, conciertos, cursos.;C) Descansar en casa, planeando mi tiempo y gastos.;A) 4 o mas veces.;6;C) Tranquilo, en casa y preparando la semana.
37;Mujer;A) Salir a beber con amigos y fiestas.;A) Salir a desconectarme, beber y socializar.;D) Solo cuando hay un evento importante.;6;D) Visitando un lugar nuevo o una actividad nueva.
35;Hombre;C) Ahorrando o invirtiendolo.;C) Descansar en casa, planeando mi tiempo y gastos.;C) Casi nunca.;7;C) Tranquilo, en casa y preparando la semana.
35;Mujer;B) Gimnasio, comida y salud.;C) Descansar en casa, planeando mi tiempo y gastos.;A) 4 o mas veces.;2;C) Tranquilo, en casa y preparando la semana.
56;Hombre;A) Salir a beber con amigos y fiestas.;D) Buscar nuevas actividades o viajando.;D) Solo cuando hay un evento importante.;3;A) Improvisado, con amigos y musica.
29;Hombre;B) Gimnasio, comida y salud.;C) Descansar en casa, planeando mi tiempo y gastos.;C) Casi nunca.;8;C) Tranquilo, en casa y preparando la semana.
15;Mujer;A) Salir a beber con amigos y fiestas.;C) Descansar en casa, planeando mi tiempo y gastos.;C) Casi nunca.;4;A) Improvisado, con amigos y musica.
24;Hombre;D) Viajes, conciertos, cursos.;B) Hacer ejercicio y meditar.;C) Casi nunca.;4;A) Improvisado, con amigos y musica.
13;Mujer;B) Gimnasio, comida y salud.;D) Buscar nuevas actividades o viajando.;D) Solo cuando hay un evento importante.;6;D) Visitando un lugar nuevo o una actividad nueva.
32;Hombre;C) Ahorrando o invirtiendolo.;B) Hacer ejercicio y meditar.;D) Solo cuando hay un evento importante.;10;C) Tranquilo, en casa y preparando la semana.
13;Mujer;B) Gimnasio, comida y salud.;B) Hacer ejercicio y meditar.;D) Solo cuando hay un evento importante.;5;B) Activo, haciendo deporte y comiendo.
34;Hombre;B) Gimnasio, comida y salud.;A) Salir a desconectarme, beber y socializar.;A) 4 o mas veces.;6;D) Visitando un lugar nuevo o una actividad nueva.
45;Mujer;A) Salir a beber con amigos y fiestas.;C) Descansar en casa, planeando mi tiempo y gastos.;C) Casi nunca.;9;C) Tranquilo, en casa y preparando la semana.
15;Hombre;D) Viajes, conciertos, cursos.;D) Buscar nuevas actividades o viajando.;C) Casi nunca.;3;A) Improvisado, con amigos y musica.
37;Mujer;C) Ahorrando o invirtiendolo.;A) Salir a desconectarme, beber y socializar.;C) Casi nunca.;6;C) Tranquilo, en casa y preparando la semana.
30;Mujer;D) Viajes, conciertos, cursos.;C) Descansar en casa, planeando mi tiempo y gastos.;A) 4 o mas veces.;4;C) Tranquilo, en casa y preparando la semana.
13;Mujer;B) Gimnasio, comida y salud.;B) Hacer ejercicio y meditar.;C) Casi nunca.;1;A) Improvisado, con amigos y musica.
13;Hombre;C) Ahorrando o invirtiendolo.;B) Hacer ejercicio y meditar.;D) Solo cuando hay un evento importante.;5;C) Tranquilo, en casa y preparando la semana.
25;Mujer;D) Viajes, conciertos, cursos.;D) Buscar nuevas actividades o viajando.;D) Solo cuando hay un evento importante.;6;C) Tranquilo, en casa y preparando la semana.
52;Mujer;B) Gimnasio, comida y salud.;D) Buscar nuevas actividades o viajando.;C) Casi nunca.;4;A) Improvisado, con amigos y musica.
34;Hombre;D) Viajes, conciertos, cursos.;C) Descansar en casa, planeando mi tiempo y gastos.;C) Casi nunca.;4;C) Tranquilo, en casa y preparando la semana.
29;Mujer;B) Gimnasio, comida y salud.;C) Descansar en casa, planeando mi tiempo y gastos.;D) Solo cuando hay un evento importante.;1;C) Tranquilo, en casa y preparando la semana.
13;Hombre;C) Ahorrando o invirtiendolo.;D) Buscar nuevas actividades o viajando.;C) Casi nunca.;3;C) Tranquilo, en casa y preparando la semana.
46;Mujer;A) Salir a beber con amigos y fiestas.;A) Salir a desconectarme, beber y socializar.;D) Solo cuando hay un evento importante.;2;A) Improvisado, con amigos y musica.
13;Mujer;B) Gimnasio, comida y salud.;C) Descansar en casa, planeando mi tiempo y gastos.;D) Solo cuando hay un evento importante.;5;B) Activo, haciendo deporte y comiendo.
37;Mujer;B) Gimnasio, comida y salud.;C) Descansar en casa, planeando mi tiempo y gastos.;D) Solo cuando hay un evento importante.;5;A) Improvisado, con amigos y musica.
27;Mujer;D) Viajes, conciertos, cursos.;D) Buscar nuevas actividades o viajando.;B) 1 o 2 veces.;7;C) Tranquilo, en casa y preparando la semana.
41;Mujer;A) Salir a beber con amigos y fiestas.;B) Hacer ejercicio y meditar.;B) 1 o 2 veces.;1;D) Visitando un lugar nuevo o una actividad nueva.
19;Hombre;D) Viajes, conciertos, cursos.;B) Hacer ejercicio y meditar.;A) 4 o mas veces.;6;C) Tranquilo, en casa y preparando la semana.
21;Mujer;D) Viajes, conciertos, cursos.;C) Descansar en casa, planeando mi tiempo y gastos.;C) Casi nunca.;3;A) Improvisado, con amigos y musica.
48;Hombre;A) Salir a beber con amigos y fiestas.;B) Hacer ejercicio y meditar.;C) Casi nunca.;6;A) Improvisado, con amigos y musica.
22;Mujer;B) Gimnasio, comida y salud.;D) Buscar nuevas actividades o viajando.;B) 1 o 2 veces.;5;A) Improvisado, con amigos y musica.
22;Mujer;B) Gimnasio, comida y salud.;D) Buscar nuevas actividades o viajando.;D) Solo cuando hay un evento importante.;8;C) Tranquilo, en casa y preparando la semana.
35;Mujer;A) Salir a beber con amigos y fiestas.;B) Hacer ejercicio y meditar.;C) Casi nunca.;1;D) Visitando un lugar nuevo o una actividad nueva.
18;Mujer;A) Salir a beber con amigos y fiestas.;D) Buscar nuevas actividades o viajando.;D) Solo cuando hay un evento importante.;4;C) Tranquilo, en casa y preparando la semana.
39;Mujer;B) Gimnasio, comida y salud.;B) Hacer ejercicio y meditar.;C) Casi nunca.;7;A) Improvisado, con amigos y musica.
33;Mujer;B) Gimnasio, comida y salud.;D) Buscar nuevas actividades o viajando.;B) 1 o 2 veces.;8;A) Improvisado, con amigos y musica.
13;Hombre;A) Salir a beber con amigos y fiestas.;B) Hacer ejercicio y meditar.;B) 1 o 2 veces.;6;C) Tranquilo, en casa y preparando la semana.
24;Hombre;B) Gimnasio, comida y salud.;B) Hacer ejercicio y meditar.;C) Casi nunca.;4;C) Tranquilo, en casa y preparando la semana.
13;Hombre;C) Ahorrando o invirtiendolo.;C) Descansar en casa, planeando mi tiempo y gastos.;C) Casi nunca.;5;C) Tranquilo, en casa y preparando la semana.
31;Mujer;A) Salir a beber con amigos y fiestas.;C) Descansar en casa, planeando mi tiempo y gastos.;C) Casi nunca.;5;C) Tranquilo, en casa y preparando la semana.
39;Hombre;A) Salir a beber con amigos y fiestas.;C) Descansar en casa, planeando mi tiempo y gastos.;B) 1 o 2 veces.;10;C) Tranquilo, en casa y preparando la semana.
13;Hombre;C) Ahorrando o invirtiendolo.;A) Salir a desconectarme, beber y socializar.;C) Casi nunca.;3;C) Tranquilo, en casa y preparando la semana.
35;Mujer;D) Viajes, conciertos, cursos.;A) Salir a desconectarme, beber y socializar.;B) 1 o 2 veces.;3;A) Improvisado, con amigos y musica.
39;Hombre;D) Viajes, conciertos, cursos.;C) Descansar en casa, planeando mi tiempo y gastos.;B) 1 o 2 veces.;5;A) Improvisado, con amigos y musica.
24;Mujer;B) Gimnasio, comida y salud.;D) Buscar nuevas actividades o viajando.;A) 4 o mas veces.;10;A) Improvisado, con amigos y musica.
13;Mujer;B) Gimnasio, comida y salud.;C) Descansar en casa, planeando mi tiempo y gastos.;C) Casi nunca.;2;D) Visitando un lugar nuevo o una actividad nueva.
13;Hombre;B) Gimnasio, comida y salud.;A) Salir a desconectarme, beber y socializar.;B) 1 o 2 veces.;5;A) Improvisado, con amigos y musica.
25;Mujer;C) Ahorrando o invirtiendolo.;C) Descansar en casa, planeando mi tiempo y gastos.;B) 1 o 2 veces.;2;C) Tranquilo, en casa y preparando la semana.
37;Hombre;C) Ahorrando o invirtiendolo.;C) Descansar en casa, planeando mi tiempo y gastos.;D) Solo cuando hay un evento importante.;2;C) Tranquilo, en casa y preparando la semana.
15;Mujer;D) Viajes, conciertos, cursos.;D) Buscar nuevas actividades o viajando.;C) Casi nunca.;5;B) Activo, haciendo deporte y comiendo.
30;Mujer;A) Salir a beber con amigos y fiestas.;D) Buscar nuevas actividades o viajando.;D) Solo cuando hay un evento importante.;5;A) Improvisado, con amigos y musica.
31;Mujer;B) Gimnasio, comida y salud.;A) Salir a desconectarme, beber y socializar.;D) Solo cuando hay un evento importante.;4;D) Visitando un lugar nuevo o una actividad nueva.
13;Mujer;C) Ahorrando o invirtiendolo.;A) Salir a desconectarme, beber y socializar.;C) Casi nunca.;8;B) Activo, haciendo deporte y comiendo.
18;Mujer;B) Gimnasio, comida y salud.;B) Hacer ejercicio y meditar.;C) Casi nunca.;1;C) Tranquilo, en casa y preparando la semana.
22;Mujer;B) Gimnasio, comida y salud.;C) Descansar en casa, planeando mi tiempo y gastos.;C) Casi nunca.;4;D) Visitando un lugar nuevo o una actividad nueva.
34;Mujer;D) Viajes, conciertos, cursos.;A) Salir a desconectarme, beber y socializar.;B) 1 o 2 veces.;3;C) Tranquilo, en casa y preparando la semana.
50;Mujer;B) Gimnasio, comida y salud.;B) Hacer ejercicio y meditar.;C) Casi nunca.;2;C) Tranquilo, en casa y preparando la semana.
30;Hombre;A) Salir a beber con amigos y fiestas.;B) Hacer ejercicio y meditar.;B) 1 o 2 veces.;3;B) Activo, haciendo deporte y comiendo.
24;Mujer;B) Gimnasio, comida y salud.;C) Descansar en casa, planeando mi tiempo y gastos.;D) Solo cuando hay un evento importante.;4;C) Tranquilo, en casa y preparando la semana.
26;Hombre;A) Salir a beber con amigos y fiestas.;B) Hacer ejercicio y meditar.;B) 1 o 2 veces.;2;C) Tranquilo, en casa y preparando la semana.
37;Mujer;A) Salir a beber con amigos y fiestas.;D) Buscar nuevas actividades o viajando.;D) Solo cuando hay un evento importante.;4;A) Improvisado, con amigos y musica.
23;Mujer;C) Ahorrando o invirtiendolo.;D) Buscar nuevas actividades o viajando.;B) 1 o 2 veces.;3;C) Tranquilo, en casa y preparando la semana.
30;Hombre;D) Viajes, conciertos, cursos.;A) Salir a desconectarme, beber y socializar.;C) Casi nunca.;4;C) Tranquilo, en casa y preparando la semana.
28;Mujer;A) Salir a beber con amigos y fiestas.;B) Hacer ejercicio y meditar.;B) 1 o 2 veces.;7;C) Tranquilo, en casa y preparando la semana.
39;Mujer;C) Ahorrando o invirtiendolo.;B) Hacer ejercicio y meditar.;B) 1 o 2 veces.;1;C) Tranquilo, en casa y preparando la semana.
22;Hombre;D) Viajes, conciertos, cursos.;B) Hacer ejercicio y meditar.;C) Casi nunca.;2;A) Improvisado, con amigos y musica.
22;Mujer;B) Gimnasio, comida y salud.;B) Hacer ejercicio y meditar.;C) Casi nunca.;7;C) Tranquilo, en casa y preparando la semana.
15;Mujer;A) Salir a beber con amigos y fiestas.;B) Hacer ejercicio y meditar.;B) 1 o 2 veces.;5;B) Activo, haciendo deporte y comiendo.
24;Mujer;B) Gimnasio, comida y salud.;C) Descansar en casa, planeando mi tiempo y gastos.;B) 1 o 2 veces.;8;C) Tranquilo, en casa y preparando la semana.
48;Mujer;B) Gimnasio, comida y salud.;D) Buscar nuevas actividades o viajando.;B) 1 o 2 veces.;3;D) Visitando un lugar nuevo o una actividad nueva.
30;Hombre;B) Gimnasio, comida y salud.;C) Descansar en casa, planeando mi tiempo y gastos.;B) 1 o 2 veces.;6;B) Activo, haciendo deporte y comiendo.
33;Hombre;B) Gimnasio, comida y salud.;A) Salir a desconectarme, beber y socializar.;D) Solo cuando hay un evento importante.;8;C) Tranquilo, en casa y preparando la semana.
13;Mujer;C) Ahorrando o invirtiendolo.;B) Hacer ejercicio y meditar.;D) Solo cuando hay un evento importante.;1;C) Tranquilo, en casa y preparando la semana.
30;Hombre;D) Viajes, conciertos, cursos.;C) Descansar en casa, planeando mi tiempo y gastos.;D) Solo cuando hay un evento importante.;5;C) Tranquilo, en casa y preparando la semana.
18;Mujer;D) Viajes, conciertos, cursos.;A) Salir a desconectarme, beber y socializar.;D) Solo cuando hay un evento importante.;5;C) Tranquilo, en casa y preparando la semana.
13;Hombre;B) Gimnasio, comida y salud.;B) Hacer ejercicio y meditar.;D) Solo cuando hay un evento importante.;7;C) Tranquilo, en casa y preparando la semana.
13;Hombre;A) Salir a beber con amigos y fiestas.;C) Descansar en casa, planeando mi tiempo y gastos.;C) Casi nunca.;3;C) Tranquilo, en casa y preparando la semana.
29;Mujer;B) Gimnasio, comida y salud.;B) Hacer ejercicio y meditar.;B) 1 o 2 veces.;7;C) Tranquilo, en casa y preparando la semana.
42;Mujer;C) Ahorrando o invirtiendolo.;D) Buscar nuevas actividades o viajando.;D) Solo cuando hay un evento importante.;3;C) Tranquilo, en casa y preparando la semana.
29;Mujer;C) Ahorrando o invirtiendolo.;D) Buscar nuevas actividades o viajando.;C) Casi nunca.;5;C) Tranquilo, en casa y preparando la semana.
24;Hombre;C) Ahorrando o invirtiendolo.;A) Salir a desconectarme, beber y socializar.;B) 1 o 2 veces.;8;B) Activo, haciendo deporte y comiendo.
29;Hombre;A) Salir a beber con amigos y fiestas.;B) Hacer ejercicio y meditar.;D) Solo cuando hay un evento importante.;9;C) Tranquilo, en casa y preparando la semana.
21;Mujer;A) Salir a beber con amigos y fiestas.;B) Hacer ejercicio y meditar.;C) Casi nunca.;7;B) Activo, haciendo deporte y comiendo.
25;Mujer;D) Viajes, conciertos, cursos.;B) Hacer ejercicio y meditar.;B) 1 o 2 veces.;3;C) Tranquilo, en casa y preparando la semana.
41;Mujer;D) Viajes, conciertos, cursos.;A) Salir a desconectarme, beber y socializar.;C) Casi nunca.;5;C) Tranquilo, en casa y preparando la semana.
16;Hombre;B) Gimnasio, comida y salud.;A) Salir a desconectarme, beber y socializar.;B) 1 o 2 veces.;8;C) Tranquilo, en casa y preparando la semana.
13;Hombre;A) Salir a beber con amigos y fiestas.;C) Descansar en casa, planeando mi tiempo y gastos.;D) Solo cuando hay un evento importante.;3;C) Tranquilo, en casa y preparando la semana.
16;Mujer;C) Ahorrando o invirtiendolo.;D) Buscar nuevas actividades o viajando.;B) 1 o 2 veces.;5;C) Tranquilo, en casa y preparando la semana.
17;Hombre;B) Gimnasio, comida y salud.;C) Descansar en casa, planeando mi tiempo y gastos.;C) Casi nunca.;3;C) Tranquilo, en casa y preparando la semana.
20;Hombre;A) Salir a beber con amigos y fiestas.;D) Buscar nuevas actividades o viajando.;A) 4 o mas veces.;7;C) Tranquilo, en casa y preparando la semana.
31;Mujer;B) Gimnasio, comida y salud.;B) Hacer ejercicio y meditar.;B) 1 o 2 veces.;10;C) Tranquilo, en casa y preparando la semana.
35;Hombre;C) Ahorrando o invirtiendolo.;C) Descansar en casa, planeando mi tiempo y gastos.;D) Solo cuando hay un evento importante.;5;A) Improvisado, con amigos y musica.
25;Mujer;A) Salir a beber con amigos y fiestas.;B) Hacer ejercicio y meditar.;C) Casi nunca.;2;C) Tranquilo, en casa y preparando la semana.
18;Hombre;A) Salir a beber con amigos y fiestas.;D) Buscar nuevas actividades o viajando.;C) Casi nunca.;4;C) Tranquilo, en casa y preparando la semana.
31;Mujer;D) Viajes, conciertos, cursos.;C) Descansar en casa, planeando mi tiempo y gastos.;C) Casi nunca.;5;C) Tranquilo, en casa y preparando la semana.
13;Mujer;D) Viajes, conciertos, cursos.;C) Descansar en casa, planeando mi tiempo y gastos.;C) Casi nunca.;9;C) Tranquilo, en casa y preparando la semana.
41;Mujer;B) Gimnasio, comida y salud.;C) Descansar en casa, planeando mi tiempo y gastos.;B) 1 o 2 veces.;2;C) Tranquilo, en casa y preparando la semana.
17;Hombre;A) Salir a beber con amigos y fiestas.;D) Buscar nuevas actividades o viajando.;B) 1 o 2 veces.;4;C) Tranquilo, en casa y preparando la semana.
41;Mujer;C) Ahorrando o invirtiendolo.;B) Hacer ejercicio y meditar.;D) Solo cuando hay un evento importante.;4;C) Tranquilo, en casa y preparando la semana.
26;Mujer;C) Ahorrando o invirtiendolo.;A) Salir a desconectarme, beber y socializar.;B) 1 o 2 veces.;5;A) Improvisado, con amigos y musica.
41;Mujer;C) Ahorrando o invirtiendolo.;C) Descansar en casa, planeando mi tiempo y gastos.;A) 4 o mas veces.;3;A) Improvisado, con amigos y musica.
27;Hombre;D) Viajes, conciertos, cursos.;C) Descansar en casa, planeando mi tiempo y gastos.;D) Solo cuando hay un evento importante.;2;C) Tranquilo, en casa y preparando la semana.
18;Mujer;D) Viajes, conciertos, cursos.;B) Hacer ejercicio y meditar.;C) Casi nunca.;10;C) Tranquilo, en casa y preparando la semana.
19;Mujer;B) Gimnasio, comida y salud.;B) Hacer ejercicio y meditar.;D) Solo cuando hay un evento importante.;1;C) Tranquilo, en casa y preparando la semana.
49;Mujer;C) Ahorrando o invirtiendolo.;B) Hacer ejercicio y meditar.;B) 1 o 2 veces.;6;D) Visitando un lugar nuevo o una actividad nueva.
32;Hombre;B) Gimnasio, comida y salud.;C) Descansar en casa, planeando mi tiempo y gastos.;C) Casi nunca.;2;C) Tranquilo, en casa y preparando la semana.
26;Mujer;B) Gimnasio, comida y salud.;B) Hacer ejercicio y meditar.;A) 4 o mas veces.;9;C) Tranquilo, en casa y preparando la semana.
31;Mujer;D) Viajes, conciertos, cursos.;D) Buscar nuevas actividades o viajando.;C) Casi nunca.;4;D) Visitando un lugar nuevo o una actividad nueva.
13;Hombre;D) Viajes, conciertos, cursos.;B) Hacer ejercicio y meditar.;B) 1 o 2 veces.;2;A) Improvisado, con amigos y musica.
14;Mujer;B) Gimnasio, comida y salud.;D) Buscar nuevas actividades o viajando.;B) 1 o 2 veces.;8;C) Tranquilo, en casa y preparando la semana.
15;Hombre;A) Salir a beber con amigos y fiestas.;C) Descansar en casa, planeando mi tiempo y gastos.;D) Solo cuando hay un evento importante.;7;C) Tranquilo, en casa y preparando la semana.
14;Mujer;A) Salir a beber con amigos y fiestas.;A) Salir a desconectarme, beber y socializar.;B) 1 o 2 veces.;3;C) Tranquilo, en casa y preparando la semana.
36;Hombre;B) Gimnasio, comida y salud.;D) Buscar nuevas actividades o viajando.;A) 4 o mas veces.;3;A) Improvisado, con amigos y musica.
25;Hombre;B) Gimnasio, comida y salud.;C) Descansar en casa, planeando mi tiempo y gastos.;C) Casi nunca.;4;C) Tranquilo, en casa y preparando la semana.
43;Mujer;A) Salir a beber con amigos y fiestas.;B) Hacer ejercicio y meditar.;C) Casi nunca.;5;B) Activo, haciendo deporte y comiendo.
31;Hombre;B) Gimnasio, comida y salud.;C) Descansar en casa, planeando mi tiempo y gastos.;C) Casi nunca.;6;B) Activo, haciendo deporte y comiendo.
29;Mujer;C) Ahorrando o invirtiendolo.;A) Salir a desconectarme, beber y socializar.;C) Casi nunca.;2;A) Improvisado, con amigos y musica.
33;Hombre;C) Ahorrando o invirtiendolo.;B) Hacer ejercicio y meditar.;D) Solo cuando hay un evento importante.;1;A) Improvisado, con amigos y musica.
27;Hombre;B) Gimnasio, comida y salud.;A) Salir a desconectarme, beber y socializar.;A) 4 o mas veces.;8;B) Activo, haciendo deporte y comiendo.
17;Hombre;C) Ahorrando o invirtiendolo.;D) Buscar nuevas actividades o viajando.;D) Solo cuando hay un evento importante.;8;D) Visitando un lugar nuevo o una actividad nueva.
30;Mujer;B) Gimnasio, comida y salud.;C) Descansar en casa, planeando mi tiempo y gastos.;D) Solo cuando hay un evento importante.;4;C) Tranquilo, en casa y preparando la semana.
21;Mujer;A) Salir a beber con amigos y fiestas.;D) Buscar nuevas actividades o viajando.;B) 1 o 2 veces.;10;C) Tranquilo, en casa y preparando la semana.
22;Mujer;C) Ahorrando o invirtiendolo.;C) Descansar en casa, planeando mi tiempo y gastos.;A) 4 o mas veces.;3;C) Tranquilo, en casa y preparando la semana.
18;Hombre;C) Ahorrando o invirtiendolo.;C) Descansar en casa, planeando mi tiempo y gastos.;D) Solo cuando hay un evento importante.;3;C) Tranquilo, en casa y preparando la semana.
39;Hombre;C) Ahorrando o invirtiendolo.;D) Buscar nuevas actividades o viajando.;A) 4 o mas veces.;10;A) Improvisado, con amigos y musica.
14;Mujer;B) Gimnasio, comida y salud.;A) Salir a desconectarme, beber y socializar.;D) Solo cuando hay un evento importante.;2;C) Tranquilo, en casa y preparando la semana.
30;Hombre;A) Salir a beber con amigos y fiestas.;B) Hacer ejercicio y meditar.;C) Casi nunca.;7;A) Improvisado, con amigos y musica.
31;Mujer;B) Gimnasio, comida y salud.;C) Descansar en casa, planeando mi tiempo y gastos.;D) Solo cuando hay un evento importante.;4;B) Activo, haciendo deporte y comiendo.
20;Hombre;C) Ahorrando o invirtiendolo.;C) Descansar en casa, planeando mi tiempo y gastos.;D) Solo cuando hay un evento importante.;3;A) Improvisado, con amigos y musica.
33;Mujer;B) Gimnasio, comida y salud.;B) Hacer ejercicio y meditar.;D) Solo cuando hay un evento importante.;5;D) Visitando un lugar nuevo o una actividad nueva.
28;Hombre;C) Ahorrando o invirtiendolo.;B) Hacer ejercicio y meditar.;A) 4 o mas veces.;7;C) Tranquilo, en casa y preparando la semana.
13;Mujer;A) Salir a beber con amigos y fiestas.;B) Hacer ejercicio y meditar.;C) Casi nunca.;4;A) Improvisado, con amigos y musica.
28;Mujer;C) Ahorrando o invirtiendolo.;D) Buscar nuevas actividades o viajando.;B) 1 o 2 veces.;7;B) Activo, haciendo deporte y comiendo.
47;Mujer;C) Ahorrando o invirtiendolo.;B) Hacer ejercicio y meditar.;A) 4 o mas veces.;4;D) Visitando un lugar nuevo o una actividad nueva.
30;Hombre;D) Viajes, conciertos, cursos.;C) Descansar en casa, planeando mi tiempo y gastos.;C) Casi nunca.;3;C) Tranquilo, en casa y preparando la semana.
22;Hombre;A) Salir a beber con amigos y fiestas.;A) Salir a desconectarme, beber y socializar.;C) Casi nunca.;1;C) Tranquilo, en casa y preparando la semana.
28;Hombre;C) Ahorrando o invirtiendolo.;A) Salir a desconectarme, beber y socializar.;A) 4 o mas veces.;4;C) Tranquilo, en casa y preparando la semana.
18;Hombre;C) Ahorrando o invirtiendolo.;B) Hacer ejercicio y meditar.;D) Solo cuando hay un evento importante.;8;C) Tranquilo, en casa y preparando la semana.
26;Mujer;C) Ahorrando o invirtiendolo.;B) Hacer ejercicio y meditar.;C) Casi nunca.;4;C) Tranquilo, en casa y preparando la semana.
24;Mujer;A) Salir a beber con amigos y fiestas.;C) Descansar en casa, planeando mi tiempo y gastos.;C) Casi nunca.;7;A) Improvisado, con amigos y musica.
50;Mujer;B) Gimnasio, comida y salud.;C) Descansar en casa, planeando mi tiempo y gastos.;B) 1 o 2 veces.;2;B) Activo, haciendo deporte y comiendo.
36;Hombre;D) Viajes, conciertos, cursos.;B) Hacer ejercicio y meditar.;D) Solo cuando hay un evento importante.;6;D) Visitando un lugar nuevo o una actividad nueva.
13;Mujer;C) Ahorrando o invirtiendolo.;B) Hacer ejercicio y meditar.;D) Solo cuando hay un evento importante.;6;C) Tranquilo, en casa y preparando la semana.
45;Mujer;B) Gimnasio, comida y salud.;B) Hacer ejercicio y meditar.;D) Solo cuando hay un evento importante.;5;A) Improvisado, con amigos y musica.
17;Hombre;A) Salir a beber con amigos y fiestas.;B) Hacer ejercicio y meditar.;B) 1 o 2 veces.;1;C) Tranquilo, en casa y preparando la semana.
16;Mujer;C) Ahorrando o invirtiendolo.;B) Hacer ejercicio y meditar.;A) 4 o mas veces.;5;B) Activo, haciendo deporte y comiendo.
15;Mujer;B) Gimnasio, comida y salud.;B) Hacer ejercicio y meditar.;D) Solo cuando hay un evento importante.;7;C) Tranquilo, en casa y preparando la semana.
29;Mujer;B) Gimnasio, comida y salud.;B) Hacer ejercicio y meditar.;D) Solo cuando hay un evento importante.;7;A) Improvisado, con amigos y musica.
28;Hombre;B) Gimnasio, comida y salud.;C) Descansar en casa, planeando mi tiempo y gastos.;D) Solo cuando hay un evento importante.;7;C) Tranquilo, en casa y preparando la semana.
18;Mujer;B) Gimnasio, comida y salud.;C) Descansar en casa, planeando mi tiempo y gastos.;D) Solo cuando hay un evento importante.;7;A) Improvisado, con amigos y musica.
33;Hombre;B) Gimnasio, comida y salud.;D) Buscar nuevas actividades o viajando.;C) Casi nunca.;7;B) Activo, haciendo deporte y comiendo.
29;Mujer;A) Salir a beber con amigos y fiestas.;D) Buscar nuevas actividades o viajando.;C) Casi nunca.;1;A) Improvisado, con amigos y musica.
25;Hombre;C) Ahorrando o invirtiendolo.;B) Hacer ejercicio y meditar.;B) 1 o 2 veces.;4;C) Tranquilo, en casa y preparando la semana.
13;Mujer;A) Salir a beber con amigos y fiestas.;B) Hacer ejercicio y meditar.;B) 1 o 2 veces.;4;A) Improvisado, con amigos y musica.
33;Hombre;B) Gimnasio, comida y salud.;C) Descansar en casa, planeando mi tiempo y gastos.;B) 1 o 2 veces.;2;A) Improvisado, con amigos y musica.
31;Hombre;C) Ahorrando o invirtiendolo.;A) Salir a desconectarme, beber y socializar.;D) Solo cuando hay un evento importante.;6;C) Tranquilo, en casa y preparando la semana.
13;Mujer;B) Gimnasio, comida y salud.;C) Descansar en casa, planeando mi tiempo y gastos.;D) Solo cuando hay un evento importante.;8;D) Visitando un lugar nuevo o una actividad nueva.
16;Hombre;B) Gimnasio, comida y salud.;C) Descansar en casa, planeando mi tiempo y gastos.;D) Solo cuando hay un evento importante.;7;C) Tranquilo, en casa y preparando la semana.
44;Mujer;B) Gimnasio, comida y salud.;D) Buscar nuevas actividades o viajando.;C) Casi nunca.;9;A) Improvisado, con amigos y musica.
40;Hombre;A) Salir a beber con amigos y fiestas.;B) Hacer ejercicio y meditar.;B) 1 o 2 veces.;2;D) Visitando un lugar nuevo o una actividad nueva.
28;Mujer;A) Salir a beber con amigos y fiestas.;D) Buscar nuevas actividades o viajando.;C) Casi nunca.;6;C) Tranquilo, en casa y preparando la semana.
15;Mujer;B) Gimnasio, comida y salud.;A) Salir a desconectarme, beber y socializar.;D) Solo cuando hay un evento importante.;4;A) Improvisado, con amigos y musica.
26;Hombre;C) Ahorrando o invirtiendolo.;A) Salir a desconectarme, beber y socializar.;C) Casi nunca.;5;C) Tranquilo, en casa y preparando la semana.
13;Mujer;B) Gimnasio, comida y salud.;D) Buscar nuevas actividades o viajando.;C) Casi nunca.;4;A) Improvisado, con amigos y musica.
69;Hombre;B) Gimnasio, comida y salud.;A) Salir a desconectarme, beber y socializar.;B) 1 o 2 veces.;9;D) Visitando un lugar nuevo o una actividad nueva.
13;Mujer;C) Ahorrando o invirtiendolo.;B) Hacer ejercicio y meditar.;A) 4 o mas veces.;6;C) Tranquilo, en casa y preparando la semana.
20;Hombre;B) Gimnasio, comida y salud.;B) Hacer ejercicio y meditar.;B) 1 o 2 veces.;1;C) Tranquilo, en casa y preparando la semana.
17;Mujer;C) Ahorrando o invirtiendolo.;D) Buscar nuevas actividades o viajando.;D) Solo cuando hay un evento importante.;2;C) Tranquilo, en casa y preparando la semana.
36;Mujer;D) Viajes, conciertos, cursos.;C) Descansar en casa, planeando mi tiempo y gastos.;B) 1 o 2 veces.;7;C) Tranquilo, en casa y preparando la semana.
13;Hombre;C) Ahorrando o invirtiendolo.;C) Descansar en casa, planeando mi tiempo y gastos.;A) 4 o mas veces.;9;D) Visitando un lugar nuevo o una actividad nueva.
40;Mujer;D) Viajes, conciertos, cursos.;C) Descansar en casa, planeando mi tiempo y gastos.;C) Casi nunca.;4;C) Tranquilo, en casa y preparando la semana.
19;Hombre;B) Gimnasio, comida y salud.;B) Hacer ejercicio y meditar.;C) Casi nunca.;4;A) Improvisado, con amigos y musica.
27;Mujer;C) Ahorrando o invirtiendolo.;B) Hacer ejercicio y meditar.;C) Casi nunca.;9;C) Tranquilo, en casa y preparando la semana.
26;Mujer;B) Gimnasio, comida y salud.;C) Descansar en casa, planeando mi tiempo y gastos.;D) Solo cuando hay un evento importante.;8;D) Visitando un lugar nuevo o una actividad nueva.
40;Mujer;C) Ahorrando o invirtiendolo.;C) Descansar en casa, planeando mi tiempo y gastos.;C) Casi nunca.;6;C) Tranquilo, en casa y preparando la semana.
45;Hombre;A) Salir a beber con amigos y fiestas.;C) Descansar en casa, planeando mi tiempo y gastos.;B) 1 o 2 veces.;5;C) Tranquilo, en casa y preparando la semana.
30;Hombre;B) Gimnasio, comida y salud.;B) Hacer ejercicio y meditar.;C) Casi nunca.;5;B) Activo, haciendo deporte y comiendo.
30;Mujer;D) Viajes, conciertos, cursos.;C) Descansar en casa, planeando mi tiempo y gastos.;D) Solo cuando hay un evento importante.;2;A) Improvisado, con amigos y musica.
25;Mujer;B) Gimnasio, comida y salud.;A) Salir a desconectarme, beber y socializar.;D) Solo cuando hay un evento importante.;8;B) Activo, haciendo deporte y comiendo.
15;Mujer;B) Gimnasio, comida y salud.;B) Hacer ejercicio y meditar.;B) 1 o 2 veces.;9;C) Tranquilo, en casa y preparando la semana.
17;Mujer;C) Ahorrando o invirtiendolo.;C) Descansar en casa, planeando mi tiempo y gastos.;D) Solo cuando hay un evento importante.;5;B) Activo, haciendo deporte y comiendo.
14;Mujer;C) Ahorrando o invirtiendolo.;D) Buscar nuevas actividades o viajando.;A) 4 o mas veces.;9;C) Tranquilo, en casa y preparando la semana.
19;Mujer;D) Viajes, conciertos, cursos.;B) Hacer ejercicio y meditar.;B) 1 o 2 veces.;6;A) Improvisado, con amigos y musica.
24;Mujer;D) Viajes, conciertos, cursos.;B) Hacer ejercicio y meditar.;D) Solo cuando hay un evento importante.;5;C) Tranquilo, en casa y preparando la semana.
45;Mujer;A) Salir a beber con amigos y fiestas.;B) Hacer ejercicio y meditar.;C) Casi nunca.;10;B) Activo, haciendo deporte y comiendo.
31;Mujer;A) Salir a beber con amigos y fiestas.;D) Buscar nuevas actividades o viajando.;B) 1 o 2 veces.;10;C) Tranquilo, en casa y preparando la semana.
31;Mujer;D) Viajes, conciertos, cursos.;C) Descansar en casa, planeando mi tiempo y gastos.;C) Casi nunca.;5;C) Tranquilo, en casa y preparando la semana.
25;Mujer;A) Salir a beber con amigos y fiestas.;A) Salir a desconectarme, beber y socializar.;C) Casi nunca.;1;C) Tranquilo, en casa y preparando la semana.
16;Mujer;B) Gimnasio, comida y salud.;C) Descansar en casa, planeando mi tiempo y gastos.;B) 1 o 2 veces.;7;C) Tranquilo, en casa y preparando la semana.
32;Hombre;B) Gimnasio, comida y salud.;C) Descansar en casa, planeando mi tiempo y gastos.;B) 1 o 2 veces.;8;C) Tranquilo, en casa y preparando la semana.
19;Mujer;C) Ahorrando o invirtiendolo.;B) Hacer ejercicio y meditar.;B) 1 o 2 veces.;2;C) Tranquilo, en casa y preparando la semana.
29;Mujer;C) Ahorrando o invirtiendolo.;C) Descansar en casa, planeando mi tiempo y gastos.;C) Casi nunca.;7;C) Tranquilo, en casa y preparando la semana.
43;Mujer;B) Gimnasio, comida y salud.;A) Salir a desconectarme, beber y socializar.;B) 1 o 2 veces.;3;C) Tranquilo, en casa y preparando la semana.
59;Mujer;B) Gimnasio, comida y salud.;C) Descansar en casa, planeando mi tiempo y gastos.;C) Casi nunca.;1;C) Tranquilo, en casa y preparando la semana.
27;Hombre;B) Gimnasio, comida y salud.;B) Hacer ejercicio y meditar.;C) Casi nunca.;8;C) Tranquilo, en casa y preparando la semana.
26;Hombre;B) Gimnasio, comida y salud.;B) Hacer ejercicio y meditar.;D) Solo cuando hay un evento importante.;6;B) Activo, haciendo deporte y comiendo.
31;Mujer;A) Salir a beber con amigos y fiestas.;C) Descansar en casa, planeando mi tiempo y gastos.;C) Casi nunca.;7;D) Visitando un lugar nuevo o una actividad nueva.
29;Mujer;B) Gimnasio, comida y salud.;D) Buscar nuevas actividades o viajando.;B) 1 o 2 veces.;6;C) Tranquilo, en casa y preparando la semana.
18;Mujer;C) Ahorrando o invirtiendolo.;B) Hacer ejercicio y meditar.;B) 1 o 2 veces.;9;C) Tranquilo, en casa y preparando la semana.
29;Mujer;B) Gimnasio, comida y salud.;C) Descansar en casa, planeando mi tiempo y gastos.;C) Casi nunca.;4;A) Improvisado, con amigos y musica.
26;Mujer;C) Ahorrando o invirtiendolo.;C) Descansar en casa, planeando mi tiempo y gastos.;D) Solo cuando hay un evento importante.;5;A) Improvisado, con amigos y musica.
15;Mujer;C) Ahorrando o invirtiendolo.;A) Salir a desconectarme, beber y socializar.;C) Casi nunca.;2;D) Visitando un lugar nuevo o una actividad nueva.
30;Hombre;B) Gimnasio, comida y salud.;B) Hacer ejercicio y meditar.;C) Casi nunca.;5;C) Tranquilo, en casa y preparando la semana.
17;Mujer;C) Ahorrando o invirtiendolo.;A) Salir a desconectarme, beber y socializar.;D) Solo cuando hay un evento importante.;1;B) Activo, haciendo deporte y comiendo.
27;Mujer;D) Viajes, conciertos, cursos.;B) Hacer ejercicio y meditar.;D) Solo cuando hay un evento importante.;7;B) Activo, haciendo deporte y comiendo.
13;Mujer;B) Gimnasio, comida y salud.;C) Descansar en casa, planeando mi tiempo y gastos.;B) 1 o 2 veces.;6;A) Improvisado, con amigos y musica.
30;Mujer;D) Viajes, conciertos, cursos.;B) Hacer ejercicio y meditar.;D) Solo cuando hay un evento importante.;6;C) Tranquilo, en casa y preparando la semana.
13;Mujer;A) Salir a beber con amigos y fiestas.;A) Salir a desconectarme, beber y socializar.;B) 1 o 2 veces.;6;D) Visitando un lugar nuevo o una actividad nueva.
17;Hombre;C) Ahorrando o invirtiendolo.;D) Buscar nuevas actividades o viajando.;B) 1 o 2 veces.;4;C) Tranquilo, en casa y preparando la semana.
30;Hombre;B) Gimnasio, comida y salud.;B) Hacer ejercicio y meditar.;B) 1 o 2 veces.;2;C) Tranquilo, en casa y preparando la semana.
35;Mujer;B) Gimnasio, comida y salud.;B) Hacer ejercicio y meditar.;B) 1 o 2 veces.;5;D) Visitando un lugar nuevo o una actividad nueva.
26;Mujer;A) Salir a beber con amigos y fiestas.;C) Descansar en casa, planeando mi tiempo y gastos.;B) 1 o 2 veces.;1;C) Tranquilo, en casa y preparando la semana.
28;Hombre;A) Salir a beber con amigos y fiestas.;C) Descansar en casa, planeando mi tiempo y gastos.;C) Casi nunca.;4;C) Tranquilo, en casa y preparando la semana.
36;Hombre;D) Viajes, conciertos, cursos.;D) Buscar nuevas actividades o viajando.;A) 4 o mas veces.;2;C) Tranquilo, en casa y preparando la semana.
29;Mujer;B) Gimnasio, comida y salud.;D) Buscar nuevas actividades o viajando.;D) Solo cuando hay un evento importante.;5;C) Tranquilo, en casa y preparando la semana.
47;Mujer;B) Gimnasio, comida y salud.;D) Buscar nuevas actividades o viajando.;C) Casi nunca.;3;C) Tranquilo, en casa y preparando la semana.
27;Hombre;A) Salir a beber con amigos y fiestas.;A) Salir a desconectarme, beber y socializar.;C) Casi nunca.;2;C) Tranquilo, en casa y preparando la semana.
20;Mujer;C) Ahorrando o invirtiendolo.;B) Hacer ejercicio y meditar.;C) Casi nunca.;6;C) Tranquilo, en casa y preparando la semana.
29;Mujer;A) Salir a beber con amigos y fiestas.;C) Descansar en casa, planeando mi tiempo y gastos.;C) Casi nunca.;8;C) Tranquilo, en casa y preparando la semana.
28;Mujer;D) Viajes, conciertos, cursos.;B) Hacer ejercicio y meditar.;B) 1 o 2 veces.;4;C) Tranquilo, en casa y preparando la semana.
33;Mujer;C) Ahorrando o invirtiendolo.;C) Descansar en casa, planeando mi tiempo y gastos.;B) 1 o 2 veces.;7;C) Tranquilo, en casa y preparando la semana.
17;Hombre;D) Viajes, conciertos, cursos.;A) Salir a desconectarme, beber y socializar.;C) Casi nunca.;8;C) Tranquilo, en casa y preparando la semana.
36;Mujer;C) Ahorrando o invirtiendolo.;A) Salir a desconectarme, beber y socializar.;C) Casi nunca.;3;C) Tranquilo, en casa y preparando la semana.
16;Mujer;D) Viajes, conciertos, cursos.;B) Hacer ejercicio y meditar.;C) Casi nunca.;6;C) Tranquilo, en casa y preparando la semana.
39;Hombre;B) Gimnasio, comida y salud.;A) Salir a desconectarme, beber y socializar.;D) Solo cuando hay un evento importante.;5;C) Tranquilo, en casa y preparando la semana.
44;Hombre;C) Ahorrando o invirtiendolo.;A) Salir a desconectarme, beber y socializar.;B) 1 o 2 veces.;7;C) Tranquilo, en casa y preparando la semana.
35;Hombre;D) Viajes, conciertos, cursos.;A) Salir a desconectarme, beber y socializar.;D) Solo cuando hay un evento importante.;8;C) Tranquilo, en casa y preparando la semana.
60;Hombre;B) Gimnasio, comida y salud.;B) Hacer ejercicio y meditar.;A) 4 o mas veces.;2;D) Visitando un lugar nuevo o una actividad nueva.
19;Mujer;D) Viajes, conciertos, cursos.;B) Hacer ejercicio y meditar.;B) 1 o 2 veces.;3;A) Improvisado, con amigos y musica.
26;Mujer;B) Gimnasio, comida y salud.;B) Hacer ejercicio y meditar.;B) 1 o 2 veces.;9;C) Tranquilo, en casa y preparando la semana.
27;Mujer;A) Salir a beber con amigos y fiestas.;B) Hacer ejercicio y meditar.;D) Solo cuando hay un evento importante.;7;C) Tranquilo, en casa y preparando la semana.
45;Hombre;B) Gimnasio, comida y salud.;C) Descansar en casa, planeando mi tiempo y gastos.;B) 1 o 2 veces.;7;D) Visitando un lugar nuevo o una actividad nueva.
13;Hombre;C) Ahorrando o invirtiendolo.;D) Buscar nuevas actividades o viajando.;C) Casi nunca.;3;B) Activo, haciendo deporte y comiendo.
13;Mujer;C) Ahorrando o invirtiendolo.;C) Descansar en casa, planeando mi tiempo y gastos.;C) Casi nunca.;5;C) Tranquilo, en casa y preparando la semana.
22;Hombre;A) Salir a beber con amigos y fiestas.;B) Hacer ejercicio y meditar.;B) 1 o 2 veces.;5;A) Improvisado, con amigos y musica.
34;Hombre;C) Ahorrando o invirtiendolo.;B) Hacer ejercicio y meditar.;B) 1 o 2 veces.;7;B) Activo, haciendo deporte y comiendo.
27;Mujer;B) Gimnasio, comida y salud.;C) Descansar en casa, planeando mi tiempo y gastos.;C) Casi nunca.;7;C) Tranquilo, en casa y preparando la semana.
13;Mujer;D) Viajes, conciertos, cursos.;C) Descansar en casa, planeando mi tiempo y gastos.;B) 1 o 2 veces.;3;C) Tranquilo, en casa y preparando la semana.
28;Hombre;D) Viajes, conciertos, cursos.;D) Buscar nuevas actividades o viajando.;C) Casi nunca.;6;A) Improvisado, con amigos y musica.
20;Mujer;C) Ahorrando o invirtiendolo.;C) Descansar en casa, planeando mi tiempo y gastos.;B) 1 o 2 veces.;4;D) Visitando un lugar nuevo o una actividad nueva.
18;Hombre;B) Gimnasio, comida y salud.;C) Descansar en casa, planeando mi tiempo y gastos.;B) 1 o 2 veces.;1;A) Improvisado, con amigos y musica.
20;Hombre;B) Gimnasio, comida y salud.;D) Buscar nuevas actividades o viajando.;B) 1 o 2 veces.;4;A) Improvisado, con amigos y musica.
39;Mujer;C) Ahorrando o invirtiendolo.;A) Salir a desconectarme, beber y socializar.;C) Casi nunca.;2;B) Activo, haciendo deporte y comiendo.
24;Hombre;C) Ahorrando o invirtiendolo.;C) Descansar en casa, planeando mi tiempo y gastos.;D) Solo cuando hay un evento importante.;3;C) Tranquilo, en casa y preparando la semana.
34;Hombre;C) Ahorrando o invirtiendolo.;C) Descansar en casa, planeando mi tiempo y gastos.;B) 1 o 2 veces.;10;A) Improvisado, con amigos y musica.
21;Hombre;C) Ahorrando o invirtiendolo.;B) Hacer ejercicio y meditar.;D) Solo cuando hay un evento importante.;6;C) Tranquilo, en casa y preparando la semana.
30;Hombre;B) Gimnasio, comida y salud.;A) Salir a desconectarme, beber y socializar.;D) Solo cuando hay un evento importante.;4;C) Tranquilo, en casa y preparando la semana.
38;Hombre;B) Gimnasio, comida y salud.;C) Descansar en casa, planeando mi tiempo y gastos.;C) Casi nunca.;5;C) Tranquilo, en casa y preparando la semana.
13;Mujer;A) Salir a beber con amigos y fiestas.;B) Hacer ejercicio y meditar.;B) 1 o 2 veces.;6;C) Tranquilo, en casa y preparando la semana.
39;Hombre;A) Salir a beber con amigos y fiestas.;D) Buscar nuevas actividades o viajando.;B) 1 o 2 veces.;3;C) Tranquilo, en casa y preparando la semana.
26;Mujer;B) Gimnasio, comida y salud.;C) Descansar en casa, planeando mi tiempo y gastos.;C) Casi nunca.;1;C) Tranquilo, en casa y preparando la semana.
31;Mujer;A) Salir a beber con amigos y fiestas.;C) Descansar en casa, planeando mi tiempo y gastos.;D) Solo cuando hay un evento importante.;6;C) Tranquilo, en casa y preparando la semana.
23;Mujer;B) Gimnasio, comida y salud.;A) Salir a desconectarme, beber y socializar.;C) Casi nunca.;9;C) Tranquilo, en casa y preparando la semana.
18;Hombre;C) Ahorrando o invirtiendolo.;D) Buscar nuevas actividades o viajando.;D) Solo cuando hay un evento importante.;2;A) Improvisado, con amigos y musica.
27;Hombre;A) Salir a beber con amigos y fiestas.;A) Salir a desconectarme, beber y socializar.;C) Casi nunca.;1;D) Visitando un lugar nuevo o una actividad nueva.
36;Mujer;B) Gimnasio, comida y salud.;B) Hacer ejercicio y meditar.;B) 1 o 2 veces.;5;A) Improvisado, con amigos y musica.
40;Hombre;C) Ahorrando o invirtiendolo.;A) Salir a desconectarme, beber y socializar.;C) Casi nunca.;9;A) Improvisado, con amigos y musica.
22;Mujer;B) Gimnasio, comida y salud.;D) Buscar nuevas actividades o viajando.;C) Casi nunca.;4;A) Improvisado, con amigos y musica.
27;Hombre;B) Gimnasio, comida y salud.;C) Descansar en casa, planeando mi tiempo y gastos.;C) Casi nunca.;5;C) Tranquilo, en casa y preparando la semana.
46;Mujer;A) Salir a beber con amigos y fiestas.;B) Hacer ejercicio y meditar.;C) Casi nunca.;4;A) Improvisado, con amigos y musica.
24;Mujer;C) Ahorrando o invirtiendolo.;C) Descansar en casa, planeando mi tiempo y gastos.;B) 1 o 2 veces.;8;C) Tranquilo, en casa y preparando la semana.
27;Hombre;B) Gimnasio, comida y salud.;B) Hacer ejercicio y meditar.;D) Solo cuando hay un evento importante.;4;C) Tranquilo, en casa y preparando la semana.
13;Mujer;B) Gimnasio, comida y salud.;A) Salir a desconectarme, beber y socializar.;D) Solo cuando hay un evento importante.;4;C) Tranquilo, en casa y preparando la semana.
14;Hombre;B) Gimnasio, comida y salud.;D) Buscar nuevas actividades o viajando.;D) Solo cuando hay un evento importante.;1;C) Tranquilo, en casa y preparando la semana.
24;Hombre;C) Ahorrando o invirtiendolo.;C) Descansar en casa, planeando mi tiempo y gastos.;B) 1 o 2 veces.;1;C) Tranquilo, en casa y preparando la semana.
30;Mujer;A) Salir a beber con amigos y fiestas.;C) Descansar en casa, planeando mi tiempo y gastos.;C) Casi nunca.;6;B) Activo, haciendo deporte y comiendo.
13;Hombre;B) Gimnasio, comida y salud.;B) Hacer ejercicio y meditar.;B) 1 o 2 veces.;3;D) Visitando un lugar nuevo o una actividad nueva.
20;Hombre;B) Gimnasio, comida y salud.;D) Buscar nuevas actividades o viajando.;C) Casi nunca.;10;C) Tranquilo, en casa y preparando la semana.
13;Hombre;B) Gimnasio, comida y salud.;B) Hacer ejercicio y meditar.;C) Casi nunca.;9;C) Tranquilo, en casa y preparando la semana.
18;Hombre;C) Ahorrando o invirtiendolo.;B) Hacer ejercicio y meditar.;B) 1 o 2 veces.;5;C) Tranquilo, en casa y preparando la semana.
37;Mujer;B) Gimnasio, comida y salud.;D) Buscar nuevas actividades o viajando.;B) 1 o 2 veces.;2;C) Tranquilo, en casa y preparando la semana.
22;Mujer;C) Ahorrando o invirtiendolo.;D) Buscar nuevas actividades o viajando.;D) Solo cuando hay un evento importante.;9;C) Tranquilo, en casa y preparando la semana.
20;Mujer;C) Ahorrando o invirtiendolo.;C) Descansar en casa, planeando mi tiempo y gastos.;C) Casi nunca.;6;D) Visitando un lugar nuevo o una actividad nueva.
20;Mujer;D) Viajes, conciertos, cursos.;A) Salir a desconectarme, beber y socializar.;D) Solo cuando hay un evento importante.;5;C) Tranquilo, en casa y preparando la semana.
13;Mujer;A) Salir a beber con amigos y fiestas.;D) Buscar nuevas actividades o viajando.;C) Casi nunca.;7;C) Tranquilo, en casa y preparando la semana.
13;Hombre;D) Viajes, conciertos, cursos.;A) Salir a desconectarme, beber y socializar.;B) 1 o 2 veces.;8;B) Activo, haciendo deporte y comiendo.
25;Mujer;B) Gimnasio, comida y salud.;C) Descansar en casa, planeando mi tiempo y gastos.;B) 1 o 2 veces.;8;C) Tranquilo, en casa y preparando la semana.
27;Mujer;C) Ahorrando o invirtiendolo.;C) Descansar en casa, planeando mi tiempo y gastos.;A) 4 o mas veces.;9;C) Tranquilo, en casa y preparando la semana.
16;Mujer;C) Ahorrando o invirtiendolo.;B) Hacer ejercicio y meditar.;D) Solo cuando hay un evento importante.;6;C) Tranquilo, en casa y preparando la semana.
58;Hombre;D) Viajes, conciertos, cursos.;A) Salir a desconectarme, beber y socializar.;B) 1 o 2 veces.;9;D) Visitando un lugar nuevo o una actividad nueva.
41;Mujer;D) Viajes, conciertos, cursos.;A) Salir a desconectarme, beber y socializar.;B) 1 o 2 veces.;8;C) Tranquilo, en casa y preparando la semana.
13;Mujer;D) Viajes, conciertos, cursos.;D) Buscar nuevas actividades o viajando.;C) Casi nunca.;7;A) Improvisado, con amigos y musica.
16;Mujer;A) Salir a beber con amigos y fiestas.;C) Descansar en casa, planeando mi tiempo y gastos.;D) Solo cuando hay un evento importante.;10;C) Tranquilo, en casa y preparando la semana.
20;Hombre;D) Viajes, conciertos, cursos.;A) Salir a desconectarme, beber y socializar.;C) Casi nunca.;8;C) Tranquilo, en casa y preparando la semana.
42;Mujer;A) Salir a beber con amigos y fiestas.;A) Salir a desconectarme, beber y socializar.;B) 1 o 2 veces.;1;C) Tranquilo, en casa y preparando la semana.
31;Hombre;C) Ahorrando o invirtiendolo.;C) Descansar en casa, planeando mi tiempo y gastos.;A) 4 o mas veces.;3;C) Tranquilo, en casa y preparando la semana.
25;Mujer;C) Ahorrando o invirtiendolo.;D) Buscar nuevas actividades o viajando.;D) Solo cuando hay un evento importante.;9;B) Activo, haciendo deporte y comiendo.
18;Mujer;B) Gimnasio, comida y salud.;A) Salir a desconectarme, beber y socializar.;C) Casi nunca.;6;D) Visitando un lugar nuevo o una actividad nueva.
24;Mujer;B) Gimnasio, comida y salud.;D) Buscar nuevas actividades o viajando.;B) 1 o 2 veces.;5;C) Tranquilo, en casa y preparando la semana.
15;Hombre;B) Gimnasio, comida y salud.;D) Buscar nuevas actividades o viajando.;C) Casi nunca.;6;C) Tranquilo, en casa y preparando la semana.
17;Mujer;B) Gimnasio, comida y salud.;D) Buscar nuevas actividades o viajando.;A) 4 o mas veces.;5;C) Tranquilo, en casa y preparando la semana.
25;Hombre;B) Gimnasio, comida y salud.;C) Descansar en casa, planeando mi tiempo y gastos.;B) 1 o 2 veces.;5;C) Tranquilo, en casa y preparando la semana.
29;Mujer;A) Salir a beber con amigos y fiestas.;B) Hacer ejercicio y meditar.;C) Casi nunca.;5;C) Tranquilo, en casa y preparando la semana.
38;Mujer;A) Salir a beber con amigos y fiestas.;D) Buscar nuevas actividades o viajando.;B) 1 o 2 veces.;2;C) Tranquilo, en casa y preparando la semana.
13;Mujer;A) Salir a beber con amigos y fiestas.;D) Buscar nuevas actividades o viajando.;C) Casi nunca.;5;C) Tranquilo, en casa y preparando la semana.
19;Mujer;B) Gimnasio, comida y salud.;D) Buscar nuevas actividades o viajando.;A) 4 o mas veces.;8;C) Tranquilo, en casa y preparando la semana.
23;Mujer;C) Ahorrando o invirtiendolo.;D) Buscar nuevas actividades o viajando.;C) Casi nunca.;6;A) Improvisado, con amigos y musica.
19;Hombre;B) Gimnasio, comida y salud.;B) Hacer ejercicio y meditar.;C) Casi nunca.;5;C) Tranquilo, en casa y preparando la semana.
40;Mujer;C) Ahorrando o invirtiendolo.;C) Descansar en casa, planeando mi tiempo y gastos.;D) Solo cuando hay un evento importante.;4;A) Improvisado, con amigos y musica.
15;Mujer;C) Ahorrando o invirtiendolo.;D) Buscar nuevas actividades o viajando.;B) 1 o 2 veces.;5;C) Tranquilo, en casa y preparando la semana.
37;Hombre;A) Salir a beber con amigos y fiestas.;C) Descansar en casa, planeando mi tiempo y gastos.;B) 1 o 2 veces.;8;C) Tranquilo, en casa y preparando la semana.
27;Mujer;A) Salir a beber con amigos y fiestas.;B) Hacer ejercicio y meditar.;C) Casi nunca.;9;C) Tranquilo, en casa y preparando la semana.
26;Mujer;A) Salir a beber con amigos y fiestas.;B) Hacer ejercicio y meditar.;B) 1 o 2 veces.;4;C) Tranquilo, en casa y preparando la semana.
33;Mujer;C) Ahorrando o invirtiendolo.;B) Hacer ejercicio y meditar.;B) 1 o 2 veces.;5;C) Tranquilo, en casa y preparando la semana.
13;Mujer;A) Salir a beber con amigos y fiestas.;C) Descansar en casa, planeando mi tiempo y gastos.;C) Casi nunca.;9;C) Tranquilo, en casa y preparando la semana.
64;Hombre;D) Viajes, conciertos, cursos.;D) Buscar nuevas actividades o viajando.;B) 1 o 2 veces.;7;A) Improvisado, con amigos y musica.
32;Mujer;D) Viajes, conciertos, cursos.;A) Salir a desconectarme, beber y socializar.;B) 1 o 2 veces.;3;C) Tranquilo, en casa y preparando la semana.
26;Hombre;B) Gimnasio, comida y salud.;B) Hacer ejercicio y meditar.;C) Casi nunca.;3;D) Visitando un lugar nuevo o una actividad nueva.
27;Mujer;A) Salir a beber con amigos y fiestas.;B) Hacer ejercicio y meditar.;C) Casi nunca.;5;C) Tranquilo, en casa y preparando la semana.
13;Mujer;D) Viajes, conciertos, cursos.;B) Hacer ejercicio y meditar.;D) Solo cuando hay un evento importante.;1;C) Tranquilo, en casa y preparando la semana.
17;Mujer;D) Viajes, conciertos, cursos.;B) Hacer ejercicio y meditar.;A) 4 o mas veces.;3;C) Tranquilo, en casa y preparando la semana.
22;Mujer;A) Salir a beber con amigos y fiestas.;C) Descansar en casa, planeando mi tiempo y gastos.;B) 1 o 2 veces.;1;C) Tranquilo, en casa y preparando la semana.
24;Mujer;A) Salir a beber con amigos y fiestas.;B) Hacer ejercicio y meditar.;B) 1 o 2 veces.;9;A) Improvisado, con amigos y musica.
31;Mujer;A) Salir a beber con amigos y fiestas.;D) Buscar nuevas actividades o viajando.;C) Casi nunca.;5;A) Improvisado, con amigos y musica.
25;Mujer;A) Salir a beber con amigos y fiestas.;B) Hacer ejercicio y meditar.;C) Casi nunca.;5;C) Tranquilo, en casa y preparando la semana.
13;Hombre;B) Gimnasio, comida y salud.;B) Hacer ejercicio y meditar.;C) Casi nunca.;4;C) Tranquilo, en casa y preparando la semana.
13;Mujer;C) Ahorrando o invirtiendolo.;D) Buscar nuevas actividades o viajando.;B) 1 o 2 veces.;7;C) Tranquilo, en casa y preparando la semana.
19;Hombre;A) Salir a beber con amigos y fiestas.;B) Hacer ejercicio y meditar.;B) 1 o 2 veces.;2;B) Activo, haciendo deporte y comiendo.
24;Hombre;B) Gimnasio, comida y salud.;C) Descansar en casa, planeando mi tiempo y gastos.;C) Casi nunca.;7;A) Improvisado, con amigos y musica.
45;Mujer;D) Viajes, conciertos, cursos.;A) Salir a desconectarme, beber y socializar.;C) Casi nunca.;9;A) Improvisado, con amigos y musica.
24;Hombre;B) Gimnasio, comida y salud.;C) Descansar en casa, planeando mi tiempo y gastos.;C) Casi nunca.;2;C) Tranquilo, en casa y preparando la semana.
18;Mujer;B) Gimnasio, comida y salud.;C) Descansar en casa, planeando mi tiempo y gastos.;B) 1 o 2 veces.;10;B) Activo, haciendo deporte y comiendo.
28;Mujer;B) Gimnasio, comida y salud.;C) Descansar en casa, planeando mi tiempo y gastos.;B) 1 o 2 veces.;5;B) Activo, haciendo deporte y comiendo.
24;Hombre;B) Gimnasio, comida y salud.;B) Hacer ejercicio y meditar.;C) Casi nunca.;3;C) Tranquilo, en casa y preparando la semana.
19;Mujer;D) Viajes, conciertos, cursos.;C) Descansar en casa, planeando mi tiempo y gastos.;B) 1 o 2 veces.;7;C) Tranquilo, en casa y preparando la semana.
13;Hombre;B) Gimnasio, comida y salud.;C) Descansar en casa, planeando mi tiempo y gastos.;C) Casi nunca.;9;C) Tranquilo, en casa y preparando la semana.
29;Hombre;D) Viajes, conciertos, cursos.;C) Descansar en casa, planeando mi tiempo y gastos.;B) 1 o 2 veces.;2;C) Tranquilo, en casa y preparando la semana.
49;Hombre;C) Ahorrando o invirtiendolo.;A) Salir a desconectarme, beber y socializar.;A) 4 o mas veces.;9;A) Improvisado, con amigos y musica.
54;Hombre;B) Gimnasio, comida y salud.;C) Descansar en casa, planeando mi tiempo y gastos.;A) 4 o mas veces.;2;A) Improvisado, con amigos y musica.
15;Hombre;C) Ahorrando o invirtiendolo.;D) Buscar nuevas actividades o viajando.;D) Solo cuando hay un evento importante.;7;D) Visitando un lugar nuevo o una actividad nueva.
13;Hombre;A) Salir a beber con amigos y fiestas.;C) Descansar en casa, planeando mi tiempo y gastos.;D) Solo cuando hay un evento importante.;6;C) Tranquilo, en casa y preparando la semana.
33;Mujer;B) Gimnasio, comida y salud.;B) Hacer ejercicio y meditar.;C) Casi nunca.;2;C) Tranquilo, en casa y preparando la semana.
33;Hombre;B) Gimnasio, comida y salud.;C) Descansar en casa, planeando mi tiempo y gastos.;C) Casi nunca.;5;A) Improvisado, con amigos y musica.
20;Hombre;C) Ahorrando o invirtiendolo.;A) Salir a desconectarme, beber y socializar.;C) Casi nunca.;7;C) Tranquilo, en casa y preparando la semana.
24;Mujer;B) Gimnasio, comida y salud.;C) Descansar en casa, planeando mi tiempo y gastos.;A) 4 o mas veces.;1;A) Improvisado, con amigos y musica.
31;Mujer;C) Ahorrando o invirtiendolo.;D) Buscar nuevas actividades o viajando.;D) Solo cuando hay un evento importante.;2;A) Improvisado, con amigos y musica.
21;Mujer;D) Viajes, conciertos, cursos.;B) Hacer ejercicio y meditar.;C) Casi nunca.;7;B) Activo, haciendo deporte y comiendo.
14;Mujer;C) Ahorrando o invirtiendolo.;A) Salir a desconectarme, beber y socializar.;A) 4 o mas veces.;5;A) Improvisado, con amigos y musica.
13;Mujer;B) Gimnasio, comida y salud.;C) Descansar en casa, planeando mi tiempo y gastos.;D) Solo cuando hay un evento importante.;7;C) Tranquilo, en casa y preparando la semana.
13;Mujer;B) Gimnasio, comida y salud.;C) Descansar en casa, planeando mi tiempo y gastos.;D) Solo cuando hay un evento importante.;7;C) Tranquilo, en casa y preparando la semana.
36;Mujer;D) Viajes, conciertos, cursos.;A) Salir a desconectarme, beber y socializar.;D) Solo cuando hay un evento importante.;7;B) Activo, haciendo deporte y comiendo.
13;Mujer;C) Ahorrando o invirtiendolo.;C) Descansar en casa, planeando mi tiempo y gastos.;B) 1 o 2 veces.;6;A) Improvisado, con amigos y musica.
17;Mujer;B) Gimnasio, comida y salud.;D) Buscar nuevas actividades o viajando.;D) Solo cuando hay un evento importante.;10;C) Tranquilo, en casa y preparando la semana.
33;Hombre;C) Ahorrando o invirtiendolo.;C) Descansar en casa, planeando mi tiempo y gastos.;C) Casi nunca.;7;B) Activo, haciendo deporte y comiendo.
24;Hombre;C) Ahorrando o invirtiendolo.;C) Descansar en casa, planeando mi tiempo y gastos.;D) Solo cuando hay un evento importante.;5;C) Tranquilo, en casa y preparando la semana.
13;Hombre;B) Gimnasio, comida y salud.;D) Buscar nuevas actividades o viajando.;C) Casi nunca.;4;A) Improvisado, con amigos y musica.
25;Mujer;C) Ahorrando o invirtiendolo.;B) Hacer ejercicio y meditar.;D) Solo cuando hay un evento importante.;10;C) Tranquilo, en casa y preparando la semana.
35;Hombre;B) Gimnasio, comida y salud.;D) Buscar nuevas actividades o viajando.;C) Casi nunca.;10;C) Tranquilo, en casa y preparando la semana.
27;Mujer;C) Ahorrando o invirtiendolo.;C) Descansar en casa, planeando mi tiempo y gastos.;C) Casi nunca.;7;C) Tranquilo, en casa y preparando la semana.
14;Hombre;C) Ahorrando o invirtiendolo.;C) Descansar en casa, planeando mi tiempo y gastos.;A) 4 o mas veces.;8;C) Tranquilo, en casa y preparando la semana.
40;Mujer;B) Gimnasio, comida y salud.;B) Hacer ejercicio y meditar.;D) Solo cuando hay un evento importante.;5;C) Tranquilo, en casa y preparando la semana.
14;Hombre;C) Ahorrando o invirtiendolo.;B) Hacer ejercicio y meditar.;A) 4 o mas veces.;7;D) Visitando un lugar nuevo o una actividad nueva.
15;Mujer;B) Gimnasio, comida y salud.;D) Buscar nuevas actividades o viajando.;B) 1 o 2 veces.;4;B) Activo, haciendo deporte y comiendo.
38;Hombre;B) Gimnasio, comida y salud.;A) Salir a desconectarme, beber y socializar.;C) Casi nunca.;3;C) Tranquilo, en casa y preparando la semana.
26;Mujer;B) Gimnasio, comida y salud.;D) Buscar nuevas actividades o viajando.;B) 1 o 2 veces.;4;C) Tranquilo, en casa y preparando la semana.
27;Mujer;D) Viajes, conciertos, cursos.;B) Hacer ejercicio y meditar.;B) 1 o 2 veces.;6;B) Activo, haciendo deporte y comiendo.
13;Hombre;B) Gimnasio, comida y salud.;B) Hacer ejercicio y meditar.;D) Solo cuando hay un evento importante.;3;C) Tranquilo, en casa y preparando la semana.
38;Mujer;D) Viajes, conciertos, cursos.;C) Descansar en casa, planeando mi tiempo y gastos.;B) 1 o 2 veces.;1;C) Tranquilo, en casa y preparando la semana.
13;Hombre;A) Salir a beber con amigos y fiestas.;C) Descansar en casa, planeando mi tiempo y gastos.;C) Casi nunca.;7;D) Visitando un lugar nuevo o una actividad nueva.
23;Hombre;A) Salir a beber con amigos y fiestas.;C) Descansar en casa, planeando mi tiempo y gastos.;C) Casi nunca.;2;C) Tranquilo, en casa y preparando la semana.
20;Hombre;B) Gimnasio, comida y salud.;B) Hacer ejercicio y meditar.;C) Casi nunca.;5;C) Tranquilo, en casa y preparando la semana.
24;Hombre;A) Salir a beber con amigos y fiestas.;C) Descansar en casa, planeando mi tiempo y gastos.;B) 1 o 2 veces.;4;D) Visitando un lugar nuevo o una actividad nueva.
13;Mujer;C) Ahorrando o invirtiendolo.;B) Hacer ejercicio y meditar.;C) Casi nunca.;5;C) Tranquilo, en casa y preparando la semana.
28;Hombre;C) Ahorrando o invirtiendolo.;C) Descansar en casa, planeando mi tiempo y gastos.;B) 1 o 2 veces.;8;C) Tranquilo, en casa y preparando la semana.
19;Mujer;C) Ahorrando o invirtiendolo.;C) Descansar en casa, planeando mi tiempo y gastos.;D) Solo cuando hay un evento importante.;5;C) Tranquilo, en casa y preparando la semana.
30;Hombre;B) Gimnasio, comida y salud.;D) Buscar nuevas actividades o viajando.;D) Solo cuando hay un evento importante.;6;A) Improvisado, con amigos y musica.
14;Hombre;B) Gimnasio, comida y salud.;A) Salir a desconectarme, beber y socializar.;B) 1 o 2 veces.;3;C) Tranquilo, en casa y preparando la semana.
59;Hombre;C) Ahorrando o invirtiendolo.;D) Buscar nuevas actividades o viajando.;B) 1 o 2 veces.;1;A) Improvisado, con amigos y musica.
26;Mujer;C) Ahorrando o invirtiendolo.;B) Hacer ejercicio y meditar.;B) 1 o 2 veces.;2;C) Tranquilo, en casa y preparando la semana.
46;Mujer;A) Salir a beber con amigos y fiestas.;A) Salir a desconectarme, beber y socializar.;B) 1 o 2 veces.;1;C) Tranquilo, en casa y preparando la semana.
20;Mujer;A) Salir a beber con amigos y fiestas.;B) Hacer ejercicio y meditar.;C) Casi nunca.;3;C) Tranquilo, en casa y preparando la semana.
22;Hombre;B) Gimnasio, comida y salud.;B) Hacer ejercicio y meditar.;A) 4 o mas veces.;3;A) Improvisado, con amigos y musica.
23;Hombre;B) Gimnasio, comida y salud.;B) Hacer ejercicio y meditar.;C) Casi nunca.;8;A) Improvisado, con amigos y musica.
49;Mujer;D) Viajes, conciertos, cursos.;C) Descansar en casa, planeando mi tiempo y gastos.;C) Casi nunca.;7;B) Activo, haciendo deporte y comiendo.
15;Mujer;C) Ahorrando o invirtiendolo.;A) Salir a desconectarme, beber y socializar.;B) 1 o 2 veces.;7;C) Tranquilo, en casa y preparando la semana.
32;Hombre;B) Gimnasio, comida y salud.;D) Buscar nuevas actividades o viajando.;B) 1 o 2 veces.;1;A) Improvisado, con amigos y musica.
22;Hombre;A) Salir a beber con amigos y fiestas.;D) Buscar nuevas actividades o viajando.;C) Casi nunca.;5;A) Improvisado, con amigos y musica.
44;Mujer;C) Ahorrando o invirtiendolo.;B) Hacer ejercicio y meditar.;C) Casi nunca.;9;A) Improvisado, con amigos y musica.
14;Mujer;B) Gimnasio, comida y salud.;C) Descansar en casa, planeando mi tiempo y gastos.;B) 1 o 2 veces.;8;C) Tranquilo, en casa y preparando la semana.
25;Mujer;B) Gimnasio, comida y salud.;A) Salir a desconectarme, beber y socializar.;B) 1 o 2 veces.;2;B) Activo, haciendo deporte y comiendo.
32;Mujer;A) Salir a beber con amigos y fiestas.;C) Descansar en casa, planeando mi tiempo y gastos.;C) Casi nunca.;4;B) Activo, haciendo deporte y comiendo.
34;Mujer;B) Gimnasio, comida y salud.;D) Buscar nuevas actividades o viajando.;C) Casi nunca.;7;B) Activo, haciendo deporte y comiendo.
22;Mujer;C) Ahorrando o invirtiendolo.;D) Buscar nuevas actividades o viajando.;D) Solo cuando hay un evento importante.;6;C) Tranquilo, en casa y preparando la semana.
37;Mujer;C) Ahorrando o invirtiendolo.;C) Descansar en casa, planeando mi tiempo y gastos.;C) Casi nunca.;7;C) Tranquilo, en casa y preparando la semana.
30;Mujer;A) Salir a beber con amigos y fiestas.;A) Salir a desconectarme, beber y socializar.;C) Casi nunca.;2;C) Tranquilo, en casa y preparando la semana.
17;Mujer;C) Ahorrando o invirtiendolo.;D) Buscar nuevas actividades o viajando.;B) 1 o 2 veces.;4;C) Tranquilo, en casa y preparando la semana.
22;Hombre;B) Gimnasio, comida y salud.;A) Salir a desconectarme, beber y socializar.;D) Solo cuando hay un evento importante.;6;C) Tranquilo, en casa y preparando la semana.
26;Hombre;C) Ahorrando o invirtiendolo.;C) Descansar en casa, planeando mi tiempo y gastos.;B) 1 o 2 veces.;6;D) Visitando un lugar nuevo o una actividad nueva.
23;Mujer;D) Viajes, conciertos, cursos.;D) Buscar nuevas actividades o viajando.;B) 1 o 2 veces.;7;A) Improvisado, con amigos y musica.
23;Hombre;D) Viajes, conciertos, cursos.;A) Salir a desconectarme, beber y socializar.;C) Casi nunca.;4;C) Tranquilo, en casa y preparando la semana.
37;Hombre;C) Ahorrando o invirtiendolo.;A) Salir a desconectarme, beber y socializar.;C) Casi nunca.;6;C) Tranquilo, en casa y preparando la semana.
24;Mujer;B) Gimnasio, comida y salud.;C) Descansar en casa, planeando mi tiempo y gastos.;C) Casi nunca.;4;C) Tranquilo, en casa y preparando la semana.
39;Mujer;C) Ahorrando o invirtiendolo.;C) Descansar en casa, planeando mi tiempo y gastos.;D) Solo cuando hay un evento importante.;5;A) Improvisado, con amigos y musica.
59;Mujer;C) Ahorrando o invirtiendolo.;C) Descansar en casa, planeando mi tiempo y gastos.;A) 4 o mas veces.;8;C) Tranquilo, en casa y preparando la semana.
13;Mujer;D) Viajes, conciertos, cursos.;A) Salir a desconectarme, beber y socializar.;C) Casi nunca.;6;D) Visitando un lugar nuevo o una actividad nueva.
32;Mujer;C) Ahorrando o invirtiendolo.;A) Salir a desconectarme, beber y socializar.;B) 1 o 2 veces.;5;A) Improvisado, con amigos y musica.
40;Hombre;A) Salir a beber con amigos y fiestas.;C) Descansar en casa, planeando mi tiempo y gastos.;A) 4 o mas veces.;2;C) Tranquilo, en casa y preparando la semana.
13;Hombre;C) Ahorrando o invirtiendolo.;B) Hacer ejercicio y meditar.;C) Casi nunca.;8;C) Tranquilo, en casa y preparando la semana.
26;Mujer;A) Salir a beber con amigos y fiestas.;C) Descansar en casa, planeando mi tiempo y gastos.;C) Casi nunca.;6;B) Activo, haciendo deporte y comiendo.
20;Hombre;C) Ahorrando o invirtiendolo.;A) Salir a desconectarme, beber y socializar.;B) 1 o 2 veces.;7;A) Improvisado, con amigos y musica.
15;Hombre;B) Gimnasio, comida y salud.;A) Salir a desconectarme, beber y socializar.;B) 1 o 2 veces.;7;C) Tranquilo, en casa y preparando la semana.
16;Hombre;C) Ahorrando o invirtiendolo.;B) Hacer ejercicio y meditar.;B) 1 o 2 veces.;5;C) Tranquilo, en casa y preparando la semana.
35;Mujer;B) Gimnasio, comida y salud.;B) Hacer ejercicio y meditar.;C) Casi nunca.;10;C) Tranquilo, en casa y preparando la semana.
13;Mujer;C) Ahorrando o invirtiendolo.;B) Hacer ejercicio y meditar.;C) Casi nunca.;5;C) Tranquilo, en casa y preparando la semana.
15;Mujer;C) Ahorrando o invirtiendolo.;C) Descansar en casa, planeando mi tiempo y gastos.;B) 1 o 2 veces.;9;A) Improvisado, con amigos y musica.
23;Hombre;D) Viajes, conciertos, cursos.;D) Buscar nuevas actividades o viajando.;B) 1 o 2 veces.;1;A) Improvisado, con amigos y musica.
31;Mujer;C) Ahorrando o invirtiendolo.;B) Hacer ejercicio y meditar.;C) Casi nunca.;4;A) Improvisado, con amigos y musica.
25;Mujer;C) Ahorrando o invirtiendolo.;D) Buscar nuevas actividades o viajando.;D) Solo cuando hay un evento importante.;10;C) Tranquilo, en casa y preparando la semana.
25;Mujer;A) Salir a beber con amigos y fiestas.;A) Salir a desconectarme, beber y socializar.;D) Solo cuando hay un evento importante.;7;A) Improvisado, con amigos y musica.
25;Hombre;B) Gimnasio, comida y salud.;B) Hacer ejercicio y meditar.;C) Casi nunca.;4;A) Improvisado, con amigos y musica.
15;Mujer;C) Ahorrando o invirtiendolo.;C) Descansar en casa, planeando mi tiempo y gastos.;C) Casi nunca.;6;C) Tranquilo, en casa y preparando la semana.
52;Mujer;B) Gimnasio, comida y salud.;B) Hacer ejercicio y meditar.;D) Solo cuando hay un evento importante.;2;C) Tranquilo, en casa y preparando la semana.
23;Hombre;D) Viajes, conciertos, cursos.;C) Descansar en casa, planeando mi tiempo y gastos.;C) Casi nunca.;8;C) Tranquilo, en casa y preparando la semana.
28;Mujer;A) Salir a beber con amigos y fiestas.;B) Hacer ejercicio y meditar.;C) Casi nunca.;4;A) Improvisado, con amigos y musica.
13;Hombre;A) Salir a beber con amigos y fiestas.;B) Hacer ejercicio y meditar.;B) 1 o 2 veces.;4;C) Tranquilo, en casa y preparando la semana.
37;Hombre;A) Salir a beber con amigos y fiestas.;B) Hacer ejercicio y meditar.;B) 1 o 2 veces.;1;B) Activo, haciendo deporte y comiendo.
19;Mujer;B) Gimnasio, comida y salud.;B) Hacer ejercicio y meditar.;B) 1 o 2 veces.;4;B) Activo, haciendo deporte y comiendo.
42;Hombre;B) Gimnasio, comida y salud.;A) Salir a desconectarme, beber y socializar.;B) 1 o 2 veces.;8;D) Visitando un lugar nuevo o una actividad nueva.
44;Mujer;D) Viajes, conciertos, cursos.;B) Hacer ejercicio y meditar.;D) Solo cuando hay un evento importante.;8;A) Improvisado, con amigos y musica.
35;Hombre;A) Salir a beber con amigos y fiestas.;D) Buscar nuevas actividades o viajando.;B) 1 o 2 veces.;8;B) Activo, haciendo deporte y comiendo.
34;Mujer;B) Gimnasio, comida y salud.;A) Salir a desconectarme, beber y socializar.;B) 1 o 2 veces.;10;C) Tranquilo, en casa y preparando la semana.
13;Mujer;D) Viajes, conciertos, cursos.;A) Salir a desconectarme, beber y socializar.;A) 4 o mas veces.;4;D) Visitando un lugar nuevo o una actividad nueva.
28;Mujer;A) Salir a beber con amigos y fiestas.;C) Descansar en casa, planeando mi tiempo y gastos.;C) Casi nunca.;5;B) Activo, haciendo deporte y comiendo.
24;Mujer;C) Ahorrando o invirtiendolo.;C) Descansar en casa, planeando mi tiempo y gastos.;C) Casi nunca.;9;B) Activo, haciendo deporte y comiendo.
29;Mujer;A) Salir a beber con amigos y fiestas.;B) Hacer ejercicio y meditar.;D) Solo cuando hay un evento importante.;5;C) Tranquilo, en casa y preparando la semana.
31;Mujer;A) Salir a beber con amigos y fiestas.;D) Buscar nuevas actividades o viajando.;B) 1 o 2 veces.;5;C) Tranquilo, en casa y preparando la semana.
16;Mujer;A) Salir a beber con amigos y fiestas.;A) Salir a desconectarme, beber y socializar.;D) Solo cuando hay un evento importante.;1;C) Tranquilo, en casa y preparando la semana.
26;Mujer;B) Gimnasio, comida y salud.;D) Buscar nuevas actividades o viajando.;C) Casi nunca.;10;A) Improvisado, con amigos y musica.
31;Hombre;B) Gimnasio, comida y salud.;A) Salir a desconectarme, beber y socializar.;D) Solo cuando hay un evento importante.;1;A) Improvisado, con amigos y musica.
38;Mujer;D) Viajes, conciertos, cursos.;D) Buscar nuevas actividades o viajando.;D) Solo cuando hay un evento importante.;6;C) Tranquilo, en casa y preparando la semana.
15;Mujer;C) Ahorrando o invirtiendolo.;D) Buscar nuevas actividades o viajando.;B) 1 o 2 veces.;1;C) Tranquilo, en casa y preparando la semana.
27;Mujer;C) Ahorrando o invirtiendolo.;D) Buscar nuevas actividades o viajando.;B) 1 o 2 veces.;6;C) Tranquilo, en casa y preparando la semana.
17;Mujer;B) Gimnasio, comida y salud.;A) Salir a desconectarme, beber y socializar.;A) 4 o mas veces.;2;C) Tranquilo, en casa y preparando la semana.
13;Hombre;C) Ahorrando o invirtiendolo.;A) Salir a desconectarme, beber y socializar.;C) Casi nunca.;4;A) Improvisado, con amigos y musica.
19;Mujer;A) Salir a beber con amigos y fiestas.;A) Salir a desconectarme, beber y socializar.;D) Solo cuando hay un evento importante.;5;A) Improvisado, con amigos y musica.
13;Mujer;B) Gimnasio, comida y salud.;B) Hacer ejercicio y meditar.;D) Solo cuando hay un evento importante.;8;C) Tranquilo, en casa y preparando la semana.
29;Hombre;A) Salir a beber con amigos y fiestas.;C) Descansar en casa, planeando mi tiempo y gastos.;D) Solo cuando hay un evento importante.;1;D) Visitando un lugar nuevo o una actividad nueva.
14;Mujer;B) Gimnasio, comida y salud.;A) Salir a desconectarme, beber y socializar.;D) Solo cuando hay un evento importante.;3;B) Activo, haciendo deporte y comiendo.
22;Mujer;D) Viajes, conciertos, cursos.;A) Salir a desconectarme, beber y socializar.;C) Casi nunca.;2;C) Tranquilo, en casa y preparando la semana.
13;Mujer;B) Gimnasio, comida y salud.;C) Descansar en casa, planeando mi tiempo y gastos.;C) Casi nunca.;3;C) Tranquilo, en casa y preparando la semana.
32;Hombre;B) Gimnasio, comida y salud.;A) Salir a desconectarme, beber y socializar.;C) Casi nunca.;8;C) Tranquilo, en casa y preparando la semana.
13;Mujer;B) Gimnasio, comida y salud.;B) Hacer ejercicio y meditar.;D) Solo cuando hay un evento importante.;10;C) Tranquilo, en casa y preparando la semana.
13;Hombre;B) Gimnasio, comida y salud.;D) Buscar nuevas actividades o viajando.;C) Casi nunca.;7;A) Improvisado, con amigos y musica.
20;Hombre;A) Salir a beber con amigos y fiestas.;C) Descansar en casa, planeando mi tiempo y gastos.;B) 1 o 2 veces.;4;C) Tranquilo, en casa y preparando la semana.
61;Mujer;A) Salir a beber con amigos y fiestas.;C) Descansar en casa, planeando mi tiempo y gastos.;D) Solo cuando hay un evento importante.;3;D) Visitando un lugar nuevo o una actividad nueva.
27;Mujer;A) Salir a beber con amigos y fiestas.;B) Hacer ejercicio y meditar.;D) Solo cuando hay un evento importante.;10;B) Activo, haciendo deporte y comiendo.
20;Mujer;C) Ahorrando o invirtiendolo.;C) Descansar en casa, planeando mi tiempo y gastos.;C) Casi nunca.;6;C) Tranquilo, en casa y preparando la semana.
25;Mujer;C) Ahorrando o invirtiendolo.;C) Descansar en casa, planeando mi tiempo y gastos.;B) 1 o 2 veces.;6;C) Tranquilo, en casa y preparando la semana.
24;Hombre;C) Ahorrando o invirtiendolo.;A) Salir a desconectarme, beber y socializar.;B) 1 o 2 veces.;7;C) Tranquilo, en casa y preparando la semana.
34;Hombre;C) Ahorrando o invirtiendolo.;C) Descansar en casa, planeando mi tiempo y gastos.;B) 1 o 2 veces.;7;A) Improvisado, con amigos y musica.
41;Hombre;B) Gimnasio, comida y salud.;A) Salir a desconectarme, beber y socializar.;D) Solo cuando hay un evento importante.;8;C) Tranquilo, en casa y preparando la semana.
29;Hombre;B) Gimnasio, comida y salud.;D) Buscar nuevas actividades o viajando.;D) Solo cuando hay un evento importante.;5;C) Tranquilo, en casa y preparando la semana.
41;Mujer;C) Ahorrando o invirtiendolo.;B) Hacer ejercicio y meditar.;B) 1 o 2 veces.;6;A) Improvisado, con amigos y musica.
13;Hombre;B) Gimnasio, comida y salud.;C) Descansar en casa, planeando mi tiempo y gastos.;B) 1 o 2 veces.;3;A) Improvisado, con amigos y musica.
13;Hombre;B) Gimnasio, comida y salud.;A) Salir a desconectarme, beber y socializar.;C) Casi nunca.;6;C) Tranquilo, en casa y preparando la semana.
13;Mujer;C) Ahorrando o invirtiendolo.;D) Buscar nuevas actividades o viajando.;D) Solo cuando hay un evento importante.;8;C) Tranquilo, en casa y preparando la semana.
30;Mujer;D) Viajes, conciertos, cursos.;A) Salir a desconectarme, beber y socializar.;B) 1 o 2 veces.;2;C) Tranquilo, en casa y preparando la semana.
18;Mujer;B) Gimnasio, comida y salud.;C) Descansar en casa, planeando mi tiempo y gastos.;D) Solo cuando hay un evento importante.;4;C) Tranquilo, en casa y preparando la semana.
27;Hombre;C) Ahorrando o invirtiendolo.;B) Hacer ejercicio y meditar.;C) Casi nunca.;6;C) Tranquilo, en casa y preparando la semana.
27;Mujer;C) Ahorrando o invirtiendolo.;B) Hacer ejercicio y meditar.;C) Casi nunca.;6;C) Tranquilo, en casa y preparando la semana.
20;Hombre;D) Viajes, conciertos, cursos.;B) Hacer ejercicio y meditar.;A) 4 o mas veces.;5;C) Tranquilo, en casa y preparando la semana.
36;Mujer;C) Ahorrando o invirtiendolo.;B) Hacer ejercicio y meditar.;A) 4 o mas veces.;8;C) Tranquilo, en casa y preparando la semana.
13;Mujer;C) Ahorrando o invirtiendolo.;A) Salir a desconectarme, beber y socializar.;D) Solo cuando hay un evento importante.;6;B) Activo, haciendo deporte y comiendo.
13;Hombre;C) Ahorrando o invirtiendolo.;C) Descansar en casa, planeando mi tiempo y gastos.;B) 1 o 2 veces.;3;C) Tranquilo, en casa y preparando la semana.
38;Mujer;B) Gimnasio, comida y salud.;B) Hacer ejercicio y meditar.;C) Casi nunca.;2;A) Improvisado, con amigos y musica.
13;Mujer;C) Ahorrando o invirtiendolo.;B) Hacer ejercicio y meditar.;C) Casi nunca.;6;A) Improvisado, con amigos y musica.
54;Mujer;B) Gimnasio, comida y salud.;D) Buscar nuevas actividades o viajando.;B) 1 o 2 veces.;1;D) Visitando un lugar nuevo o una actividad nueva.
13;Hombre;C) Ahorrando o invirtiendolo.;B) Hacer ejercicio y meditar.;B) 1 o 2 veces.;8;D) Visitando un lugar nuevo o una actividad nueva.
18;Hombre;C) Ahorrando o invirtiendolo.;C) Descansar en casa, planeando mi tiempo y gastos.;D) Solo cuando hay un evento importante.;1;C) Tranquilo, en casa y preparando la semana.
35;Mujer;B) Gimnasio, comida y salud.;C) Descansar en casa, planeando mi tiempo y gastos.;C) Casi nunca.;7;B) Activo, haciendo deporte y comiendo.
29;Mujer;B) Gimnasio, comida y salud.;A) Salir a desconectarme, beber y socializar.;B) 1 o 2 veces.;6;C) Tranquilo, en casa y preparando la semana.
40;Hombre;D) Viajes, conciertos, cursos.;C) Descansar en casa, planeando mi tiempo y gastos.;B) 1 o 2 veces.;6;A) Improvisado, con amigos y musica.
13;Mujer;A) Salir a beber con amigos y fiestas.;C) Descansar en casa, planeando mi tiempo y gastos.;B) 1 o 2 veces.;7;C) Tranquilo, en casa y preparando la semana.
29;Mujer;C) Ahorrando o invirtiendolo.;D) Buscar nuevas actividades o viajando.;B) 1 o 2 veces.;9;C) Tranquilo, en casa y preparando la semana.
30;Hombre;B) Gimnasio, comida y salud.;C) Descansar en casa, planeando mi tiempo y gastos.;C) Casi nunca.;5;D) Visitando un lugar nuevo o una actividad nueva.
42;Hombre;B) Gimnasio, comida y salud.;C) Descansar en casa, planeando mi tiempo y gastos.;B) 1 o 2 veces.;4;C) Tranquilo, en casa y preparando la semana.
27;Mujer;B) Gimnasio, comida y salud.;B) Hacer ejercicio y meditar.;B) 1 o 2 veces.;2;A) Improvisado, con amigos y musica.
15;Hombre;A) Salir a beber con amigos y fiestas.;B) Hacer ejercicio y meditar.;B) 1 o 2 veces.;7;A) Improvisado, con amigos y musica.
33;Hombre;C) Ahorrando o invirtiendolo.;B) Hacer ejercicio y meditar.;B) 1 o 2 veces.;3;C) Tranquilo, en casa y preparando la semana.
26;Mujer;B) Gimnasio, comida y salud.;B) Hacer ejercicio y meditar.;D) Solo cuando hay un evento importante.;5;B) Activo, haciendo deporte y comiendo.
27;Mujer;D) Viajes, conciertos, cursos.;B) Hacer ejercicio y meditar.;C) Casi nunca.;3;B) Activo, haciendo deporte y comiendo.
31;Mujer;D) Viajes, conciertos, cursos.;B) Hacer ejercicio y meditar.;B) 1 o 2 veces.;2;A) Improvisado, con amigos y musica.
40;Mujer;C) Ahorrando o invirtiendolo.;B) Hacer ejercicio y meditar.;C) Casi nunca.;5;C) Tranquilo, en casa y preparando la semana.
25;Mujer;A) Salir a beber con amigos y fiestas.;B) Hacer ejercicio y meditar.;C) Casi nunca.;3;C) Tranquilo, en casa y preparando la semana.
13;Mujer;C) Ahorrando o invirtiendolo.;B) Hacer ejercicio y meditar.;C) Casi nunca.;8;C) Tranquilo, en casa y preparando la semana.
29;Hombre;A) Salir a beber con amigos y fiestas.;C) Descansar en casa, planeando mi tiempo y gastos.;C) Casi nunca.;6;C) Tranquilo, en casa y preparando la semana.
25;Mujer;B) Gimnasio, comida y salud.;B) Hacer ejercicio y meditar.;B) 1 o 2 veces.;9;B) Activo, haciendo deporte y comiendo.
36;Mujer;D) Viajes, conciertos, cursos.;A) Salir a desconectarme, beber y socializar.;D) Solo cuando hay un evento importante.;1;C) Tranquilo, en casa y preparando la semana.
24;Mujer;A) Salir a beber con amigos y fiestas.;B) Hacer ejercicio y meditar.;D) Solo cuando hay un evento importante.;2;B) Activo, haciendo deporte y comiendo.
19;Hombre;A) Salir a beber con amigos y fiestas.;C) Descansar en casa, planeando mi tiempo y gastos.;B) 1 o 2 veces.;5;C) Tranquilo, en casa y preparando la semana.
42;Hombre;B) Gimnasio, comida y salud.;A) Salir a desconectarme, beber y socializar.;B) 1 o 2 veces.;4;B) Activo, haciendo deporte y comiendo.
13;Hombre;D) Viajes, conciertos, cursos.;A) Salir a desconectarme, beber y socializar.;D) Solo cuando hay un evento importante.;1;C) Tranquilo, en casa y preparando la semana.
23;Hombre;C) Ahorrando o invirtiendolo.;A) Salir a desconectarme, beber y socializar.;D) Solo cuando hay un evento importante.;5;C) Tranquilo, en casa y preparando la semana.
13;Mujer;B) Gimnasio, comida y salud.;B) Hacer ejercicio y meditar.;B) 1 o 2 veces.;6;C) Tranquilo, en casa y preparando la semana.
24;Mujer;B) Gimnasio, comida y salud.;B) Hacer ejercicio y meditar.;B) 1 o 2 veces.;2;A) Improvisado, con amigos y musica.
58;Hombre;A) Salir a beber con amigos y fiestas.;D) Buscar nuevas actividades o viajando.;C) Casi nunca.;10;C) Tranquilo, en casa y preparando la semana.
42;Hombre;B) Gimnasio, comida y salud.;D) Buscar nuevas actividades o viajando.;D) Solo cuando hay un evento importante.;2;C) Tranquilo, en casa y preparando la semana.
27;Hombre;C) Ahorrando o invirtiendolo.;A) Salir a desconectarme, beber y socializar.;C) Casi nunca.;6;C) Tranquilo, en casa y preparando la semana.
30;Mujer;D) Viajes, conciertos, cursos.;B) Hacer ejercicio y meditar.;B) 1 o 2 veces.;10;C) Tranquilo, en casa y preparando la semana.
25;Mujer;D) Viajes, conciertos, cursos.;B) Hacer ejercicio y meditar.;C) Casi nunca.;8;C) Tranquilo, en casa y preparando la semana.
21;Hombre;C) Ahorrando o invirtiendolo.;B) Hacer ejercicio y meditar.;A) 4 o mas veces.;5;C) Tranquilo, en casa y preparando la semana.
26;Mujer;B) Gimnasio, comida y salud.;B) Hacer ejercicio y meditar.;A) 4 o mas veces.;4;C) Tranquilo, en casa y preparando la semana.
14;Mujer;B) Gimnasio, comida y salud.;D) Buscar nuevas actividades o viajando.;C) Casi nunca.;7;A) Improvisado, con amigos y musica.
23;Mujer;C) Ahorrando o invirtiendolo.;B) Hacer ejercicio y meditar.;D) Solo cuando hay un evento importante.;8;A) Improvisado, con amigos y musica.
13;Mujer;C) Ahorrando o invirtiendolo.;A) Salir a desconectarme, beber y socializar.;B) 1 o 2 veces.;4;A) Improvisado, con amigos y musica.
20;Mujer;B) Gimnasio, comida y salud.;C) Descansar en casa, planeando mi tiempo y gastos.;D) Solo cuando hay un evento importante.;7;C) Tranquilo, en casa y preparando la semana.
30;Mujer;A) Salir a beber con amigos y fiestas.;B) Hacer ejercicio y meditar.;B) 1 o 2 veces.;5;C) Tranquilo, en casa y preparando la semana.
20;Mujer;B) Gimnasio, comida y salud.;A) Salir a desconectarme, beber y socializar.;D) Solo cuando hay un evento importante.;5;C) Tranquilo, en casa y preparando la semana.
38;Mujer;A) Salir a beber con amigos y fiestas.;C) Descansar en casa, planeando mi tiempo y gastos.;A) 4 o mas veces.;4;A) Improvisado, con amigos y musica.
20;Mujer;A) Salir a beber con amigos y fiestas.;B) Hacer ejercicio y meditar.;B) 1 o 2 veces.;6;C) Tranquilo, en casa y preparando la semana.
14;Mujer;C) Ahorrando o invirtiendolo.;A) Salir a desconectarme, beber y socializar.;C) Casi nunca.;4;C) Tranquilo, en casa y preparando la semana.
30;Hombre;B) Gimnasio, comida y salud.;C) Descansar en casa, planeando mi tiempo y gastos.;B) 1 o 2 veces.;4;D) Visitando un lugar nuevo o una actividad nueva.
18;Mujer;D) Viajes, conciertos, cursos.;A) Salir a desconectarme, beber y socializar.;C) Casi nunca.;9;D) Visitando un lugar nuevo o una actividad nueva.
35;Mujer;C) Ahorrando o invirtiendolo.;C) Descansar en casa, planeando mi tiempo y gastos.;D) Solo cuando hay un evento importante.;9;D) Visitando un lugar nuevo o una actividad nueva.
63;Mujer;B) Gimnasio, comida y salud.;A) Salir a desconectarme, beber y socializar.;C) Casi nunca.;8;B) Activo, haciendo deporte y comiendo.
25;Mujer;A) Salir a beber con amigos y fiestas.;D) Buscar nuevas actividades o viajando.;D) Solo cuando hay un evento importante.;4;C) Tranquilo, en casa y preparando la semana.
13;Mujer;B) Gimnasio, comida y salud.;C) Descansar en casa, planeando mi tiempo y gastos.;A) 4 o mas veces.;7;C) Tranquilo, en casa y preparando la semana.
30;Mujer;C) Ahorrando o invirtiendolo.;C) Descansar en casa, planeando mi tiempo y gastos.;B) 1 o 2 veces.;5;D) Visitando un lugar nuevo o una actividad nueva.
23;Hombre;B) Gimnasio, comida y salud.;D) Buscar nuevas actividades o viajando.;C) Casi nunca.;3;C) Tranquilo, en casa y preparando la semana.
34;Mujer;C) Ahorrando o invirtiendolo.;C) Descansar en casa, planeando mi tiempo y gastos.;C) Casi nunca.;8;C) Tranquilo, en casa y preparando la semana.
28;Mujer;A) Salir a beber con amigos y fiestas.;A) Salir a desconectarme, beber y socializar.;C) Casi nunca.;3;C) Tranquilo, en casa y preparando la semana.
15;Mujer;B) Gimnasio, comida y salud.;B) Hacer ejercicio y meditar.;C) Casi nunca.;4;D) Visitando un lugar nuevo o una actividad nueva.
27;Mujer;D) Viajes, conciertos, cursos.;D) Buscar nuevas actividades o viajando.;C) Casi nunca.;7;A) Improvisado, con amigos y musica.
23;Mujer;B) Gimnasio, comida y salud.;C) Descansar en casa, planeando mi tiempo y gastos.;B) 1 o 2 veces.;7;C) Tranquilo, en casa y preparando la semana.
13;Mujer;C) Ahorrando o invirtiendolo.;C) Descansar en casa, planeando mi tiempo y gastos.;D) Solo cuando hay un evento importante.;6;C) Tranquilo, en casa y preparando la semana.
21;Mujer;B) Gimnasio, comida y salud.;D) Buscar nuevas actividades o viajando.;B) 1 o 2 veces.;4;A) Improvisado, con amigos y musica.
58;Mujer;C) Ahorrando o invirtiendolo.;B) Hacer ejercicio y meditar.;B) 1 o 2 veces.;7;B) Activo, haciendo deporte y comiendo.
35;Hombre;C) Ahorrando o invirtiendolo.;C) Descansar en casa, planeando mi tiempo y gastos.;B) 1 o 2 veces.;8;C) Tranquilo, en casa y preparando la semana.
13;Mujer;B) Gimnasio, comida y salud.;C) Descansar en casa, planeando mi tiempo y gastos.;B) 1 o 2 veces.;8;A) Improvisado, con amigos y musica.
18;Mujer;D) Viajes, conciertos, cursos.;D) Buscar nuevas actividades o viajando.;C) Casi nunca.;1;A) Improvisado, con amigos y musica.
15;Mujer;D) Viajes, conciertos, cursos.;D) Buscar nuevas actividades o viajando.;A) 4 o mas veces.;7;C) Tranquilo, en casa y preparando la semana.
37;Mujer;A) Salir a beber con amigos y fiestas.;A) Salir a desconectarme, beber y socializar.;B) 1 o 2 veces.;9;C) Tranquilo, en casa y preparando la semana.
13;Mujer;B) Gimnasio, comida y salud.;C) Descansar en casa, planeando mi tiempo y gastos.;D) Solo cuando hay un evento importante.;5;A) Improvisado, con amigos y musica.
19;Mujer;D) Viajes, conciertos, cursos.;C) Descansar en casa, planeando mi tiempo y gastos.;C) Casi nunca.;9;C) Tranquilo, en casa y preparando la semana.
30;Mujer;B) Gimnasio, comida y salud.;C) Descansar en casa, planeando mi tiempo y gastos.;D) Solo cuando hay un evento importante.;7;A) Improvisado, con amigos y musica.
14;Hombre;B) Gimnasio, comida y salud.;C) Descansar en casa, planeando mi tiempo y gastos.;D) Solo cuando hay un evento importante.;4;C) Tranquilo, en casa y preparando la semana.
27;Mujer;D) Viajes, conciertos, cursos.;B) Hacer ejercicio y meditar.;D) Solo cuando hay un evento importante.;1;A) Improvisado, con amigos y musica.
18;Hombre;C) Ahorrando o invirtiendolo.;B) Hacer ejercicio y meditar.;C) Casi nunca.;5;C) Tranquilo, en casa y preparando la semana.
13;Mujer;D) Viajes, conciertos, cursos.;B) Hacer ejercicio y meditar.;C) Casi nunca.;6;C) Tranquilo, en casa y preparando la semana.
31;Mujer;D) Viajes, conciertos, cursos.;B) Hacer ejercicio y meditar.;D) Solo cuando hay un evento importante.;6;A) Improvisado, con amigos y musica.
59;Mujer;D) Viajes, conciertos, cursos.;A) Salir a desconectarme, beber y socializar.;C) Casi nunca.;7;D) Visitando un lugar nuevo o una actividad nueva.
38;Hombre;B) Gimnasio, comida y salud.;B) Hacer ejercicio y meditar.;B) 1 o 2 veces.;4;C) Tranquilo, en casa y preparando la semana.
14;Mujer;D) Viajes, conciertos, cursos.;C) Descansar en casa, planeando mi tiempo y gastos.;B) 1 o 2 veces.;3;C) Tranquilo, en casa y preparando la semana.
26;Mujer;A) Salir a beber con amigos y fiestas.;B) Hacer ejercicio y meditar.;B) 1 o 2 veces.;9;C) Tranquilo, en casa y preparando la semana.
39;Mujer;B) Gimnasio, comida y salud.;B) Hacer ejercicio y meditar.;B) 1 o 2 veces.;6;C) Tranquilo, en casa y preparando la semana.
18;Hombre;B) Gimnasio, comida y salud.;C) Descansar en casa, planeando mi tiempo y gastos.;D) Solo cuando hay un evento importante.;4;C) Tranquilo, en casa y preparando la semana.
22;Hombre;C) Ahorrando o invirtiendolo.;C) Descansar en casa, planeando mi tiempo y gastos.;A) 4 o mas veces.;4;C) Tranquilo, en casa y preparando la semana.
21;Hombre;D) Viajes, conciertos, cursos.;B) Hacer ejercicio y meditar.;C) Casi nunca.;2;A) Improvisado, con amigos y musica.
15;Hombre;C) Ahorrando o invirtiendolo.;C) Descansar en casa, planeando mi tiempo y gastos.;C) Casi nunca.;3;C) Tranquilo, en casa y preparando la semana.
27;Hombre;A) Salir a beber con amigos y fiestas.;C) Descansar en casa, planeando mi tiempo y gastos.;C) Casi nunca.;7;C) Tranquilo, en casa y preparando la semana.
24;Mujer;B) Gimnasio, comida y salud.;B) Hacer ejercicio y meditar.;C) Casi nunca.;1;A) Improvisado, con amigos y musica.
46;Mujer;B) Gimnasio, comida y salud.;A) Salir a desconectarme, beber y socializar.;B) 1 o 2 veces.;1;B) Activo, haciendo deporte y comiendo.
13;Hombre;C) Ahorrando o invirtiendolo.;A) Salir a desconectarme, beber y socializar.;C) Casi nunca.;4;C) Tranquilo, en casa y preparando la semana.
18;Mujer;B) Gimnasio, comida y salud.;D) Buscar nuevas actividades o viajando.;B) 1 o 2 veces.;8;C) Tranquilo, en casa y preparando la semana.
20;Mujer;D) Viajes, conciertos, cursos.;A) Salir a desconectarme, beber y socializar.;B) 1 o 2 veces.;6;C) Tranquilo, en casa y preparando la semana.
31;Mujer;D) Viajes, conciertos, cursos.;B) Hacer ejercicio y meditar.;B) 1 o 2 veces.;4;C) Tranquilo, en casa y preparando la semana.
14;Mujer;D) Viajes, conciertos, cursos.;B) Hacer ejercicio y meditar.;D) Solo cuando hay un evento importante.;7;C) Tranquilo, en casa y preparando la semana.
33;Mujer;D) Viajes, conciertos, cursos.;A) Salir a desconectarme, beber y socializar.;A) 4 o mas veces.;4;D) Visitando un lugar nuevo o una actividad nueva.
40;Mujer;A) Salir a beber con amigos y fiestas.;D) Buscar nuevas actividades o viajando.;C) Casi nunca.;7;C) Tranquilo, en casa y preparando la semana.
20;Mujer;C) Ahorrando o invirtiendolo.;C) Descansar en casa, planeando mi tiempo y gastos.;D) Solo cuando hay un evento importante.;3;A) Improvisado, con amigos y musica.
18;Hombre;D) Viajes, conciertos, cursos.;B) Hacer ejercicio y meditar.;C) Casi nunca.;6;A) Improvisado, con amigos y musica.
16;Hombre;C) Ahorrando o invirtiendolo.;C) Descansar en casa, planeando mi tiempo y gastos.;C) Casi nunca.;6;A) Improvisado, con amigos y musica.
34;Mujer;B) Gimnasio, comida y salud.;C) Descansar en casa, planeando mi tiempo y gastos.;B) 1 o 2 veces.;1;A) Improvisado, con amigos y musica.
61;Hombre;B) Gimnasio, comida y salud.;A) Salir a desconectarme, beber y socializar.;D) Solo cuando hay un evento importante.;6;B) Activo, haciendo deporte y comiendo.
29;Mujer;D) Viajes, conciertos, cursos.;B) Hacer ejercicio y meditar.;A) 4 o mas veces.;3;D) Visitando un lugar nuevo o una actividad nueva.
31;Hombre;C) Ahorrando o invirtiendolo.;C) Descansar en casa, planeando mi tiempo y gastos.;A) 4 o mas veces.;4;C) Tranquilo, en casa y preparando la semana.
29;Hombre;D) Viajes, conciertos, cursos.;B) Hacer ejercicio y meditar.;D) Solo cuando hay un evento importante.;5;C) Tranquilo, en casa y preparando la semana.
35;Mujer;B) Gimnasio, comida y salud.;B) Hacer ejercicio y meditar.;B) 1 o 2 veces.;2;A) Improvisado, con amigos y musica.
13;Hombre;A) Salir a beber con amigos y fiestas.;D) Buscar nuevas actividades o viajando.;B) 1 o 2 veces.;8;C) Tranquilo, en casa y preparando la semana.
28;Mujer;A) Salir a beber con amigos y fiestas.;B) Hacer ejercicio y meditar.;C) Casi nunca.;4;B) Activo, haciendo deporte y comiendo.
67;Hombre;B) Gimnasio, comida y salud.;C) Descansar en casa, planeando mi tiempo y gastos.;D) Solo cuando hay un evento importante.;3;A) Improvisado, con amigos y musica.
17;Mujer;B) Gimnasio, comida y salud.;C) Descansar en casa, planeando mi tiempo y gastos.;D) Solo cuando hay un evento importante.;7;C) Tranquilo, en casa y preparando la semana.
35;Mujer;C) Ahorrando o invirtiendolo.;D) Buscar nuevas actividades o viajando.;C) Casi nunca.;4;C) Tranquilo, en casa y preparando la semana.
13;Mujer;C) Ahorrando o invirtiendolo.;A) Salir a desconectarme, beber y socializar.;B) 1 o 2 veces.;3;C) Tranquilo, en casa y preparando la semana.
44;Mujer;A) Salir a beber con amigos y fiestas.;C) Descansar en casa, planeando mi tiempo y gastos.;D) Solo cuando hay un evento importante.;6;C) Tranquilo, en casa y preparando la semana.
21;Mujer;B) Gimnasio, comida y salud.;B) Hacer ejercicio y meditar.;B) 1 o 2 veces.;9;C) Tranquilo, en casa y preparando la semana.
61;Hombre;B) Gimnasio, comida y salud.;B) Hacer ejercicio y meditar.;B) 1 o 2 veces.;7;C) Tranquilo, en casa y preparando la semana.
31;Hombre;D) Viajes, conciertos, cursos.;B) Hacer ejercicio y meditar.;D) Solo cuando hay un evento importante.;4;C) Tranquilo, en casa y preparando la semana.
25;Mujer;B) Gimnasio, comida y salud.;A) Salir a desconectarme, beber y socializar.;B) 1 o 2 veces.;6;B) Activo, haciendo deporte y comiendo.
32;Hombre;B) Gimnasio, comida y salud.;C) Descansar en casa, planeando mi tiempo y gastos.;B) 1 o 2 veces.;6;C) Tranquilo, en casa y preparando la semana.
22;Mujer;C) Ahorrando o invirtiendolo.;C) Descansar en casa, planeando mi tiempo y gastos.;D) Solo cuando hay un evento importante.;10;B) Activo, haciendo deporte y comiendo.
64;Mujer;D) Viajes, conciertos, cursos.;A) Salir a desconectarme, beber y socializar.;A) 4 o mas veces.;3;B) Activo, haciendo deporte y comiendo.
42;Mujer;B) Gimnasio, comida y salud.;D) Buscar nuevas actividades o viajando.;D) Solo cuando hay un evento importante.;1;A) Improvisado, con amigos y musica.
15;Mujer;B) Gimnasio, comida y salud.;B) Hacer ejercicio y meditar.;D) Solo cuando hay un evento importante.;5;C) Tranquilo, en casa y preparando la semana.
31;Mujer;D) Viajes, conciertos, cursos.;B) Hacer ejercicio y meditar.;D) Solo cuando hay un evento importante.;4;C) Tranquilo, en casa y preparando la semana.
24;Mujer;C) Ahorrando o invirtiendolo.;B) Hacer ejercicio y meditar.;D) Solo cuando hay un evento importante.;6;C) Tranquilo, en casa y preparando la semana.
22;Mujer;C) Ahorrando o invirtiendolo.;B) Hacer ejercicio y meditar.;C) Casi nunca.;9;C) Tranquilo, en casa y preparando la semana.
17;Mujer;B) Gimnasio, comida y salud.;C) Descansar en casa, planeando mi tiempo y gastos.;C) Casi nunca.;5;A) Improvisado, con amigos y musica.
24;Mujer;A) Salir a beber con amigos y fiestas.;C) Descansar en casa, planeando mi tiempo y gastos.;B) 1 o 2 veces.;3;C) Tranquilo, en casa y preparando la semana.
38;Hombre;C) Ahorrando o invirtiendolo.;C) Descansar en casa, planeando mi tiempo y gastos.;D) Solo cuando hay un evento importante.;2;A) Improvisado, con amigos y musica.
16;Hombre;B) Gimnasio, comida y salud.;C) Descansar en casa, planeando mi tiempo y gastos.;B) 1 o 2 veces.;5;B) Activo, haciendo deporte y comiendo.
13;Mujer;D) Viajes, conciertos, cursos.;C) Descansar en casa, planeando mi tiempo y gastos.;B) 1 o 2 veces.;6;C) Tranquilo, en casa y preparando la semana.
26;Mujer;C) Ahorrando o invirtiendolo.;D) Buscar nuevas actividades o viajando.;C) Casi nunca.;4;A) Improvisado, con amigos y musica.
13;Hombre;B) Gimnasio, comida y salud.;C) Descansar en casa, planeando mi tiempo y gastos.;B) 1 o 2 veces.;8;A) Improvisado, con amigos y musica.
38;Mujer;A) Salir a beber con amigos y fiestas.;A) Salir a desconectarme, beber y socializar.;D) Solo cuando hay un evento importante.;3;C) Tranquilo, en casa y preparando la semana.
53;Hombre;D) Viajes, conciertos, cursos.;A) Salir a desconectarme, beber y socializar.;A) 4 o mas veces.;4;B) Activo, haciendo deporte y comiendo.
52;Hombre;A) Salir a beber con amigos y fiestas.;D) Buscar nuevas actividades o viajando.;C) Casi nunca.;2;C) Tranquilo, en casa y preparando la semana.
23;Mujer;D) Viajes, conciertos, cursos.;B) Hacer ejercicio y meditar.;B) 1 o 2 veces.;7;C) Tranquilo, en casa y preparando la semana.
51;Hombre;C) Ahorrando o invirtiendolo.;B) Hacer ejercicio y meditar.;D) Solo cuando hay un evento importante.;4;C) Tranquilo, en casa y preparando la semana.
13;Mujer;C) Ahorrando o invirtiendolo.;A) Salir a desconectarme, beber y socializar.;B) 1 o 2 veces.;7;D) Visitando un lugar nuevo o una actividad nueva.
37;Mujer;C) Ahorrando o invirtiendolo.;B) Hacer ejercicio y meditar.;C) Casi nunca.;6;D) Visitando un lugar nuevo o una actividad nueva.
17;Hombre;A) Salir a beber con amigos y fiestas.;A) Salir a desconectarme, beber y socializar.;B) 1 o 2 veces.;1;C) Tranquilo, en casa y preparando la semana.
21;Hombre;C) Ahorrando o invirtiendolo.;C) Descansar en casa, planeando mi tiempo y gastos.;B) 1 o 2 veces.;2;C) Tranquilo, en casa y preparando la semana.
42;Hombre;C) Ahorrando o invirtiendolo.;A) Salir a desconectarme, beber y socializar.;A) 4 o mas veces.;5;B) Activo, haciendo deporte y comiendo.
14;Mujer;A) Salir a beber con amigos y fiestas.;B) Hacer ejercicio y meditar.;C) Casi nunca.;7;A) Improvisado, con amigos y musica.
29;Hombre;A) Salir a beber con amigos y fiestas.;B) Hacer ejercicio y meditar.;C) Casi nunca.;3;C) Tranquilo, en casa y preparando la semana.
19;Hombre;B) Gimnasio, comida y salud.;A) Salir a desconectarme, beber y socializar.;C) Casi nunca.;1;A) Improvisado, con amigos y musica.
27;Mujer;B) Gimnasio, comida y salud.;B) Hacer ejercicio y meditar.;C) Casi nunca.;7;C) Tranquilo, en casa y preparando la semana.
13;Mujer;C) Ahorrando o invirtiendolo.;C) Descansar en casa, planeando mi tiempo y gastos.;B) 1 o 2 veces.;4;A) Improvisado, con amigos y musica.
13;Mujer;B) Gimnasio, comida y salud.;B) Hacer ejercicio y meditar.;D) Solo cuando hay un evento importante.;2;A) Improvisado, con amigos y musica.
13;Hombre;D) Viajes, conciertos, cursos.;A) Salir a desconectarme, beber y socializar.;D) Solo cuando hay un evento importante.;8;C) Tranquilo, en casa y preparando la semana.
27;Mujer;C) Ahorrando o invirtiendolo.;A) Salir a desconectarme, beber y socializar.;D) Solo cuando hay un evento importante.;3;C) Tranquilo, en casa y preparando la semana.
23;Mujer;B) Gimnasio, comida y salud.;C) Descansar en casa, planeando mi tiempo y gastos.;C) Casi nunca.;5;C) Tranquilo, en casa y preparando la semana.
26;Hombre;C) Ahorrando o invirtiendolo.;A) Salir a desconectarme, beber y socializar.;D) Solo cuando hay un evento importante.;10;C) Tranquilo, en casa y preparando la semana.
28;Mujer;A) Salir a beber con amigos y fiestas.;A) Salir a desconectarme, beber y socializar.;C) Casi nunca.;3;C) Tranquilo, en casa y preparando la semana.
13;Hombre;A) Salir a beber con amigos y fiestas.;C) Descansar en casa, planeando mi tiempo y gastos.;B) 1 o 2 veces.;1;A) Improvisado, con amigos y musica.
18;Hombre;D) Viajes, conciertos, cursos.;B) Hacer ejercicio y meditar.;D) Solo cuando hay un evento importante.;3;C) Tranquilo, en casa y preparando la semana.
28;Hombre;B) Gimnasio, comida y salud.;C) Descansar en casa, planeando mi tiempo y gastos.;B) 1 o 2 veces.;8;C) Tranquilo, en casa y preparando la semana.
13;Mujer;B) Gimnasio, comida y salud.;A) Salir a desconectarme, beber y socializar.;C) Casi nunca.;2;A) Improvisado, con amigos y musica.
29;Mujer;C) Ahorrando o invirtiendolo.;D) Buscar nuevas actividades o viajando.;C) Casi nunca.;2;C) Tranquilo, en casa y preparando la semana.
31;Hombre;B) Gimnasio, comida y salud.;B) Hacer ejercicio y meditar.;A) 4 o mas veces.;5;D) Visitando un lugar nuevo o una actividad nueva.
17;Hombre;B) Gimnasio, comida y salud.;A) Salir a desconectarme, beber y socializar.;D) Solo cuando hay un evento importante.;3;A) Improvisado, con amigos y musica.
13;Mujer;D) Viajes, conciertos, cursos.;B) Hacer ejercicio y meditar.;B) 1 o 2 veces.;4;C) Tranquilo, en casa y preparando la semana.
17;Mujer;C) Ahorrando o invirtiendolo.;D) Buscar nuevas actividades o viajando.;B) 1 o 2 veces.;7;C) Tranquilo, en casa y preparando la semana.
46;Hombre;D) Viajes, conciertos, cursos.;A) Salir a desconectarme, beber y socializar.;A) 4 o mas veces.;10;A) Improvisado, con amigos y musica.
13;Hombre;B) Gimnasio, comida y salud.;C) Descansar en casa, planeando mi tiempo y gastos.;B) 1 o 2 veces.;8;A) Improvisado, con amigos y musica.
20;Mujer;C) Ahorrando o invirtiendolo.;D) Buscar nuevas actividades o viajando.;B) 1 o 2 veces.;4;C) Tranquilo, en casa y preparando la semana.
22;Mujer;B) Gimnasio, comida y salud.;A) Salir a desconectarme, beber y socializar.;B) 1 o 2 veces.;4;C) Tranquilo, en casa y preparando la semana.
17;Hombre;D) Viajes, conciertos, cursos.;C) Descansar en casa, planeando mi tiempo y gastos.;C) Casi nunca.;6;C) Tranquilo, en casa y preparando la semana.
21;Mujer;D) Viajes, conciertos, cursos.;D) Buscar nuevas actividades o viajando.;D) Solo cuando hay un evento importante.;6;C) Tranquilo, en casa y preparando la semana.
15;Hombre;B) Gimnasio, comida y salud.;A) Salir a desconectarme, beber y socializar.;C) Casi nunca.;10;C) Tranquilo, en casa y preparando la semana.
58;Hombre;D) Viajes, conciertos, cursos.;D) Buscar nuevas actividades o viajando.;D) Solo cuando hay un evento importante.;7;D) Visitando un lugar nuevo o una actividad nueva.
13;Mujer;B) Gimnasio, comida y salud.;B) Hacer ejercicio y meditar.;C) Casi nunca.;7;B) Activo, haciendo deporte y comiendo.
35;Mujer;B) Gimnasio, comida y salud.;C) Descansar en casa, planeando mi tiempo y gastos.;D) Solo cuando hay un evento importante.;10;C) Tranquilo, en casa y preparando la semana.
16;Mujer;A) Salir a beber con amigos y fiestas.;B) Hacer ejercicio y meditar.;B) 1 o 2 veces.;3;C) Tranquilo, en casa y preparando la semana.
28;Mujer;D) Viajes, conciertos, cursos.;A) Salir a desconectarme, beber y socializar.;C) Casi nunca.;5;B) Activo, haciendo deporte y comiendo.
25;Mujer;C) Ahorrando o invirtiendolo.;D) Buscar nuevas actividades o viajando.;D) Solo cuando hay un evento importante.;1;B) Activo, haciendo deporte y comiendo.
39;Mujer;A) Salir a beber con amigos y fiestas.;C) Descansar en casa, planeando mi tiempo y gastos.;B) 1 o 2 veces.;1;C) Tranquilo, en casa y preparando la semana.
19;Mujer;C) Ahorrando o invirtiendolo.;A) Salir a desconectarme, beber y socializar.;B) 1 o 2 veces.;7;B) Activo, haciendo deporte y comiendo.
15;Hombre;C) Ahorrando o invirtiendolo.;B) Hacer ejercicio y meditar.;C) Casi nunca.;6;A) Improvisado, con amigos y musica.
58;Mujer;C) Ahorrando o invirtiendolo.;C) Descansar en casa, planeando mi tiempo y gastos.;D) Solo cuando hay un evento importante.;3;A) Improvisado, con amigos y musica.
36;Mujer;D) Viajes, conciertos, cursos.;C) Descansar en casa, planeando mi tiempo y gastos.;C) Casi nunca.;5;C) Tranquilo, en casa y preparando la semana.
20;Mujer;B) Gimnasio, comida y salud.;A) Salir a desconectarme, beber y socializar.;C) Casi nunca.;9;A) Improvisado, con amigos y musica.
18;Mujer;B) Gimnasio, comida y salud.;B) Hacer ejercicio y meditar.;D) Solo cuando hay un evento importante.;1;C) Tranquilo, en casa y preparando la semana.
13;Hombre;C) Ahorrando o invirtiendolo.;D) Buscar nuevas actividades o viajando.;B) 1 o 2 veces.;6;C) Tranquilo, en casa y preparando la semana.
23;Hombre;B) Gimnasio, comida y salud.;B) Hacer ejercicio y meditar.;A) 4 o mas veces.;7;A) Improvisado, con amigos y musica.
23;Mujer;C) Ahorrando o invirtiendolo.;D) Buscar nuevas actividades o viajando.;A) 4 o mas veces.;3;C) Tranquilo, en casa y preparando la semana.
13;Mujer;C) Ahorrando o invirtiendolo.;B) Hacer ejercicio y meditar.;A) 4 o mas veces.;1;A) Improvisado, con amigos y musica.
30;Hombre;B) Gimnasio, comida y salud.;D) Buscar nuevas actividades o viajando.;B) 1 o 2 veces.;5;C) Tranquilo, en casa y preparando la semana.
24;Mujer;C) Ahorrando o invirtiendolo.;C) Descansar en casa, planeando mi tiempo y gastos.;A) 4 o mas veces.;4;C) Tranquilo, en casa y preparando la semana.
29;Hombre;B) Gimnasio, comida y salud.;A) Salir a desconectarme, beber y socializar.;C) Casi nunca.;4;B) Activo, haciendo deporte y comiendo.
19;Hombre;C) Ahorrando o invirtiendolo.;D) Buscar nuevas actividades o viajando.;C) Casi nunca.;5;C) Tranquilo, en casa y preparando la semana.
26;Mujer;D) Viajes, conciertos, cursos.;A) Salir a desconectarme, beber y socializar.;C) Casi nunca.;7;C) Tranquilo, en casa y preparando la semana.
29;Mujer;D) Viajes, conciertos, cursos.;A) Salir a desconectarme, beber y socializar.;D) Solo cuando hay un evento importante.;4;C) Tranquilo, en casa y preparando la semana.
38;Hombre;A) Salir a beber con amigos y fiestas.;B) Hacer ejercicio y meditar.;B) 1 o 2 veces.;5;A) Improvisado, con amigos y musica.
34;Hombre;C) Ahorrando o invirtiendolo.;A) Salir a desconectarme, beber y socializar.;C) Casi nunca.;5;C) Tranquilo, en casa y preparando la semana.
22;Mujer;A) Salir a beber con amigos y fiestas.;C) Descansar en casa, planeando mi tiempo y gastos.;C) Casi nunca.;9;C) Tranquilo, en casa y preparando la semana.
20;Hombre;D) Viajes, conciertos, cursos.;A) Salir a desconectarme, beber y socializar.;B) 1 o 2 veces.;3;A) Improvisado, con amigos y musica.
29;Mujer;B) Gimnasio, comida y salud.;C) Descansar en casa, planeando mi tiempo y gastos.;D) Solo cuando hay un evento importante.;4;C) Tranquilo, en casa y preparando la semana.
31;Hombre;D) Viajes, conciertos, cursos.;B) Hacer ejercicio y meditar.;C) Casi nunca.;6;C) Tranquilo, en casa y preparando la semana.
21;Hombre;C) Ahorrando o invirtiendolo.;C) Descansar en casa, planeando mi tiempo y gastos.;C) Casi nunca.;5;D) Visitando un lugar nuevo o una actividad nueva.
20;Mujer;A) Salir a beber con amigos y fiestas.;B) Hacer ejercicio y meditar.;C) Casi nunca.;8;C) Tranquilo, en casa y preparando la semana.
24;Mujer;A) Salir a beber con amigos y fiestas.;C) Descansar en casa, planeando mi tiempo y gastos.;C) Casi nunca.;3;C) Tranquilo, en casa y preparando la semana.
22;Mujer;C) Ahorrando o invirtiendolo.;B) Hacer ejercicio y meditar.;D) Solo cuando hay un evento importante.;5;A) Improvisado, con amigos y musica.
22;Mujer;C) Ahorrando o invirtiendolo.;B) Hacer ejercicio y meditar.;B) 1 o 2 veces.;7;C) Tranquilo, en casa y preparando la semana.
44;Mujer;B) Gimnasio, comida y salud.;C) Descansar en casa, planeando mi tiempo y gastos.;A) 4 o mas veces.;7;A) Improvisado, con amigos y musica.
14;Mujer;C) Ahorrando o invirtiendolo.;D) Buscar nuevas actividades o viajando.;C) Casi nunca.;8;B) Activo, haciendo deporte y comiendo.
13;Hombre;B) Gimnasio, comida y salud.;C) Descansar en casa, planeando mi tiempo y gastos.;B) 1 o 2 veces.;5;C) Tranquilo, en casa y preparando la semana.
40;Hombre;C) Ahorrando o invirtiendolo.;A) Salir a desconectarme, beber y socializar.;D) Solo cuando hay un evento importante.;7;D) Visitando un lugar nuevo o una actividad nueva.
16;Hombre;A) Salir a beber con amigos y fiestas.;D) Buscar nuevas actividades o viajando.;D) Solo cuando hay un evento importante.;8;C) Tranquilo, en casa y preparando la semana.
13;Hombre;A) Salir a beber con amigos y fiestas.;C) Descansar en casa, planeando mi tiempo y gastos.;B) 1 o 2 veces.;4;C) Tranquilo, en casa y preparando la semana.
16;Mujer;C) Ahorrando o invirtiendolo.;B) Hacer ejercicio y meditar.;D) Solo cuando hay un evento importante.;7;C) Tranquilo, en casa y preparando la semana.
16;Hombre;C) Ahorrando o invirtiendolo.;B) Hacer ejercicio y meditar.;C) Casi nunca.;1;C) Tranquilo, en casa y preparando la semana.
29;Mujer;C) Ahorrando o invirtiendolo.;C) Descansar en casa, planeando mi tiempo y gastos.;B) 1 o 2 veces.;6;C) Tranquilo, en casa y preparando la semana.
23;Hombre;C) Ahorrando o invirtiendolo.;B) Hacer ejercicio y meditar.;B) 1 o 2 veces.;5;A) Improvisado, con amigos y musica.
30;Mujer;D) Viajes, conciertos, cursos.;B) Hacer ejercicio y meditar.;B) 1 o 2 veces.;8;C) Tranquilo, en casa y preparando la semana.
37;Mujer;D) Viajes, conciertos, cursos.;C) Descansar en casa, planeando mi tiempo y gastos.;D) Solo cuando hay un evento importante.;5;C) Tranquilo, en casa y preparando la semana.
17;Mujer;B) Gimnasio, comida y salud.;A) Salir a desconectarme, beber y socializar.;D) Solo cuando hay un evento importante.;6;B) Activo, haciendo deporte y comiendo.
26;Mujer;B) Gimnasio, comida y salud.;B) Hacer ejercicio y meditar.;B) 1 o 2 veces.;3;C) Tranquilo, en casa y preparando la semana.
14;Mujer;A) Salir a beber con amigos y fiestas.;B) Hacer ejercicio y meditar.;D) Solo cuando hay un evento importante.;5;C) Tranquilo, en casa y preparando la semana.
13;Mujer;A) Salir a beber con amigos y fiestas.;C) Descansar en casa, planeando mi tiempo y gastos.;B) 1 o 2 veces.;8;C) Tranquilo, en casa y preparando la semana.
26;Mujer;C) Ahorrando o invirtiendolo.;C) Descansar en casa, planeando mi tiempo y gastos.;D) Solo cuando hay un evento importante.;4;D) Visitando un lugar nuevo o una actividad nueva.
18;Hombre;D) Viajes, conciertos, cursos.;C) Descansar en casa, planeando mi tiempo y gastos.;D) Solo cuando hay un evento importante.;6;A) Improvisado, con amigos y musica.
20;Hombre;C) Ahorrando o invirtiendolo.;D) Buscar nuevas actividades o viajando.;C) Casi nunca.;3;B) Activo, haciendo deporte y comiendo.
25;Mujer;A) Salir a beber con amigos y fiestas.;C) Descansar en casa, planeando mi tiempo y gastos.;C) Casi nunca.;1;D) Visitando un lugar nuevo o una actividad nueva.
20;Mujer;C) Ahorrando o invirtiendolo.;A) Salir a desconectarme, beber y socializar.;C) Casi nunca.;6;A) Improvisado, con amigos y musica.
24;Mujer;C) Ahorrando o invirtiendolo.;C) Descansar en casa, planeando mi tiempo y gastos.;D) Solo cuando hay un evento importante.;9;C) Tranquilo, en casa y preparando la semana.
17;Mujer;B) Gimnasio, comida y salud.;C) Descansar en casa, planeando mi tiempo y gastos.;B) 1 o 2 veces.;8;C) Tranquilo, en casa y preparando la semana.
26;Mujer;B) Gimnasio, comida y salud.;C) Descansar en casa, planeando mi tiempo y gastos.;B) 1 o 2 veces.;2;B) Activo, haciendo deporte y comiendo.
30;Mujer;B) Gimnasio, comida y salud.;D) Buscar nuevas actividades o viajando.;C) Casi nunca.;2;B) Activo, haciendo deporte y comiendo.
37;Hombre;B) Gimnasio, comida y salud.;B) Hacer ejercicio y meditar.;D) Solo cuando hay un evento importante.;6;A) Improvisado, con amigos y musica.
35;Mujer;D) Viajes, conciertos, cursos.;D) Buscar nuevas actividades o viajando.;C) Casi nunca.;10;C) Tranquilo, en casa y preparando la semana.
31;Hombre;B) Gimnasio, comida y salud.;D) Buscar nuevas actividades o viajando.;D) Solo cuando hay un evento importante.;4;C) Tranquilo, en casa y preparando la semana.
38;Mujer;B) Gimnasio, comida y salud.;B) Hacer ejercicio y meditar.;D) Solo cuando hay un evento importante.;4;C) Tranquilo, en casa y preparando la semana.
23;Mujer;D) Viajes, conciertos, cursos.;C) Descansar en casa, planeando mi tiempo y gastos.;C) Casi nunca.;3;A) Improvisado, con amigos y musica.
19;Mujer;B) Gimnasio, comida y salud.;C) Descansar en casa, planeando mi tiempo y gastos.;B) 1 o 2 veces.;7;A) Improvisado, con amigos y musica.
24;Mujer;B) Gimnasio, comida y salud.;A) Salir a desconectarme, beber y socializar.;C) Casi nunca.;1;C) Tranquilo, en casa y preparando la semana.
13;Mujer;B) Gimnasio, comida y salud.;B) Hacer ejercicio y meditar.;B) 1 o 2 veces.;6;C) Tranquilo, en casa y preparando la semana.
17;Mujer;D) Viajes, conciertos, cursos.;B) Hacer ejercicio y meditar.;A) 4 o mas veces.;4;B) Activo, haciendo deporte y comiendo.
40;Mujer;A) Salir a beber con amigos y fiestas.;B) Hacer ejercicio y meditar.;D) Solo cuando hay un evento importante.;5;D) Visitando un lugar nuevo o una actividad nueva.
33;Mujer;B) Gimnasio, comida y salud.;C) Descansar en casa, planeando mi tiempo y gastos.;C) Casi nunca.;8;D) Visitando un lugar nuevo o una actividad nueva.
18;Hombre;B) Gimnasio, comida y salud.;C) Descansar en casa, planeando mi tiempo y gastos.;C) Casi nunca.;2;C) Tranquilo, en casa y preparando la semana.
28;Mujer;C) Ahorrando o invirtiendolo.;D) Buscar nuevas actividades o viajando.;B) 1 o 2 veces.;2;C) Tranquilo, en casa y preparando la semana.
65;Mujer;A) Salir a beber con amigos y fiestas.;B) Hacer ejercicio y meditar.;A) 4 o mas veces.;10;D) Visitando un lugar nuevo o una actividad nueva.
32;Mujer;B) Gimnasio, comida y salud.;D) Buscar nuevas actividades o viajando.;C) Casi nunca.;1;C) Tranquilo, en casa y preparando la semana.
40;Hombre;C) Ahorrando o invirtiendolo.;C) Descansar en casa, planeando mi tiempo y gastos.;D) Solo cuando hay un evento importante.;4;A) Improvisado, con amigos y musica.
25;Hombre;B) Gimnasio, comida y salud.;C) Descansar en casa, planeando mi tiempo y gastos.;D) Solo cuando hay un evento importante.;1;C) Tranquilo, en casa y preparando la semana.
13;Hombre;D) Viajes, conciertos, cursos.;B) Hacer ejercicio y meditar.;C) Casi nunca.;7;B) Activo, haciendo deporte y comiendo.
21;Mujer;C) Ahorrando o invirtiendolo.;B) Hacer ejercicio y meditar.;C) Casi nunca.;3;C) Tranquilo, en casa y preparando la semana.
24;Mujer;B) Gimnasio, comida y salud.;A) Salir a desconectarme, beber y socializar.;D) Solo cuando hay un evento importante.;1;C) Tranquilo, en casa y preparando la semana.
30;Mujer;D) Viajes, conciertos, cursos.;B) Hacer ejercicio y meditar.;B) 1 o 2 veces.;10;C) Tranquilo, en casa y preparando la semana.
27;Mujer;C) Ahorrando o invirtiendolo.;C) Descansar en casa, planeando mi tiempo y gastos.;C) Casi nunca.;5;A) Improvisado, con amigos y musica.
27;Mujer;B) Gimnasio, comida y salud.;D) Buscar nuevas actividades o viajando.;B) 1 o 2 veces.;3;C) Tranquilo, en casa y preparando la semana.
13;Hombre;B) Gimnasio, comida y salud.;A) Salir a desconectarme, beber y socializar.;D) Solo cuando hay un evento importante.;3;C) Tranquilo, en casa y preparando la semana.
13;Mujer;B) Gimnasio, comida y salud.;C) Descansar en casa, planeando mi tiempo y gastos.;D) Solo cuando hay un evento importante.;1;C) Tranquilo, en casa y preparando la semana.
27;Mujer;C) Ahorrando o invirtiendolo.;D) Buscar nuevas actividades o viajando.;C) Casi nunca.;2;C) Tranquilo, en casa y preparando la semana.
54;Hombre;A) Salir a beber con amigos y fiestas.;C) Descansar en casa, planeando mi tiempo y gastos.;C) Casi nunca.;5;D) Visitando un lugar nuevo o una actividad nueva.
23;Hombre;B) Gimnasio, comida y salud.;C) Descansar en casa, planeando mi tiempo y gastos.;A) 4 o mas veces.;10;A) Improvisado, con amigos y musica.
23;Mujer;B) Gimnasio, comida y salud.;B) Hacer ejercicio y meditar.;C) Casi nunca.;2;D) Visitando un lugar nuevo o una actividad nueva.
40;Mujer;C) Ahorrando o invirtiendolo.;B) Hacer ejercicio y meditar.;B) 1 o 2 veces.;5;C) Tranquilo, en casa y preparando la semana.
13;Hombre;C) Ahorrando o invirtiendolo.;D) Buscar nuevas actividades o viajando.;C) Casi nunca.;2;C) Tranquilo, en casa y preparando la semana.
21;Hombre;D) Viajes, conciertos, cursos.;A) Salir a desconectarme, beber y socializar.;C) Casi nunca.;1;C) Tranquilo, en casa y preparando la semana.
36;Hombre;D) Viajes, conciertos, cursos.;B) Hacer ejercicio y meditar.;C) Casi nunca.;6;C) Tranquilo, en casa y preparando la semana.
52;Hombre;D) Viajes, conciertos, cursos.;C) Descansar en casa, planeando mi tiempo y gastos.;D) Solo cuando hay un evento importante.;3;D) Visitando un lugar nuevo o una actividad nueva.
13;Hombre;D) Viajes, conciertos, cursos.;D) Buscar nuevas actividades o viajando.;D) Solo cuando hay un evento importante.;8;C) Tranquilo, en casa y preparando la semana.
24;Mujer;B) Gimnasio, comida y salud.;B) Hacer ejercicio y meditar.;B) 1 o 2 veces.;8;C) Tranquilo, en casa y preparando la semana.
22;Mujer;B) Gimnasio, comida y salud.;D) Buscar nuevas actividades o viajando.;C) Casi nunca.;8;C) Tranquilo, en casa y preparando la semana.
27;Mujer;C) Ahorrando o invirtiendolo.;D) Buscar nuevas actividades o viajando.;A) 4 o mas veces.;3;C) Tranquilo, en casa y preparando la semana.
13;Mujer;D) Viajes, conciertos, cursos.;C) Descansar en casa, planeando mi tiempo y gastos.;D) Solo cuando hay un evento importante.;4;C) Tranquilo, en casa y preparando la semana.
36;Mujer;C) Ahorrando o invirtiendolo.;A) Salir a desconectarme, beber y socializar.;B) 1 o 2 veces.;8;A) Improvisado, con amigos y musica.
15;Hombre;D) Viajes, conciertos, cursos.;B) Hacer ejercicio y meditar.;D) Solo cuando hay un evento importante.;5;C) Tranquilo, en casa y preparando la semana.
33;Mujer;D) Viajes, conciertos, cursos.;B) Hacer ejercicio y meditar.;A) 4 o mas veces.;5;C) Tranquilo, en casa y preparando la semana.
14;Mujer;B) Gimnasio, comida y salud.;C) Descansar en casa, planeando mi tiempo y gastos.;B) 1 o 2 veces.;5;C) Tranquilo, en casa y preparando la semana.
33;Hombre;C) Ahorrando o invirtiendolo.;D) Buscar nuevas actividades o viajando.;A) 4 o mas veces.;7;B) Activo, haciendo deporte y comiendo.
24;Hombre;A) Salir a beber con amigos y fiestas.;A) Salir a desconectarme, beber y socializar.;C) Casi nunca.;9;D) Visitando un lugar nuevo o una actividad nueva.
26;Hombre;B) Gimnasio, comida y salud.;B) Hacer ejercicio y meditar.;C) Casi nunca.;2;B) Activo, haciendo deporte y comiendo.
33;Hombre;D) Viajes, conciertos, cursos.;C) Descansar en casa, planeando mi tiempo y gastos.;D) Solo cuando hay un evento importante.;3;A) Improvisado, con amigos y musica.
33;Mujer;A) Salir a beber con amigos y fiestas.;B) Hacer ejercicio y meditar.;C) Casi nunca.;3;C) Tranquilo, en casa y preparando la semana.
41;Hombre;B) Gimnasio, comida y salud.;B) Hacer ejercicio y meditar.;B) 1 o 2 veces.;6;C) Tranquilo, en casa y preparando la semana.
18;Mujer;B) Gimnasio, comida y salud.;B) Hacer ejercicio y meditar.;C) Casi nunca.;1;B) Activo, haciendo deporte y comiendo.
26;Mujer;A) Salir a beber con amigos y fiestas.;C) Descansar en casa, planeando mi tiempo y gastos.;C) Casi nunca.;8;C) Tranquilo, en casa y preparando la semana.
39;Hombre;B) Gimnasio, comida y salud.;D) Buscar nuevas actividades o viajando.;D) Solo cuando hay un evento importante.;4;C) Tranquilo, en casa y preparando la semana.
55;Mujer;C) Ahorrando o invirtiendolo.;A) Salir a desconectarme, beber y socializar.;C) Casi nunca.;3;C) Tranquilo, en casa y preparando la semana.
20;Hombre;C) Ahorrando o invirtiendolo.;D) Buscar nuevas actividades o viajando.;B) 1 o 2 veces.;5;C) Tranquilo, en casa y preparando la semana.
24;Hombre;B) Gimnasio, comida y salud.;B) Hacer ejercicio y meditar.;C) Casi nunca.;10;D) Visitando un lugar nuevo o una actividad nueva.
17;Mujer;C) Ahorrando o invirtiendolo.;B) Hacer ejercicio y meditar.;B) 1 o 2 veces.;5;C) Tranquilo, en casa y preparando la semana.
21;Mujer;A) Salir a beber con amigos y fiestas.;A) Salir a desconectarme, beber y socializar.;C) Casi nunca.;10;C) Tranquilo, en casa y preparando la semana.
29;Hombre;C) Ahorrando o invirtiendolo.;C) Descansar en casa, planeando mi tiempo y gastos.;B) 1 o 2 veces.;6;C) Tranquilo, en casa y preparando la semana.
30;Hombre;D) Viajes, conciertos, cursos.;D) Buscar nuevas actividades o viajando.;C) Casi nunca.;10;C) Tranquilo, en casa y preparando la semana.
13;Mujer;C) Ahorrando o invirtiendolo.;C) Descansar en casa, planeando mi tiempo y gastos.;D) Solo cuando hay un evento importante.;3;C) Tranquilo, en casa y preparando la semana.
24;Hombre;A) Salir a beber con amigos y fiestas.;C) Descansar en casa, planeando mi tiempo y gastos.;C) Casi nunca.;2;C) Tranquilo, en casa y preparando la semana.
13;Hombre;A) Salir a beber con amigos y fiestas.;D) Buscar nuevas actividades o viajando.;C) Casi nunca.;9;C) Tranquilo, en casa y preparando la semana.
31;Hombre;C) Ahorrando o invirtiendolo.;B) Hacer ejercicio y meditar.;B) 1 o 2 veces.;5;C) Tranquilo, en casa y preparando la semana.
15;Mujer;B) Gimnasio, comida y salud.;C) Descansar en casa, planeando mi tiempo y gastos.;D) Solo cuando hay un evento importante.;2;C) Tranquilo, en casa y preparando la semana.
16;Hombre;D) Viajes, conciertos, cursos.;A) Salir a desconectarme, beber y socializar.;D) Solo cuando hay un evento importante.;7;A) Improvisado, con amigos y musica.
19;Hombre;D) Viajes, conciertos, cursos.;C) Descansar en casa, planeando mi tiempo y gastos.;C) Casi nunca.;7;B) Activo, haciendo deporte y comiendo.
18;Mujer;B) Gimnasio, comida y salud.;D) Buscar nuevas actividades o viajando.;B) 1 o 2 veces.;7;C) Tranquilo, en casa y preparando la semana.
14;Mujer;B) Gimnasio, comida y salud.;D) Buscar nuevas actividades o viajando.;B) 1 o 2 veces.;7;D) Visitando un lugar nuevo o una actividad nueva.
33;Mujer;B) Gimnasio, comida y salud.;D) Buscar nuevas actividades o viajando.;A) 4 o mas veces.;4;C) Tranquilo, en casa y preparando la semana.
13;Mujer;B) Gimnasio, comida y salud.;B) Hacer ejercicio y meditar.;C) Casi nunca.;8;B) Activo, haciendo deporte y comiendo.
27;Mujer;B) Gimnasio, comida y salud.;C) Descansar en casa, planeando mi tiempo y gastos.;C) Casi nunca.;5;C) Tranquilo, en casa y preparando la semana.
38;Hombre;C) Ahorrando o invirtiendolo.;D) Buscar nuevas actividades o viajando.;D) Solo cuando hay un evento importante.;4;C) Tranquilo, en casa y preparando la semana.
31;Mujer;B) Gimnasio, comida y salud.;C) Descansar en casa, planeando mi tiempo y gastos.;D) Solo cuando hay un evento importante.;10;C) Tranquilo, en casa y preparando la semana.
28;Mujer;A) Salir a beber con amigos y fiestas.;B) Hacer ejercicio y meditar.;B) 1 o 2 veces.;4;C) Tranquilo, en casa y preparando la semana.
26;Mujer;C) Ahorrando o invirtiendolo.;A) Salir a desconectarme, beber y socializar.;C) Casi nunca.;10;C) Tranquilo, en casa y preparando la semana.
24;Hombre;A) Salir a beber con amigos y fiestas.;B) Hacer ejercicio y meditar.;B) 1 o 2 veces.;3;C) Tranquilo, en casa y preparando la semana.
31;Mujer;D) Viajes, conciertos, cursos.;C) Descansar en casa, planeando mi tiempo y gastos.;B) 1 o 2 veces.;3;A) Improvisado, con amigos y musica.
33;Mujer;B) Gimnasio, comida y salud.;B) Hacer ejercicio y meditar.;B) 1 o 2 veces.;4;C) Tranquilo, en casa y preparando la semana.
54;Hombre;B) Gimnasio, comida y salud.;D) Buscar nuevas actividades o viajando.;C) Casi nunca.;1;A) Improvisado, con amigos y musica.
28;Mujer;D) Viajes, conciertos, cursos.;A) Salir a desconectarme, beber y socializar.;C) Casi nunca.;4;C) Tranquilo, en casa y preparando la semana.
34;Hombre;B) Gimnasio, comida y salud.;B) Hacer ejercicio y meditar.;C) Casi nunca.;5;A) Improvisado, con amigos y musica.
40;Mujer;B) Gimnasio, comida y salud.;A) Salir a desconectarme, beber y socializar.;C) Casi nunca.;7;C) Tranquilo, en casa y preparando la semana.
50;Hombre;A) Salir a beber con amigos y fiestas.;D) Buscar nuevas actividades o viajando.;D) Solo cuando hay un evento importante.;6;C) Tranquilo, en casa y preparando la semana.
28;Mujer;C) Ahorrando o invirtiendolo.;B) Hacer ejercicio y meditar.;B) 1 o 2 veces.;3;C) Tranquilo, en casa y preparando la semana.
24;Mujer;A) Salir a beber con amigos y fiestas.;A) Salir a desconectarme, beber y socializar.;D) Solo cuando hay un evento importante.;6;A) Improvisado, con amigos y musica.
13;Mujer;D) Viajes, conciertos, cursos.;B) Hacer ejercicio y meditar.;D) Solo cuando hay un evento importante.;3;C) Tranquilo, en casa y preparando la semana.
14;Mujer;B) Gimnasio, comida y salud.;A) Salir a desconectarme, beber y socializar.;C) Casi nunca.;3;C) Tranquilo, en casa y preparando la semana.
42;Mujer;C) Ahorrando o invirtiendolo.;C) Descansar en casa, planeando mi tiempo y gastos.;D) Solo cuando hay un evento importante.;3;A) Improvisado, con amigos y musica.
29;Mujer;B) Gimnasio, comida y salud.;D) Buscar nuevas actividades o viajando.;C) Casi nunca.;4;C) Tranquilo, en casa y preparando la semana.
23;Mujer;D) Viajes, conciertos, cursos.;A) Salir a desconectarme, beber y socializar.;B) 1 o 2 veces.;5;C) Tranquilo, en casa y preparando la semana.
48;Mujer;B) Gimnasio, comida y salud.;D) Buscar nuevas actividades o viajando.;D) Solo cuando hay un evento importante.;5;C) Tranquilo, en casa y preparando la semana.
32;Mujer;D) Viajes, conciertos, cursos.;B) Hacer ejercicio y meditar.;B) 1 o 2 veces.;8;C) Tranquilo, en casa y preparando la semana.
31;Mujer;B) Gimnasio, comida y salud.;D) Buscar nuevas actividades o viajando.;C) Casi nunca.;5;C) Tranquilo, en casa y preparando la semana.
14;Hombre;C) Ahorrando o invirtiendolo.;B) Hacer ejercicio y meditar.;C) Casi nunca.;5;C) Tranquilo, en casa y preparando la semana.
24;Hombre;B) Gimnasio, comida y salud.;A) Salir a desconectarme, beber y socializar.;C) Casi nunca.;4;C) Tranquilo, en casa y preparando la semana.
18;Hombre;B) Gimnasio, comida y salud.;D) Buscar nuevas actividades o viajando.;C) Casi nunca.;1;C) Tranquilo, en casa y preparando la semana.
29;Mujer;B) Gimnasio, comida y salud.;B) Hacer ejercicio y meditar.;D) Solo cuando hay un evento importante.;5;A) Improvisado, con amigos y musica.
13;Hombre;A) Salir a beber con amigos y fiestas.;C) Descansar en casa, planeando mi tiempo y gastos.;D) Solo cuando hay un evento importante.;7;A) Improvisado, con amigos y musica.
58;Hombre;C) Ahorrando o invirtiendolo.;A) Salir a desconectarme, beber y socializar.;B) 1 o 2 veces.;4;C) Tranquilo, en casa y preparando la semana.
28;Hombre;B) Gimnasio, comida y salud.;C) Descansar en casa, planeando mi tiempo y gastos.;A) 4 o mas veces.;3;A) Improvisado, con amigos y musica.
28;Hombre;B) Gimnasio, comida y salud.;B) Hacer ejercicio y meditar.;D) Solo cuando hay un evento importante.;4;A) Improvisado, con amigos y musica.
13;Mujer;D) Viajes, conciertos, cursos.;D) Buscar nuevas actividades o viajando.;C) Casi nunca.;2;B) Activo, haciendo deporte y comiendo.
32;Mujer;B) Gimnasio, comida y salud.;C) Descansar en casa, planeando mi tiempo y gastos.;B) 1 o 2 veces.;6;D) Visitando un lugar nuevo o una actividad nueva.
15;Hombre;C) Ahorrando o invirtiendolo.;B) Hacer ejercicio y meditar.;B) 1 o 2 veces.;2;A) Improvisado, con amigos y musica.
33;Mujer;B) Gimnasio, comida y salud.;A) Salir a desconectarme, beber y socializar.;B) 1 o 2 veces.;6;C) Tranquilo, en casa y preparando la semana.
17;Hombre;C) Ahorrando o invirtiendolo.;C) Descansar en casa, planeando mi tiempo y gastos.;B) 1 o 2 veces.;1;C) Tranquilo, en casa y preparando la semana.
24;Mujer;B) Gimnasio, comida y salud.;B) Hacer ejercicio y meditar.;C) Casi nunca.;4;C) Tranquilo, en casa y preparando la semana.
13;Mujer;B) Gimnasio, comida y salud.;C) Descansar en casa, planeando mi tiempo y gastos.;C) Casi nunca.;2;C) Tranquilo, en casa y preparando la semana.
35;Hombre;A) Salir a beber con amigos y fiestas.;D) Buscar nuevas actividades o viajando.;D) Solo cuando hay un evento importante.;1;A) Improvisado, con amigos y musica.
21;Hombre;A) Salir a beber con amigos y fiestas.;C) Descansar en casa, planeando mi tiempo y gastos.;C) Casi nunca.;1;A) Improvisado, con amigos y musica.
26;Hombre;A) Salir a beber con amigos y fiestas.;A) Salir a desconectarme, beber y socializar.;D) Solo cuando hay un evento importante.;7;C) Tranquilo, en casa y preparando la semana.
26;Mujer;C) Ahorrando o invirtiendolo.;C) Descansar en casa, planeando mi tiempo y gastos.;B) 1 o 2 veces.;8;C) Tranquilo, en casa y preparando la semana.
21;Hombre;D) Viajes, conciertos, cursos.;D) Buscar nuevas actividades o viajando.;D) Solo cuando hay un evento importante.;5;B) Activo, haciendo deporte y comiendo.
37;Mujer;C) Ahorrando o invirtiendolo.;A) Salir a desconectarme, beber y socializar.;C) Casi nunca.;4;A) Improvisado, con amigos y musica.
17;Mujer;A) Salir a beber con amigos y fiestas.;A) Salir a desconectarme, beber y socializar.;D) Solo cuando hay un evento importante.;2;C) Tranquilo, en casa y preparando la semana.
18;Hombre;C) Ahorrando o invirtiendolo.;B) Hacer ejercicio y meditar.;D) Solo cuando hay un evento importante.;4;C) Tranquilo, en casa y preparando la semana.
13;Hombre;B) Gimnasio, comida y salud.;B) Hacer ejercicio y meditar.;D) Solo cuando hay un evento importante.;3;B) Activo, haciendo deporte y comiendo.
17;Mujer;B) Gimnasio, comida y salud.;C) Descansar en casa, planeando mi tiempo y gastos.;B) 1 o 2 veces.;5;A) Improvisado, con amigos y musica.
13;Hombre;A) Salir a beber con amigos y fiestas.;A) Salir a desconectarme, beber y socializar.;D) Solo cuando hay un evento importante.;3;C) Tranquilo, en casa y preparando la semana.
33;Mujer;C) Ahorrando o invirtiendolo.;D) Buscar nuevas actividades o viajando.;B) 1 o 2 veces.;9;C) Tranquilo, en casa y preparando la semana.
26;Mujer;C) Ahorrando o invirtiendolo.;D) Buscar nuevas actividades o viajando.;D) Solo cuando hay un evento importante.;3;D) Visitando un lugar nuevo o una actividad nueva.
15;Mujer;C) Ahorrando o invirtiendolo.;B) Hacer ejercicio y meditar.;C) Casi nunca.;5;C) Tranquilo, en casa y preparando la semana.
22;Mujer;C) Ahorrando o invirtiendolo.;C) Descansar en casa, planeando mi tiempo y gastos.;A) 4 o mas veces.;4;C) Tranquilo, en casa y preparando la semana.
30;Hombre;A) Salir a beber con amigos y fiestas.;B) Hacer ejercicio y meditar.;D) Solo cuando hay un evento importante.;4;C) Tranquilo, en casa y preparando la semana.
15;Hombre;C) Ahorrando o invirtiendolo.;A) Salir a desconectarme, beber y socializar.;B) 1 o 2 veces.;3;A) Improvisado, con amigos y musica.
43;Mujer;D) Viajes, conciertos, cursos.;A) Salir a desconectarme, beber y socializar.;B) 1 o 2 veces.;2;C) Tranquilo, en casa y preparando la semana.
13;Hombre;B) Gimnasio, comida y salud.;B) Hacer ejercicio y meditar.;C) Casi nunca.;6;D) Visitando un lugar nuevo o una actividad nueva.
31;Hombre;A) Salir a beber con amigos y fiestas.;B) Hacer ejercicio y meditar.;B) 1 o 2 veces.;10;C) Tranquilo, en casa y preparando la semana.
23;Mujer;B) Gimnasio, comida y salud.;B) Hacer ejercicio y meditar.;B) 1 o 2 veces.;10;C) Tranquilo, en casa y preparando la semana.
13;Hombre;C) Ahorrando o invirtiendolo.;C) Descansar en casa, planeando mi tiempo y gastos.;C) Casi nunca.;4;C) Tranquilo, en casa y preparando la semana.
14;Hombre;C) Ahorrando o invirtiendolo.;A) Salir a desconectarme, beber y socializar.;C) Casi nunca.;7;C) Tranquilo, en casa y preparando la semana.
33;Hombre;B) Gimnasio, comida y salud.;D) Buscar nuevas actividades o viajando.;B) 1 o 2 veces.;6;C) Tranquilo, en casa y preparando la semana.
40;Hombre;B) Gimnasio, comida y salud.;D) Buscar nuevas actividades o viajando.;D) Solo cuando hay un evento importante.;8;C) Tranquilo, en casa y preparando la semana.
30;Mujer;A) Salir a beber con amigos y fiestas.;C) Descansar en casa, planeando mi tiempo y gastos.;C) Casi nunca.;4;A) Improvisado, con amigos y musica.
34;Hombre;B) Gimnasio, comida y salud.;B) Hacer ejercicio y meditar.;C) Casi nunca.;7;C) Tranquilo, en casa y preparando la semana.
23;Hombre;B) Gimnasio, comida y salud.;D) Buscar nuevas actividades o viajando.;C) Casi nunca.;9;C) Tranquilo, en casa y preparando la semana.
17;Hombre;D) Viajes, conciertos, cursos.;B) Hacer ejercicio y meditar.;D) Solo cuando hay un evento importante.;8;C) Tranquilo, en casa y preparando la semana.
13;Mujer;C) Ahorrando o invirtiendolo.;C) Descansar en casa, planeando mi tiempo y gastos.;D) Solo cuando hay un evento importante.;7;A) Improvisado, con amigos y musica.
19;Mujer;B) Gimnasio, comida y salud.;D) Buscar nuevas actividades o viajando.;D) Solo cuando hay un evento importante.;4;A) Improvisado, con amigos y musica.
13;Mujer;B) Gimnasio, comida y salud.;A) Salir a desconectarme, beber y socializar.;C) Casi nunca.;1;A) Improvisado, con amigos y musica.
23;Mujer;A) Salir a beber con amigos y fiestas.;C) Descansar en casa, planeando mi tiempo y gastos.;B) 1 o 2 veces.;10;C) Tranquilo, en casa y preparando la semana.
48;Mujer;C) Ahorrando o invirtiendolo.;B) Hacer ejercicio y meditar.;C) Casi nunca.;2;C) Tranquilo, en casa y preparando la semana.
24;Hombre;B) Gimnasio, comida y salud.;B) Hacer ejercicio y meditar.;D) Solo cuando hay un evento importante.;10;C) Tranquilo, en casa y preparando la semana.
40;Mujer;B) Gimnasio, comida y salud.;C) Descansar en casa, planeando mi tiempo y gastos.;B) 1 o 2 veces.;9;C) Tranquilo, en casa y preparando la semana.
29;Mujer;C) Ahorrando o invirtiendolo.;B) Hacer ejercicio y meditar.;B) 1 o 2 veces.;7;A) Improvisado, con amigos y musica.
21;Hombre;B) Gimnasio, comida y salud.;C) Descansar en casa, planeando mi tiempo y gastos.;C) Casi nunca.;6;C) Tranquilo, en casa y preparando la semana.
20;Hombre;C) Ahorrando o invirtiendolo.;D) Buscar nuevas actividades o viajando.;B) 1 o 2 veces.;5;C) Tranquilo, en casa y preparando la semana.
31;Hombre;C) Ahorrando o invirtiendolo.;C) Descansar en casa, planeando mi tiempo y gastos.;B) 1 o 2 veces.;6;C) Tranquilo, en casa y preparando la semana.
27;Hombre;D) Viajes, conciertos, cursos.;B) Hacer ejercicio y meditar.;B) 1 o 2 veces.;1;C) Tranquilo, en casa y preparando la semana.
13;Hombre;B) Gimnasio, comida y salud.;B) Hacer ejercicio y meditar.;D) Solo cuando hay un evento importante.;3;C) Tranquilo, en casa y preparando la semana.
30;Mujer;A) Salir a beber con amigos y fiestas.;B) Hacer ejercicio y meditar.;A) 4 o mas veces.;1;A) Improvisado, con amigos y musica.
31;Mujer;C) Ahorrando o invirtiendolo.;B) Hacer ejercicio y meditar.;B) 1 o 2 veces.;4;D) Visitando un lugar nuevo o una actividad nueva.
28;Hombre;B) Gimnasio, comida y salud.;C) Descansar en casa, planeando mi tiempo y gastos.;C) Casi nunca.;2;B) Activo, haciendo deporte y comiendo.
49;Mujer;D) Viajes, conciertos, cursos.;C) Descansar en casa, planeando mi tiempo y gastos.;B) 1 o 2 veces.;7;C) Tranquilo, en casa y preparando la semana.
13;Mujer;B) Gimnasio, comida y salud.;A) Salir a desconectarme, beber y socializar.;C) Casi nunca.;5;C) Tranquilo, en casa y preparando la semana.
28;Hombre;A) Salir a beber con amigos y fiestas.;D) Buscar nuevas actividades o viajando.;C) Casi nunca.;4;C) Tranquilo, en casa y preparando la semana.
27;Mujer;B) Gimnasio, comida y salud.;C) Descansar en casa, planeando mi tiempo y gastos.;B) 1 o 2 veces.;5;C) Tranquilo, en casa y preparando la semana.
29;Hombre;B) Gimnasio, comida y salud.;C) Descansar en casa, planeando mi tiempo y gastos.;D) Solo cuando hay un evento importante.;5;C) Tranquilo, en casa y preparando la semana.
20;Mujer;B) Gimnasio, comida y salud.;B) Hacer ejercicio y meditar.;B) 1 o 2 veces.;7;A) Improvisado, con amigos y musica.
20;Hombre;B) Gimnasio, comida y salud.;C) Descansar en casa, planeando mi tiempo y gastos.;D) Solo cuando hay un evento importante.;7;A) Improvisado, con amigos y musica.
41;Mujer;A) Salir a beber con amigos y fiestas.;C) Descansar en casa, planeando mi tiempo y gastos.;D) Solo cuando hay un evento importante.;1;D) Visitando un lugar nuevo o una actividad nueva.
27;Mujer;B) Gimnasio, comida y salud.;D) Buscar nuevas actividades o viajando.;C) Casi nunca.;9;C) Tranquilo, en casa y preparando la semana.
37;Mujer;D) Viajes, conciertos, cursos.;A) Salir a desconectarme, beber y socializar.;B) 1 o 2 veces.;7;C) Tranquilo, en casa y preparando la semana.
22;Hombre;A) Salir a beber con amigos y fiestas.;B) Hacer ejercicio y meditar.;C) Casi nunca.;9;D) Visitando un lugar nuevo o una actividad nueva.
27;Mujer;A) Salir a beber con amigos y fiestas.;B) Hacer ejercicio y meditar.;C) Casi nunca.;10;A) Improvisado, con amigos y musica.
13;Hombre;D) Viajes, conciertos, cursos.;B) Hacer ejercicio y meditar.;B) 1 o 2 veces.;4;D) Visitando un lugar nuevo o una actividad nueva.
13;Hombre;C) Ahorrando o invirtiendolo.;C) Descansar en casa, planeando mi tiempo y gastos.;C) Casi nunca.;1;C) Tranquilo, en casa y preparando la semana.
34;Mujer;B) Gimnasio, comida y salud.;C) Descansar en casa, planeando mi tiempo y gastos.;B) 1 o 2 veces.;2;C) Tranquilo, en casa y preparando la semana.
40;Hombre;A) Salir a beber con amigos y fiestas.;A) Salir a desconectarme, beber y socializar.;B) 1 o 2 veces.;6;A) Improvisado, con amigos y musica.
39;Mujer;B) Gimnasio, comida y salud.;B) Hacer ejercicio y meditar.;C) Casi nunca.;1;C) Tranquilo, en casa y preparando la semana.
41;Mujer;C) Ahorrando o invirtiendolo.;B) Hacer ejercicio y meditar.;C) Casi nunca.;4;A) Improvisado, con amigos y musica.
17;Hombre;C) Ahorrando o invirtiendolo.;D) Buscar nuevas actividades o viajando.;B) 1 o 2 veces.;6;C) Tranquilo, en casa y preparando la semana.
15;Hombre;C) Ahorrando o invirtiendolo.;C) Descansar en casa, planeando mi tiempo y gastos.;D) Solo cuando hay un evento importante.;6;C) Tranquilo, en casa y preparando la semana.
33;Mujer;C) Ahorrando o invirtiendolo.;C) Descansar en casa, planeando mi tiempo y gastos.;C) Casi nunca.;3;C) Tranquilo, en casa y preparando la semana.
16;Hombre;C) Ahorrando o invirtiendolo.;A) Salir a desconectarme, beber y socializar.;C) Casi nunca.;4;C) Tranquilo, en casa y preparando la semana.
41;Mujer;C) Ahorrando o invirtiendolo.;A) Salir a desconectarme, beber y socializar.;D) Solo cuando hay un evento importante.;10;B) Activo, haciendo deporte y comiendo.
13;Mujer;C) Ahorrando o invirtiendolo.;C) Descansar en casa, planeando mi tiempo y gastos.;B) 1 o 2 veces.;5;B) Activo, haciendo deporte y comiendo.
19;Mujer;C) Ahorrando o invirtiendolo.;C) Descansar en casa, planeando mi tiempo y gastos.;D) Solo cuando hay un evento importante.;9;C) Tranquilo, en casa y preparando la semana.
21;Mujer;B) Gimnasio, comida y salud.;C) Descansar en casa, planeando mi tiempo y gastos.;D) Solo cuando hay un evento importante.;6;C) Tranquilo, en casa y preparando la semana.
26;Mujer;C) Ahorrando o invirtiendolo.;B) Hacer ejercicio y meditar.;B) 1 o 2 veces.;5;C) Tranquilo, en casa y preparando la semana.
17;Hombre;C) Ahorrando o invirtiendolo.;C) Descansar en casa, planeando mi tiempo y gastos.;B) 1 o 2 veces.;7;C) Tranquilo, en casa y preparando la semana.
19;Mujer;B) Gimnasio, comida y salud.;C) Descansar en casa, planeando mi tiempo y gastos.;B) 1 o 2 veces.;9;A) Improvisado, con amigos y musica.
20;Mujer;B) Gimnasio, comida y salud.;C) Descansar en casa, planeando mi tiempo y gastos.;B) 1 o 2 veces.;5;D) Visitando un lugar nuevo o una actividad nueva.
31;Mujer;B) Gimnasio, comida y salud.;B) Hacer ejercicio y meditar.;C) Casi nunca.;7;C) Tranquilo, en casa y preparando la semana.
36;Mujer;B) Gimnasio, comida y salud.;D) Buscar nuevas actividades o viajando.;D) Solo cuando hay un evento importante.;6;B) Activo, haciendo deporte y comiendo.
32;Mujer;B) Gimnasio, comida y salud.;B) Hacer ejercicio y meditar.;D) Solo cuando hay un evento importante.;8;C) Tranquilo, en casa y preparando la semana.
19;Mujer;C) Ahorrando o invirtiendolo.;D) Buscar nuevas actividades o viajando.;B) 1 o 2 veces.;4;B) Activo, haciendo deporte y comiendo.
16;Hombre;C) Ahorrando o invirtiendolo.;D) Buscar nuevas actividades o viajando.;B) 1 o 2 veces.;8;A) Improvisado, con amigos y musica.
68;Hombre;C) Ahorrando o invirtiendolo.;A) Salir a desconectarme, beber y socializar.;B) 1 o 2 veces.;1;B) Activo, haciendo deporte y comiendo.
15;Mujer;B) Gimnasio, comida y salud.;B) Hacer ejercicio y meditar.;C) Casi nunca.;1;C) Tranquilo, en casa y preparando la semana.
24;Mujer;C) Ahorrando o invirtiendolo.;B) Hacer ejercicio y meditar.;C) Casi nunca.;7;A) Improvisado, con amigos y musica.
26;Mujer;A) Salir a beber con amigos y fiestas.;D) Buscar nuevas actividades o viajando.;C) Casi nunca.;6;C) Tranquilo, en casa y preparando la semana.
25;Mujer;D) Viajes, conciertos, cursos.;B) Hacer ejercicio y meditar.;D) Solo cuando hay un evento importante.;1;C) Tranquilo, en casa y preparando la semana.
25;Hombre;C) Ahorrando o invirtiendolo.;B) Hacer ejercicio y meditar.;B) 1 o 2 veces.;9;C) Tranquilo, en casa y preparando la semana.
32;Mujer;D) Viajes, conciertos, cursos.;A) Salir a desconectarme, beber y socializar.;B) 1 o 2 veces.;9;C) Tranquilo, en casa y preparando la semana.
19;Hombre;B) Gimnasio, comida y salud.;B) Hacer ejercicio y meditar.;D) Solo cuando hay un evento importante.;8;C) Tranquilo, en casa y preparando la semana.
15;Hombre;B) Gimnasio, comida y salud.;A) Salir a desconectarme, beber y socializar.;C) Casi nunca.;1;A) Improvisado, con amigos y musica.
25;Mujer;B) Gimnasio, comida y salud.;B) Hacer ejercicio y meditar.;D) Solo cuando hay un evento importante.;4;B) Activo, haciendo deporte y comiendo.
38;Mujer;D) Viajes, conciertos, cursos.;A) Salir a desconectarme, beber y socializar.;B) 1 o 2 veces.;5;C) Tranquilo, en casa y preparando la semana.
27;Mujer;D) Viajes, conciertos, cursos.;C) Descansar en casa, planeando mi tiempo y gastos.;D) Solo cuando hay un evento importante.;9;D) Visitando un lugar nuevo o una actividad nueva.
15;Mujer;D) Viajes, conciertos, cursos.;A) Salir a desconectarme, beber y socializar.;D) Solo cuando hay un evento importante.;3;C) Tranquilo, en casa y preparando la semana.
19;Mujer;C) Ahorrando o invirtiendolo.;B) Hacer ejercicio y meditar.;C) Casi nunca.;2;C) Tranquilo, en casa y preparando la semana.
22;Hombre;A) Salir a beber con amigos y fiestas.;C) Descansar en casa, planeando mi tiempo y gastos.;D) Solo cuando hay un evento importante.;10;A) Improvisado, con amigos y musica.
13;Mujer;B) Gimnasio, comida y salud.;A) Salir a desconectarme, beber y socializar.;B) 1 o 2 veces.;2;C) Tranquilo, en casa y preparando la semana.
13;Hombre;B) Gimnasio, comida y salud.;A) Salir a desconectarme, beber y socializar.;C) Casi nunca.;7;C) Tranquilo, en casa y preparando la semana.
15;Mujer;A) Salir a beber con amigos y fiestas.;A) Salir a desconectarme, beber y socializar.;C) Casi nunca.;7;C) Tranquilo, en casa y preparando la semana.
40;Hombre;B) Gimnasio, comida y salud.;C) Descansar en casa, planeando mi tiempo y gastos.;B) 1 o 2 veces.;6;C) Tranquilo, en casa y preparando la semana.
29;Mujer;C) Ahorrando o invirtiendolo.;A) Salir a desconectarme, beber y socializar.;C) Casi nunca.;5;C) Tranquilo, en casa y preparando la semana.
13;Hombre;C) Ahorrando o invirtiendolo.;B) Hacer ejercicio y meditar.;B) 1 o 2 veces.;6;C) Tranquilo, en casa y preparando la semana.
46;Hombre;C) Ahorrando o invirtiendolo.;C) Descansar en casa, planeando mi tiempo y gastos.;C) Casi nunca.;6;C) Tranquilo, en casa y preparando la semana.
35;Mujer;B) Gimnasio, comida y salud.;C) Descansar en casa, planeando mi tiempo y gastos.;B) 1 o 2 veces.;10;B) Activo, haciendo deporte y comiendo.
17;Mujer;B) Gimnasio, comida y salud.;C) Descansar en casa, planeando mi tiempo y gastos.;D) Solo cuando hay un evento importante.;9;C) Tranquilo, en casa y preparando la semana.
18;Mujer;B) Gimnasio, comida y salud.;B) Hacer ejercicio y meditar.;B) 1 o 2 veces.;5;C) Tranquilo, en casa y preparando la semana.
19;Mujer;B) Gimnasio, comida y salud.;C) Descansar en casa, planeando mi tiempo y gastos.;C) Casi nunca.;5;C) Tranquilo, en casa y preparando la semana.
26;Mujer;B) Gimnasio, comida y salud.;A) Salir a desconectarme, beber y socializar.;B) 1 o 2 veces.;5;A) Improvisado, con amigos y musica.
26;Mujer;A) Salir a beber con amigos y fiestas.;C) Descansar en casa, planeando mi tiempo y gastos.;C) Casi nunca.;8;A) Improvisado, con amigos y musica.
47;Mujer;D) Viajes, conciertos, cursos.;B) Hacer ejercicio y meditar.;B) 1 o 2 veces.;6;C) Tranquilo, en casa y preparando la semana.
49;Mujer;B) Gimnasio, comida y salud.;C) Descansar en casa, planeando mi tiempo y gastos.;B) 1 o 2 veces.;4;C) Tranquilo, en casa y preparando la semana.
13;Mujer;D) Viajes, conciertos, cursos.;B) Hacer ejercicio y meditar.;D) Solo cuando hay un evento importante.;8;C) Tranquilo, en casa y preparando la semana.
19;Hombre;C) Ahorrando o invirtiendolo.;B) Hacer ejercicio y meditar.;D) Solo cuando hay un evento importante.;10;A) Improvisado, con amigos y musica.
13;Hombre;C) Ahorrando o invirtiendolo.;A) Salir a desconectarme, beber y socializar.;B) 1 o 2 veces.;1;C) Tranquilo, en casa y preparando la semana.
35;Hombre;B) Gimnasio, comida y salud.;D) Buscar nuevas actividades o viajando.;B) 1 o 2 veces.;7;A) Improvisado, con amigos y musica.
19;Hombre;C) Ahorrando o invirtiendolo.;C) Descansar en casa, planeando mi tiempo y gastos.;C) Casi nunca.;9;C) Tranquilo, en casa y preparando la semana.
22;Mujer;C) Ahorrando o invirtiendolo.;B) Hacer ejercicio y meditar.;D) Solo cuando hay un evento importante.;1;A) Improvisado, con amigos y musica.
13;Mujer;C) Ahorrando o invirtiendolo.;B) Hacer ejercicio y meditar.;D) Solo cuando hay un evento importante.;8;C) Tranquilo, en casa y preparando la semana.
31;Mujer;D) Viajes, conciertos, cursos.;B) Hacer ejercicio y meditar.;D) Solo cuando hay un evento importante.;3;C) Tranquilo, en casa y preparando la semana.
31;Hombre;C) Ahorrando o invirtiendolo.;A) Salir a desconectarme, beber y socializar.;C) Casi nunca.;3;A) Improvisado, con amigos y musica.
29;Mujer;C) Ahorrando o invirtiendolo.;A) Salir a desconectarme, beber y socializar.;B) 1 o 2 veces.;6;C) Tranquilo, en casa y preparando la semana.
21;Hombre;C) Ahorrando o invirtiendolo.;C) Descansar en casa, planeando mi tiempo y gastos.;C) Casi nunca.;4;A) Improvisado, con amigos y musica.
30;Mujer;D) Viajes, conciertos, cursos.;B) Hacer ejercicio y meditar.;C) Casi nunca.;8;C) Tranquilo, en casa y preparando la semana.
14;Hombre;D) Viajes, conciertos, cursos.;A) Salir a desconectarme, beber y socializar.;B) 1 o 2 veces.;3;B) Activo, haciendo deporte y comiendo.
35;Mujer;C) Ahorrando o invirtiendolo.;B) Hacer ejercicio y meditar.;C) Casi nunca.;5;C) Tranquilo, en casa y preparando la semana.
13;Mujer;A) Salir a beber con amigos y fiestas.;D) Buscar nuevas actividades o viajando.;B) 1 o 2 veces.;7;C) Tranquilo, en casa y preparando la semana.
25;Mujer;C) Ahorrando o invirtiendolo.;C) Descansar en casa, planeando mi tiempo y gastos.;D) Solo cuando hay un evento importante.;3;C) Tranquilo, en casa y preparando la semana.
18;Mujer;B) Gimnasio, comida y salud.;B) Hacer ejercicio y meditar.;C) Casi nunca.;6;C) Tranquilo, en casa y preparando la semana.
65;Mujer;C) Ahorrando o invirtiendolo.;B) Hacer ejercicio y meditar.;B) 1 o 2 veces.;10;D) Visitando un lugar nuevo o una actividad nueva.
23;Mujer;D) Viajes, conciertos, cursos.;C) Descansar en casa, planeando mi tiempo y gastos.;C) Casi nunca.;8;C) Tranquilo, en casa y preparando la semana.
13;Mujer;B) Gimnasio, comida y salud.;C) Descansar en casa, planeando mi tiempo y gastos.;C) Casi nunca.;4;A) Improvisado, con amigos y musica.
43;Hombre;B) Gimnasio, comida y salud.;B) Hacer ejercicio y meditar.;B) 1 o 2 veces.;4;A) Improvisado, con amigos y musica.
32;Mujer;A) Salir a beber con amigos y fiestas.;B) Hacer ejercicio y meditar.;B) 1 o 2 veces.;1;C) Tranquilo, en casa y preparando la semana.
18;Mujer;C) Ahorrando o invirtiendolo.;B) Hacer ejercicio y meditar.;B) 1 o 2 veces.;3;B) Activo, haciendo deporte y comiendo.
13;Mujer;C) Ahorrando o invirtiendolo.;B) Hacer ejercicio y meditar.;C) Casi nunca.;3;A) Improvisado, con amigos y musica.
26;Hombre;D) Viajes, conciertos, cursos.;A) Salir a desconectarme, beber y socializar.;D) Solo cuando hay un evento importante.;4;A) Improvisado, con amigos y musica.
29;Hombre;D) Viajes, conciertos, cursos.;B) Hacer ejercicio y meditar.;D) Solo cuando hay un evento importante.;6;D) Visitando un lugar nuevo o una actividad nueva.
30;Hombre;B) Gimnasio, comida y salud.;A) Salir a desconectarme, beber y socializar.;D) Solo cuando hay un evento importante.;3;C) Tranquilo, en casa y preparando la semana.
18;Hombre;C) Ahorrando o invirtiendolo.;B) Hacer ejercicio y meditar.;D) Solo cuando hay un evento importante.;6;A) Improvisado, con amigos y musica.
51;Hombre;A) Salir a beber con amigos y fiestas.;D) Buscar nuevas actividades o viajando.;D) Solo cuando hay un evento importante.;3;B) Activo, haciendo deporte y comiendo.
36;Mujer;C) Ahorrando o invirtiendolo.;C) Descansar en casa, planeando mi tiempo y gastos.;B) 1 o 2 veces.;3;C) Tranquilo, en casa y preparando la semana.
13;Mujer;C) Ahorrando o invirtiendolo.;B) Hacer ejercicio y meditar.;B) 1 o 2 veces.;4;C) Tranquilo, en casa y preparando la semana.
33;Mujer;A) Salir a beber con amigos y fiestas.;C) Descansar en casa, planeando mi tiempo y gastos.;B) 1 o 2 veces.;3;A) Improvisado, con amigos y musica.
20;Hombre;B) Gimnasio, comida y salud.;B) Hacer ejercicio y meditar.;C) Casi nunca.;9;C) Tranquilo, en casa y preparando la semana.
29;Hombre;A) Salir a beber con amigos y fiestas.;B) Hacer ejercicio y meditar.;C) Casi nunca.;6;B) Activo, haciendo deporte y comiendo.
13;Hombre;B) Gimnasio, comida y salud.;D) Buscar nuevas actividades o viajando.;D) Solo cuando hay un evento importante.;3;C) Tranquilo, en casa y preparando la semana.
13;Mujer;A) Salir a beber con amigos y fiestas.;D) Buscar nuevas actividades o viajando.;C) Casi nunca.;6;C) Tranquilo, en casa y preparando la semana.
13;Mujer;A) Salir a beber con amigos y fiestas.;D) Buscar nuevas actividades o viajando.;C) Casi nunca.;1;B) Activo, haciendo deporte y comiendo.
28;Hombre;A) Salir a beber con amigos y fiestas.;B) Hacer ejercicio y meditar.;D) Solo cuando hay un evento importante.;3;B) Activo, haciendo deporte y comiendo.
27;Hombre;B) Gimnasio, comida y salud.;C) Descansar en casa, planeando mi tiempo y gastos.;B) 1 o 2 veces.;1;C) Tranquilo, en casa y preparando la semana.
18;Hombre;A) Salir a beber con amigos y fiestas.;C) Descansar en casa, planeando mi tiempo y gastos.;C) Casi nunca.;8;D) Visitando un lugar nuevo o una actividad nueva.
30;Hombre;D) Viajes, conciertos, cursos.;D) Buscar nuevas actividades o viajando.;C) Casi nunca.;1;C) Tranquilo, en casa y preparando la semana.
23;Mujer;D) Viajes, conciertos, cursos.;D) Buscar nuevas actividades o viajando.;B) 1 o 2 veces.;9;B) Activo, haciendo deporte y comiendo.
27;Hombre;C) Ahorrando o invirtiendolo.;D) Buscar nuevas actividades o viajando.;B) 1 o 2 veces.;9;A) Improvisado, con amigos y musica.
40;Mujer;D) Viajes, conciertos, cursos.;D) Buscar nuevas actividades o viajando.;B) 1 o 2 veces.;9;A) Improvisado, con amigos y musica.
63;Hombre;B) Gimnasio, comida y salud.;A) Salir a desconectarme, beber y socializar.;D) Solo cuando hay un evento importante.;6;D) Visitando un lugar nuevo o una actividad nueva.
13;Mujer;A) Salir a beber con amigos y fiestas.;C) Descansar en casa, planeando mi tiempo y gastos.;C) Casi nunca.;1;D) Visitando un lugar nuevo o una actividad nueva.
13;Hombre;C) Ahorrando o invirtiendolo.;B) Hacer ejercicio y meditar.;B) 1 o 2 veces.;7;C) Tranquilo, en casa y preparando la semana.
28;Hombre;C) Ahorrando o invirtiendolo.;B) Hacer ejercicio y meditar.;B) 1 o 2 veces.;1;C) Tranquilo, en casa y preparando la semana.
26;Mujer;C) Ahorrando o invirtiendolo.;A) Salir a desconectarme, beber y socializar.;A) 4 o mas veces.;3;C) Tranquilo, en casa y preparando la semana.
26;Mujer;C) Ahorrando o invirtiendolo.;C) Descansar en casa, planeando mi tiempo y gastos.;D) Solo cuando hay un evento importante.;6;A) Improvisado, con amigos y musica.
28;Hombre;D) Viajes, conciertos, cursos.;C) Descansar en casa, planeando mi tiempo y gastos.;C) Casi nunca.;1;A) Improvisado, con amigos y musica.
17;Hombre;B) Gimnasio, comida y salud.;B) Hacer ejercicio y meditar.;D) Solo cuando hay un evento importante.;3;C) Tranquilo, en casa y preparando la semana.
13;Mujer;B) Gimnasio, comida y salud.;C) Descansar en casa, planeando mi tiempo y gastos.;B) 1 o 2 veces.;3;C) Tranquilo, en casa y preparando la semana.
13;Mujer;A) Salir a beber con amigos y fiestas.;C) Descansar en casa, planeando mi tiempo y gastos.;C) Casi nunca.;5;C) Tranquilo, en casa y preparando la semana.
46;Mujer;C) Ahorrando o invirtiendolo.;A) Salir a desconectarme, beber y socializar.;A) 4 o mas veces.;6;D) Visitando un lugar nuevo o una actividad nueva.
13;Mujer;B) Gimnasio, comida y salud.;A) Salir a desconectarme, beber y socializar.;D) Solo cuando hay un evento importante.;1;A) Improvisado, con amigos y musica.
22;Mujer;C) Ahorrando o invirtiendolo.;B) Hacer ejercicio y meditar.;B) 1 o 2 veces.;6;B) Activo, haciendo deporte y comiendo.
17;Mujer;B) Gimnasio, comida y salud.;A) Salir a desconectarme, beber y socializar.;D) Solo cuando hay un evento importante.;10;C) Tranquilo, en casa y preparando la semana.
13;Mujer;D) Viajes, conciertos, cursos.;D) Buscar nuevas actividades o viajando.;C) Casi nunca.;5;C) Tranquilo, en casa y preparando la semana.
13;Hombre;D) Viajes, conciertos, cursos.;D) Buscar nuevas actividades o viajando.;C) Casi nunca.;5;B) Activo, haciendo deporte y comiendo.
13;Hombre;A) Salir a beber con amigos y fiestas.;B) Hacer ejercicio y meditar.;C) Casi nunca.;7;C) Tranquilo, en casa y preparando la semana.
57;Hombre;A) Salir a beber con amigos y fiestas.;B) Hacer ejercicio y meditar.;C) Casi nunca.;3;D) Visitando un lugar nuevo o una actividad nueva.
59;Hombre;C) Ahorrando o invirtiendolo.;D) Buscar nuevas actividades o viajando.;D) Solo cuando hay un evento importante.;7;D) Visitando un lugar nuevo o una actividad nueva.
29;Mujer;B) Gimnasio, comida y salud.;B) Hacer ejercicio y meditar.;B) 1 o 2 veces.;9;C) Tranquilo, en casa y preparando la semana.
33;Mujer;B) Gimnasio, comida y salud.;D) Buscar nuevas actividades o viajando.;B) 1 o 2 veces.;5;C) Tranquilo, en casa y preparando la semana.
31;Mujer;B) Gimnasio, comida y salud.;B) Hacer ejercicio y meditar.;A) 4 o mas veces.;3;C) Tranquilo, en casa y preparando la semana.
13;Mujer;B) Gimnasio, comida y salud.;C) Descansar en casa, planeando mi tiempo y gastos.;A) 4 o mas veces.;3;A) Improvisado, con amigos y musica.
24;Mujer;A) Salir a beber con amigos y fiestas.;D) Buscar nuevas actividades o viajando.;B) 1 o 2 veces.;1;C) Tranquilo, en casa y preparando la semana.
31;Mujer;D) Viajes, conciertos, cursos.;D) Buscar nuevas actividades o viajando.;C) Casi nunca.;2;A) Improvisado, con amigos y musica.
33;Mujer;C) Ahorrando o invirtiendolo.;A) Salir a desconectarme, beber y socializar.;A) 4 o mas veces.;4;C) Tranquilo, en casa y preparando la semana.
13;Hombre;B) Gimnasio, comida y salud.;C) Descansar en casa, planeando mi tiempo y gastos.;B) 1 o 2 veces.;5;C) Tranquilo, en casa y preparando la semana.
23;Mujer;B) Gimnasio, comida y salud.;D) Buscar nuevas actividades o viajando.;C) Casi nunca.;5;C) Tranquilo, en casa y preparando la semana.
31;Hombre;D) Viajes, conciertos, cursos.;B) Hacer ejercicio y meditar.;D) Solo cuando hay un evento importante.;9;D) Visitando un lugar nuevo o una actividad nueva.
30;Hombre;A) Salir a beber con amigos y fiestas.;A) Salir a desconectarme, beber y socializar.;B) 1 o 2 veces.;5;D) Visitando un lugar nuevo o una actividad nueva.
40;Mujer;A) Salir a beber con amigos y fiestas.;C) Descansar en casa, planeando mi tiempo y gastos.;B) 1 o 2 veces.;1;C) Tranquilo, en casa y preparando la semana.
39;Mujer;C) Ahorrando o invirtiendolo.;D) Buscar nuevas actividades o viajando.;B) 1 o 2 veces.;5;C) Tranquilo, en casa y preparando la semana.
32;Hombre;D) Viajes, conciertos, cursos.;C) Descansar en casa, planeando mi tiempo y gastos.;C) Casi nunca.;7;B) Activo, haciendo deporte y comiendo.
51;Mujer;B) Gimnasio, comida y salud.;D) Buscar nuevas actividades o viajando.;B) 1 o 2 veces.;6;B) Activo, haciendo deporte y comiendo.
15;Mujer;C) Ahorrando o invirtiendolo.;B) Hacer ejercicio y meditar.;C) Casi nunca.;4;B) Activo, haciendo deporte y comiendo.
26;Hombre;C) Ahorrando o invirtiendolo.;C) Descansar en casa, planeando mi tiempo y gastos.;D) Solo cuando hay un evento importante.;4;C) Tranquilo, en casa y preparando la semana.
32;Hombre;C) Ahorrando o invirtiendolo.;C) Descansar en casa, planeando mi tiempo y gastos.;C) Casi nunca.;5;A) Improvisado, con amigos y musica.
13;Hombre;D) Viajes, conciertos, cursos.;B) Hacer ejercicio y meditar.;C) Casi nunca.;5;C) Tranquilo, en casa y preparando la semana.
18;Hombre;B) Gimnasio, comida y salud.;C) Descansar en casa, planeando mi tiempo y gastos.;A) 4 o mas veces.;9;B) Activo, haciendo deporte y comiendo.
33;Mujer;C) Ahorrando o invirtiendolo.;C) Descansar en casa, planeando mi tiempo y gastos.;D) Solo cuando hay un evento importante.;2;C) Tranquilo, en casa y preparando la semana.
27;Mujer;C) Ahorrando o invirtiendolo.;C) Descansar en casa, planeando mi tiempo y gastos.;C) Casi nunca.;7;C) Tranquilo, en casa y preparando la semana.
28;Hombre;C) Ahorrando o invirtiendolo.;D) Buscar nuevas actividades o viajando.;B) 1 o 2 veces.;6;C) Tranquilo, en casa y preparando la semana.
13;Mujer;D) Viajes, conciertos, cursos.;C) Descansar en casa, planeando mi tiempo y gastos.;B) 1 o 2 veces.;4;A) Improvisado, con amigos y musica.
18;Mujer;D) Viajes, conciertos, cursos.;B) Hacer ejercicio y meditar.;C) Casi nunca.;7;C) Tranquilo, en casa y preparando la semana.
30;Hombre;D) Viajes, conciertos, cursos.;B) Hacer ejercicio y meditar.;C) Casi nunca.;4;A) Improvisado, con amigos y musica.
41;Mujer;C) Ahorrando o invirtiendolo.;A) Salir a desconectarme, beber y socializar.;B) 1 o 2 veces.;8;C) Tranquilo, en casa y preparando la semana.
29;Mujer;C) Ahorrando o invirtiendolo.;C) Descansar en casa, planeando mi tiempo y gastos.;C) Casi nunca.;8;C) Tranquilo, en casa y preparando la semana.
29;Mujer;B) Gimnasio, comida y salud.;C) Descansar en casa, planeando mi tiempo y gastos.;D) Solo cuando hay un evento importante.;9;C) Tranquilo, en casa y preparando la semana.
20;Hombre;A) Salir a beber con amigos y fiestas.;B) Hacer ejercicio y meditar.;C) Casi nunca.;8;C) Tranquilo, en casa y preparando la semana.
20;Mujer;C) Ahorrando o invirtiendolo.;C) Descansar en casa, planeando mi tiempo y gastos.;B) 1 o 2 veces.;3;B) Activo, haciendo deporte y comiendo.
15;Hombre;B) Gimnasio, comida y salud.;B) Hacer ejercicio y meditar.;B) 1 o 2 veces.;1;C) Tranquilo, en casa y preparando la semana.
22;Hombre;B) Gimnasio, comida y salud.;A) Salir a desconectarme, beber y socializar.;D) Solo cuando hay un evento importante.;9;C) Tranquilo, en casa y preparando la semana.
16;Mujer;C) Ahorrando o invirtiendolo.;B) Hacer ejercicio y meditar.;B) 1 o 2 veces.;3;C) Tranquilo, en casa y preparando la semana.
25;Hombre;C) Ahorrando o invirtiendolo.;D) Buscar nuevas actividades o viajando.;C) Casi nunca.;4;C) Tranquilo, en casa y preparando la semana.
26;Mujer;A) Salir a beber con amigos y fiestas.;A) Salir a desconectarme, beber y socializar.;C) Casi nunca.;6;C) Tranquilo, en casa y preparando la semana.
14;Hombre;C) Ahorrando o invirtiendolo.;C) Descansar en casa, planeando mi tiempo y gastos.;C) Casi nunca.;3;B) Activo, haciendo deporte y comiendo.
19;Hombre;B) Gimnasio, comida y salud.;B) Hacer ejercicio y meditar.;A) 4 o mas veces.;1;A) Improvisado, con amigos y musica.
30;Mujer;C) Ahorrando o invirtiendolo.;B) Hacer ejercicio y meditar.;B) 1 o 2 veces.;3;C) Tranquilo, en casa y preparando la semana.
16;Mujer;B) Gimnasio, comida y salud.;D) Buscar nuevas actividades o viajando.;C) Casi nunca.;5;A) Improvisado, con amigos y musica.
34;Mujer;B) Gimnasio, comida y salud.;C) Descansar en casa, planeando mi tiempo y gastos.;D) Solo cuando hay un evento importante.;5;C) Tranquilo, en casa y preparando la semana.
34;Mujer;B) Gimnasio, comida y salud.;C) Descansar en casa, planeando mi tiempo y gastos.;D) Solo cuando hay un evento importante.;1;A) Improvisado, con amigos y musica.
25;Mujer;B) Gimnasio, comida y salud.;A) Salir a desconectarme, beber y socializar.;B) 1 o 2 veces.;7;C) Tranquilo, en casa y preparando la semana.
30;Mujer;A) Salir a beber con amigos y fiestas.;B) Hacer ejercicio y meditar.;B) 1 o 2 veces.;7;B) Activo, haciendo deporte y comiendo.
17;Hombre;B) Gimnasio, comida y salud.;B) Hacer ejercicio y meditar.;B) 1 o 2 veces.;3;B) Activo, haciendo deporte y comiendo.
13;Mujer;C) Ahorrando o invirtiendolo.;B) Hacer ejercicio y meditar.;D) Solo cuando hay un evento importante.;5;A) Improvisado, con amigos y musica.
14;Mujer;A) Salir a beber con amigos y fiestas.;A) Salir a desconectarme, beber y socializar.;C) Casi nunca.;1;C) Tranquilo, en casa y preparando la semana.
29;Hombre;D) Viajes, conciertos, cursos.;B) Hacer ejercicio y meditar.;B) 1 o 2 veces.;8;D) Visitando un lugar nuevo o una actividad nueva.
34;Hombre;B) Gimnasio, comida y salud.;C) Descansar en casa, planeando mi tiempo y gastos.;B) 1 o 2 veces.;9;A) Improvisado, con amigos y musica.
13;Mujer;A) Salir a beber con amigos y fiestas.;C) Descansar en casa, planeando mi tiempo y gastos.;B) 1 o 2 veces.;1;C) Tranquilo, en casa y preparando la semana.
21;Hombre;D) Viajes, conciertos, cursos.;A) Salir a desconectarme, beber y socializar.;C) Casi nunca.;6;A) Improvisado, con amigos y musica.
33;Mujer;A) Salir a beber con amigos y fiestas.;C) Descansar en casa, planeando mi tiempo y gastos.;D) Solo cuando hay un evento importante.;7;A) Improvisado, con amigos y musica.
15;Mujer;D) Viajes, conciertos, cursos.;C) Descansar en casa, planeando mi tiempo y gastos.;D) Solo cuando hay un evento importante.;3;A) Improvisado, con amigos y musica.
13;Hombre;C) Ahorrando o invirtiendolo.;B) Hacer ejercicio y meditar.;B) 1 o 2 veces.;3;A) Improvisado, con amigos y musica.
37;Mujer;A) Salir a beber con amigos y fiestas.;C) Descansar en casa, planeando mi tiempo y gastos.;C) Casi nunca.;10;C) Tranquilo, en casa y preparando la semana.
28;Hombre;C) Ahorrando o invirtiendolo.;B) Hacer ejercicio y meditar.;C) Casi nunca.;9;A) Improvisado, con amigos y musica.
17;Hombre;C) Ahorrando o invirtiendolo.;A) Salir a desconectarme, beber y socializar.;B) 1 o 2 veces.;2;B) Activo, haciendo deporte y comiendo.
20;Hombre;D) Viajes, conciertos, cursos.;B) Hacer ejercicio y meditar.;C) Casi nunca.;3;C) Tranquilo, en casa y preparando la semana.
13;Hombre;A) Salir a beber con amigos y fiestas.;A) Salir a desconectarme, beber y socializar.;D) Solo cuando hay un evento importante.;6;C) Tranquilo, en casa y preparando la semana.
22;Hombre;B) Gimnasio, comida y salud.;B) Hacer ejercicio y meditar.;C) Casi nunca.;8;C) Tranquilo, en casa y preparando la semana.
24;Mujer;B) Gimnasio, comida y salud.;C) Descansar en casa, planeando mi tiempo y gastos.;A) 4 o mas veces.;7;C) Tranquilo, en casa y preparando la semana.
69;Mujer;B) Gimnasio, comida y salud.;D) Buscar nuevas actividades o viajando.;B) 1 o 2 veces.;8;C) Tranquilo, en casa y preparando la semana.
30;Mujer;A) Salir a beber con amigos y fiestas.;D) Buscar nuevas actividades o viajando.;C) Casi nunca.;7;C) Tranquilo, en casa y preparando la semana.
22;Mujer;B) Gimnasio, comida y salud.;A) Salir a desconectarme, beber y socializar.;C) Casi nunca.;6;A) Improvisado, con amigos y musica.
14;Mujer;B) Gimnasio, comida y salud.;C) Descansar en casa, planeando mi tiempo y gastos.;C) Casi nunca.;4;A) Improvisado, con amigos y musica.
19;Mujer;A) Salir a beber con amigos y fiestas.;A) Salir a desconectarme, beber y socializar.;D) Solo cuando hay un evento importante.;7;C) Tranquilo, en casa y preparando la semana.
13;Mujer;D) Viajes, conciertos, cursos.;A) Salir a desconectarme, beber y socializar.;C) Casi nunca.;7;C) Tranquilo, en casa y preparando la semana.
13;Hombre;C) Ahorrando o invirtiendolo.;D) Buscar nuevas actividades o viajando.;D) Solo cuando hay un evento importante.;3;C) Tranquilo, en casa y preparando la semana.
13;Mujer;B) Gimnasio, comida y salud.;D) Buscar nuevas actividades o viajando.;B) 1 o 2 veces.;6;C) Tranquilo, en casa y preparando la semana.
39;Hombre;D) Viajes, conciertos, cursos.;B) Hacer ejercicio y meditar.;C) Casi nunca.;6;B) Activo, haciendo deporte y comiendo.
30;Hombre;C) Ahorrando o invirtiendolo.;A) Salir a desconectarme, beber y socializar.;B) 1 o 2 veces.;3;C) Tranquilo, en casa y preparando la semana.
26;Mujer;B) Gimnasio, comida y salud.;A) Salir a desconectarme, beber y socializar.;D) Solo cuando hay un evento importante.;8;C) Tranquilo, en casa y preparando la semana.
24;Hombre;B) Gimnasio, comida y salud.;B) Hacer ejercicio y meditar.;D) Solo cuando hay un evento importante.;8;A) Improvisado, con amigos y musica.
29;Mujer;D) Viajes, conciertos, cursos.;B) Hacer ejercicio y meditar.;A) 4 o mas veces.;7;C) Tranquilo, en casa y preparando la semana.
64;Hombre;A) Salir a beber con amigos y fiestas.;C) Descansar en casa, planeando mi tiempo y gastos.;C) Casi nunca.;3;C) Tranquilo, en casa y preparando la semana.
18;Mujer;D) Viajes, conciertos, cursos.;A) Salir a desconectarme, beber y socializar.;C) Casi nunca.;8;D) Visitando un lugar nuevo o una actividad nueva.
13;Hombre;C) Ahorrando o invirtiendolo.;C) Descansar en casa, planeando mi tiempo y gastos.;C) Casi nunca.;5;A) Improvisado, con amigos y musica.
29;Mujer;A) Salir a beber con amigos y fiestas.;B) Hacer ejercicio y meditar.;B) 1 o 2 veces.;8;C) Tranquilo, en casa y preparando la semana.
44;Hombre;A) Salir a beber con amigos y fiestas.;C) Descansar en casa, planeando mi tiempo y gastos.;B) 1 o 2 veces.;5;D) Visitando un lugar nuevo o una actividad nueva.
35;Mujer;D) Viajes, conciertos, cursos.;A) Salir a desconectarme, beber y socializar.;A) 4 o mas veces.;8;C) Tranquilo, en casa y preparando la semana.
26;Hombre;A) Salir a beber con amigos y fiestas.;A) Salir a desconectarme, beber y socializar.;C) Casi nunca.;3;C) Tranquilo, en casa y preparando la semana.
19;Mujer;C) Ahorrando o invirtiendolo.;D) Buscar nuevas actividades o viajando.;D) Solo cuando hay un evento importante.;5;D) Visitando un lugar nuevo o una actividad nueva.
13;Mujer;A) Salir a beber con amigos y fiestas.;B) Hacer ejercicio y meditar.;D) Solo cuando hay un evento importante.;9;D) Visitando un lugar nuevo o una actividad nueva.
23;Hombre;D) Viajes, conciertos, cursos.;A) Salir a desconectarme, beber y socializar.;B) 1 o 2 veces.;6;A) Improvisado, con amigos y musica.
13;Hombre;A) Salir a beber con amigos y fiestas.;D) Buscar nuevas actividades o viajando.;A) 4 o mas veces.;8;C) Tranquilo, en casa y preparando la semana.
20;Mujer;C) Ahorrando o invirtiendolo.;D) Buscar nuevas actividades o viajando.;B) 1 o 2 veces.;4;C) Tranquilo, en casa y preparando la semana.
26;Mujer;A) Salir a beber con amigos y fiestas.;D) Buscar nuevas actividades o viajando.;B) 1 o 2 veces.;7;C) Tranquilo, en casa y preparando la semana.
39;Mujer;B) Gimnasio, comida y salud.;C) Descansar en casa, planeando mi tiempo y gastos.;C) Casi nunca.;5;A) Improvisado, con amigos y musica.
38;Hombre;A) Salir a beber con amigos y fiestas.;C) Descansar en casa, planeando mi tiempo y gastos.;D) Solo cuando hay un evento importante.;7;C) Tranquilo, en casa y preparando la semana.
15;Mujer;B) Gimnasio, comida y salud.;B) Hacer ejercicio y meditar.;D) Solo cuando hay un evento importante.;5;D) Visitando un lugar nuevo o una actividad nueva.
35;Mujer;C) Ahorrando o invirtiendolo.;D) Buscar nuevas actividades o viajando.;B) 1 o 2 veces.;7;C) Tranquilo, en casa y preparando la semana.
25;Mujer;B) Gimnasio, comida y salud.;C) Descansar en casa, planeando mi tiempo y gastos.;C) Casi nunca.;4;B) Activo, haciendo deporte y comiendo.
13;Hombre;B) Gimnasio, comida y salud.;A) Salir a desconectarme, beber y socializar.;D) Solo cuando hay un evento importante.;3;C) Tranquilo, en casa y preparando la semana.
33;Mujer;C) Ahorrando o invirtiendolo.;C) Descansar en casa, planeando mi tiempo y gastos.;A) 4 o mas veces.;3;C) Tranquilo, en casa y preparando la semana.
22;Mujer;C) Ahorrando o invirtiendolo.;B) Hacer ejercicio y meditar.;B) 1 o 2 veces.;3;C) Tranquilo, en casa y preparando la semana.
20;Mujer;D) Viajes, conciertos, cursos.;C) Descansar en casa, planeando mi tiempo y gastos.;C) Casi nunca.;2;C) Tranquilo, en casa y preparando la semana.
23;Mujer;B) Gimnasio, comida y salud.;A) Salir a desconectarme, beber y socializar.;B) 1 o 2 veces.;5;A) Improvisado, con amigos y musica.
42;Hombre;C) Ahorrando o invirtiendolo.;C) Descansar en casa, planeando mi tiempo y gastos.;B) 1 o 2 veces.;2;A) Improvisado, con amigos y musica.
13;Hombre;D) Viajes, conciertos, cursos.;B) Hacer ejercicio y meditar.;B) 1 o 2 veces.;5;C) Tranquilo, en casa y preparando la semana.
13;Mujer;A) Salir a beber con amigos y fiestas.;D) Buscar nuevas actividades o viajando.;D) Solo cuando hay un evento importante.;6;A) Improvisado, con amigos y musica.
24;Mujer;D) Viajes, conciertos, cursos.;D) Buscar nuevas actividades o viajando.;D) Solo cuando hay un evento importante.;6;A) Improvisado, con amigos y musica.
27;Hombre;C) Ahorrando o invirtiendolo.;B) Hacer ejercicio y meditar.;A) 4 o mas veces.;6;C) Tranquilo, en casa y preparando la semana.
20;Hombre;B) Gimnasio, comida y salud.;B) Hacer ejercicio y meditar.;C) Casi nunca.;3;C) Tranquilo, en casa y preparando la semana.
35;Hombre;A) Salir a beber con amigos y fiestas.;B) Hacer ejercicio y meditar.;D) Solo cuando hay un evento importante.;7;C) Tranquilo, en casa y preparando la semana.
19;Mujer;A) Salir a beber con amigos y fiestas.;C) Descansar en casa, planeando mi tiempo y gastos.;B) 1 o 2 veces.;4;C) Tranquilo, en casa y preparando la semana.
36;Mujer;B) Gimnasio, comida y salud.;B) Hacer ejercicio y meditar.;C) Casi nunca.;1;C) Tranquilo, en casa y preparando la semana.
25;Mujer;C) Ahorrando o invirtiendolo.;A) Salir a desconectarme, beber y socializar.;A) 4 o mas veces.;3;C) Tranquilo, en casa y preparando la semana.
33;Hombre;D) Viajes, conciertos, cursos.;B) Hacer ejercicio y meditar.;C) Casi nunca.;4;A) Improvisado, con amigos y musica.
31;Mujer;B) Gimnasio, comida y salud.;B) Hacer ejercicio y meditar.;D) Solo cuando hay un evento importante.;10;A) Improvisado, con amigos y musica.
20;Mujer;B) Gimnasio, comida y salud.;B) Hacer ejercicio y meditar.;D) Solo cuando hay un evento importante.;7;C) Tranquilo, en casa y preparando la semana.
15;Hombre;C) Ahorrando o invirtiendolo.;C) Descansar en casa, planeando mi tiempo y gastos.;B) 1 o 2 veces.;9;C) Tranquilo, en casa y preparando la semana.
24;Mujer;B) Gimnasio, comida y salud.;C) Descansar en casa, planeando mi tiempo y gastos.;C) Casi nunca.;5;C) Tranquilo, en casa y preparando la semana.
49;Mujer;D) Viajes, conciertos, cursos.;B) Hacer ejercicio y meditar.;C) Casi nunca.;5;B) Activo, haciendo deporte y comiendo.
19;Mujer;A) Salir a beber con amigos y fiestas.;A) Salir a desconectarme, beber y socializar.;B) 1 o 2 veces.;6;A) Improvisado, con amigos y musica.
20;Mujer;C) Ahorrando o invirtiendolo.;B) Hacer ejercicio y meditar.;D) Solo cuando hay un evento importante.;7;C) Tranquilo, en casa y preparando la semana.
53;Mujer;A) Salir a beber con amigos y fiestas.;C) Descansar en casa, planeando mi tiempo y gastos.;B) 1 o 2 veces.;4;B) Activo, haciendo deporte y comiendo.
13;Mujer;B) Gimnasio, comida y salud.;C) Descansar en casa, planeando mi tiempo y gastos.;B) 1 o 2 veces.;10;A) Improvisado, con amigos y musica.
36;Hombre;D) Viajes, conciertos, cursos.;D) Buscar nuevas actividades o viajando.;C) Casi nunca.;6;A) Improvisado, con amigos y musica.
34;Mujer;C) Ahorrando o invirtiendolo.;B) Hacer ejercicio y meditar.;B) 1 o 2 veces.;6;A) Improvisado, con amigos y musica.
13;Hombre;B) Gimnasio, comida y salud.;C) Descansar en casa, planeando mi tiempo y gastos.;C) Casi nunca.;9;C) Tranquilo, en casa y preparando la semana.
41;Hombre;A) Salir a beber con amigos y fiestas.;C) Descansar en casa, planeando mi tiempo y gastos.;D) Solo cuando hay un evento importante.;4;C) Tranquilo, en casa y preparando la semana.
32;Mujer;A) Salir a beber con amigos y fiestas.;D) Buscar nuevas actividades o viajando.;C) Casi nunca.;3;C) Tranquilo, en casa y preparando la semana.
42;Mujer;A) Salir a beber con amigos y fiestas.;A) Salir a desconectarme, beber y socializar.;A) 4 o mas veces.;9;C) Tranquilo, en casa y preparando la semana.
15;Hombre;C) Ahorrando o invirtiendolo.;C) Descansar en casa, planeando mi tiempo y gastos.;B) 1 o 2 veces.;1;C) Tranquilo, en casa y preparando la semana.
23;Mujer;B) Gimnasio, comida y salud.;B) Hacer ejercicio y meditar.;C) Casi nunca.;1;C) Tranquilo, en casa y preparando la semana.
43;Hombre;D) Viajes, conciertos, cursos.;B) Hacer ejercicio y meditar.;D) Solo cuando hay un evento importante.;7;C) Tranquilo, en casa y preparando la semana.
16;Hombre;C) Ahorrando o invirtiendolo.;C) Descansar en casa, planeando mi tiempo y gastos.;B) 1 o 2 veces.;5;D) Visitando un lugar nuevo o una actividad nueva.
52;Hombre;B) Gimnasio, comida y salud.;A) Salir a desconectarme, beber y socializar.;C) Casi nunca.;3;C) Tranquilo, en casa y preparando la semana.
31;Hombre;B) Gimnasio, comida y salud.;B) Hacer ejercicio y meditar.;B) 1 o 2 veces.;2;B) Activo, haciendo deporte y comiendo.
30;Hombre;A) Salir a beber con amigos y fiestas.;B) Hacer ejercicio y meditar.;D) Solo cuando hay un evento importante.;5;D) Visitando un lugar nuevo o una actividad nueva.
23;Mujer;C) Ahorrando o invirtiendolo.;A) Salir a desconectarme, beber y socializar.;D) Solo cuando hay un evento importante.;5;C) Tranquilo, en casa y preparando la semana.
26;Hombre;C) Ahorrando o invirtiendolo.;C) Descansar en casa, planeando mi tiempo y gastos.;D) Solo cuando hay un evento importante.;5;C) Tranquilo, en casa y preparando la semana.
23;Hombre;A) Salir a beber con amigos y fiestas.;B) Hacer ejercicio y meditar.;C) Casi nunca.;6;A) Improvisado, con amigos y musica.
21;Hombre;A) Salir a beber con amigos y fiestas.;B) Hacer ejercicio y meditar.;D) Solo cuando hay un evento importante.;6;C) Tranquilo, en casa y preparando la semana.
22;Mujer;C) Ahorrando o invirtiendolo.;A) Salir a desconectarme, beber y socializar.;D) Solo cuando hay un evento importante.;6;A) Improvisado, con amigos y musica.
33;Hombre;D) Viajes, conciertos, cursos.;C) Descansar en casa, planeando mi tiempo y gastos.;D) Solo cuando hay un evento importante.;5;C) Tranquilo, en casa y preparando la semana.
32;Hombre;A) Salir a beber con amigos y fiestas.;A) Salir a desconectarme, beber y socializar.;B) 1 o 2 veces.;5;C) Tranquilo, en casa y preparando la semana.
36;Hombre;C) Ahorrando o invirtiendolo.;C) Descansar en casa, planeando mi tiempo y gastos.;C) Casi nunca.;8;C) Tranquilo, en casa y preparando la semana.
37;Mujer;C) Ahorrando o invirtiendolo.;B) Hacer ejercicio y meditar.;A) 4 o mas veces.;6;C) Tranquilo, en casa y preparando la semana.
29;Hombre;A) Salir a beber con amigos y fiestas.;D) Buscar nuevas actividades o viajando.;D) Solo cuando hay un evento importante.;2;D) Visitando un lugar nuevo o una actividad nueva.
33;Mujer;A) Salir a beber con amigos y fiestas.;D) Buscar nuevas actividades o viajando.;B) 1 o 2 veces.;7;A) Improvisado, con amigos y musica.
21;Mujer;B) Gimnasio, comida y salud.;D) Buscar nuevas actividades o viajando.;C) Casi nunca.;3;C) Tranquilo, en casa y preparando la semana.
13;Mujer;C) Ahorrando o invirtiendolo.;B) Hacer ejercicio y meditar.;D) Solo cuando hay un evento importante.;2;C) Tranquilo, en casa y preparando la semana.
18;Mujer;D) Viajes, conciertos, cursos.;B) Hacer ejercicio y meditar.;D) Solo cuando hay un evento importante.;4;B) Activo, haciendo deporte y comiendo.
13;Hombre;B) Gimnasio, comida y salud.;C) Descansar en casa, planeando mi tiempo y gastos.;B) 1 o 2 veces.;10;C) Tranquilo, en casa y preparando la semana.
25;Hombre;C) Ahorrando o invirtiendolo.;C) Descansar en casa, planeando mi tiempo y gastos.;C) Casi nunca.;2;C) Tranquilo, en casa y preparando la semana.
14;Hombre;B) Gimnasio, comida y salud.;A) Salir a desconectarme, beber y socializar.;D) Solo cuando hay un evento importante.;3;C) Tranquilo, en casa y preparando la semana.
24;Mujer;C) Ahorrando o invirtiendolo.;B) Hacer ejercicio y meditar.;B) 1 o 2 veces.;2;A) Improvisado, con amigos y musica.
19;Hombre;B) Gimnasio, comida y salud.;B) Hacer ejercicio y meditar.;C) Casi nunca.;8;C) Tranquilo, en casa y preparando la semana.
31;Mujer;A) Salir a beber con amigos y fiestas.;B) Hacer ejercicio y meditar.;B) 1 o 2 veces.;7;C) Tranquilo, en casa y preparando la semana.
24;Mujer;B) Gimnasio, comida y salud.;C) Descansar en casa, planeando mi tiempo y gastos.;D) Solo cuando hay un evento importante.;9;A) Improvisado, con amigos y musica.
33;Hombre;C) Ahorrando o invirtiendolo.;D) Buscar nuevas actividades o viajando.;C) Casi nunca.;5;C) Tranquilo, en casa y preparando la semana.
32;Hombre;B) Gimnasio, comida y salud.;B) Hacer ejercicio y meditar.;D) Solo cuando hay un evento importante.;3;C) Tranquilo, en casa y preparando la semana.
41;Mujer;D) Viajes, conciertos, cursos.;D) Buscar nuevas actividades o viajando.;C) Casi nunca.;7;B) Activo, haciendo deporte y comiendo.
13;Mujer;B) Gimnasio, comida y salud.;D) Buscar nuevas actividades o viajando.;C) Casi nunca.;4;A) Improvisado, con amigos y musica.
33;Mujer;D) Viajes, conciertos, cursos.;C) Descansar en casa, planeando mi tiempo y gastos.;A) 4 o mas veces.;1;C) Tranquilo, en casa y preparando la semana.
25;Mujer;B) Gimnasio, comida y salud.;D) Buscar nuevas actividades o viajando.;B) 1 o 2 veces.;8;C) Tranquilo, en casa y preparando la semana.
13;Mujer;B) Gimnasio, comida y salud.;B) Hacer ejercicio y meditar.;B) 1 o 2 veces.;8;C) Tranquilo, en casa y preparando la semana.
25;Mujer;B) Gimnasio, comida y salud.;A) Salir a desconectarme, beber y socializar.;D) Solo cuando hay un evento importante.;4;B) Activo, haciendo deporte y comiendo.
29;Hombre;C) Ahorrando o invirtiendolo.;B) Hacer ejercicio y meditar.;B) 1 o 2 veces.;1;B) Activo, haciendo deporte y comiendo.
27;Mujer;A) Salir a beber con amigos y fiestas.;B) Hacer ejercicio y meditar.;D) Solo cuando hay un evento importante.;6;C) Tranquilo, en casa y preparando la semana.
14;Mujer;C) Ahorrando o invirtiendolo.;B) Hacer ejercicio y meditar.;C) Casi nunca.;7;D) Visitando un lugar nuevo o una actividad nueva.
35;Mujer;B) Gimnasio, comida y salud.;B) Hacer ejercicio y meditar.;D) Solo cuando hay un evento importante.;5;C) Tranquilo, en casa y preparando la semana.
35;Mujer;B) Gimnasio, comida y salud.;B) Hacer ejercicio y meditar.;D) Solo cuando hay un evento importante.;3;B) Activo, haciendo deporte y comiendo.
28;Mujer;B) Gimnasio, comida y salud.;C) Descansar en casa, planeando mi tiempo y gastos.;B) 1 o 2 veces.;6;C) Tranquilo, en casa y preparando la semana.
28;Mujer;A) Salir a beber con amigos y fiestas.;C) Descansar en casa, planeando mi tiempo y gastos.;D) Solo cuando hay un evento importante.;5;C) Tranquilo, en casa y preparando la semana.
33;Mujer;C) Ahorrando o invirtiendolo.;D) Buscar nuevas actividades o viajando.;C) Casi nunca.;6;C) Tranquilo, en casa y preparando la semana.
28;Mujer;A) Salir a beber con amigos y fiestas.;C) Descansar en casa, planeando mi tiempo y gastos.;B) 1 o 2 veces.;1;C) Tranquilo, en casa y preparando la semana.
26;Mujer;B) Gimnasio, comida y salud.;A) Salir a desconectarme, beber y socializar.;C) Casi nunca.;7;C) Tranquilo, en casa y preparando la semana.
38;Mujer;B) Gimnasio, comida y salud.;B) Hacer ejercicio y meditar.;D) Solo cuando hay un evento importante.;5;A) Improvisado, con amigos y musica.
40;Mujer;C) Ahorrando o invirtiendolo.;C) Descansar en casa, planeando mi tiempo y gastos.;D) Solo cuando hay un evento importante.;2;C) Tranquilo, en casa y preparando la semana.
14;Mujer;B) Gimnasio, comida y salud.;C) Descansar en casa, planeando mi tiempo y gastos.;D) Solo cuando hay un evento importante.;4;A) Improvisado, con amigos y musica.
13;Mujer;A) Salir a beber con amigos y fiestas.;B) Hacer ejercicio y meditar.;C) Casi nunca.;4;C) Tranquilo, en casa y preparando la semana.
14;Hombre;C) Ahorrando o invirtiendolo.;A) Salir a desconectarme, beber y socializar.;D) Solo cuando hay un evento importante.;5;C) Tranquilo, en casa y preparando la semana.
34;Mujer;D) Viajes, conciertos, cursos.;C) Descansar en casa, planeando mi tiempo y gastos.;C) Casi nunca.;9;C) Tranquilo, en casa y preparando la semana.
30;Mujer;C) Ahorrando o invirtiendolo.;D) Buscar nuevas actividades o viajando.;D) Solo cuando hay un evento importante.;3;A) Improvisado, con amigos y musica.
13;Hombre;C) Ahorrando o invirtiendolo.;A) Salir a desconectarme, beber y socializar.;C) Casi nunca.;3;C) Tranquilo, en casa y preparando la semana.
18;Mujer;A) Salir a beber con amigos y fiestas.;C) Descansar en casa, planeando mi tiempo y gastos.;C) Casi nunca.;8;C) Tranquilo, en casa y preparando la semana.
22;Mujer;B) Gimnasio, comida y salud.;D) Buscar nuevas actividades o viajando.;C) Casi nunca.;5;C) Tranquilo, en casa y preparando la semana.
24;Mujer;C) Ahorrando o invirtiendolo.;C) Descansar en casa, planeando mi tiempo y gastos.;D) Solo cuando hay un evento importante.;4;D) Visitando un lugar nuevo o una actividad nueva.
20;Mujer;B) Gimnasio, comida y salud.;A) Salir a desconectarme, beber y socializar.;C) Casi nunca.;6;A) Improvisado, con amigos y musica.
17;Hombre;A) Salir a beber con amigos y fiestas.;B) Hacer ejercicio y meditar.;B) 1 o 2 veces.;7;B) Activo, haciendo deporte y comiendo.
20;Mujer;C) Ahorrando o invirtiendolo.;B) Hacer ejercicio y meditar.;B) 1 o 2 veces.;9;A) Improvisado, con amigos y musica.
32;Mujer;B) Gimnasio, comida y salud.;B) Hacer ejercicio y meditar.;B) 1 o 2 veces.;6;B) Activo, haciendo deporte y comiendo.
19;Hombre;A) Salir a beber con amigos y fiestas.;C) Descansar en casa, planeando mi tiempo y gastos.;B) 1 o 2 veces.;5;B) Activo, haciendo deporte y comiendo.
25;Hombre;D) Viajes, conciertos, cursos.;A) Salir a desconectarme, beber y socializar.;C) Casi nunca.;4;C) Tranquilo, en casa y preparando la semana.
53;Mujer;A) Salir a beber con amigos y fiestas.;B) Hacer ejercicio y meditar.;C) Casi nunca.;9;C) Tranquilo, en casa y preparando la semana.
30;Mujer;C) Ahorrando o invirtiendolo.;B) Hacer ejercicio y meditar.;C) Casi nunca.;2;C) Tranquilo, en casa y preparando la semana.
25;Mujer;B) Gimnasio, comida y salud.;C) Descansar en casa, planeando mi tiempo y gastos.;D) Solo cuando hay un evento importante.;2;C) Tranquilo, en casa y preparando la semana.
25;Hombre;D) Viajes, conciertos, cursos.;C) Descansar en casa, planeando mi tiempo y gastos.;B) 1 o 2 veces.;1;C) Tranquilo, en casa y preparando la semana.
22;Mujer;C) Ahorrando o invirtiendolo.;A) Salir a desconectarme, beber y socializar.;A) 4 o mas veces.;2;A) Improvisado, con amigos y musica.
13;Hombre;D) Viajes, conciertos, cursos.;B) Hacer ejercicio y meditar.;D) Solo cuando hay un evento importante.;10;C) Tranquilo, en casa y preparando la semana.
22;Hombre;A) Salir a beber con amigos y fiestas.;B) Hacer ejercicio y meditar.;C) Casi nunca.;2;C) Tranquilo, en casa y preparando la semana.
18;Mujer;D) Viajes, conciertos, cursos.;B) Hacer ejercicio y meditar.;C) Casi nunca.;1;C) Tranquilo, en casa y preparando la semana.
27;Mujer;D) Viajes, conciertos, cursos.;C) Descansar en casa, planeando mi tiempo y gastos.;C) Casi nunca.;2;A) Improvisado, con amigos y musica.
22;Mujer;C) Ahorrando o invirtiendolo.;C) Descansar en casa, planeando mi tiempo y gastos.;A) 4 o mas veces.;9;D) Visitando un lugar nuevo o una actividad nueva.
13;Hombre;B) Gimnasio, comida y salud.;C) Descansar en casa, planeando mi tiempo y gastos.;B) 1 o 2 veces.;5;C) Tranquilo, en casa y preparando la semana.
33;Hombre;B) Gimnasio, comida y salud.;C) Descansar en casa, planeando mi tiempo y gastos.;C) Casi nunca.;5;C) Tranquilo, en casa y preparando la semana.
24;Hombre;B) Gimnasio, comida y salud.;B) Hacer ejercicio y meditar.;C) Casi nunca.;9;C) Tranquilo, en casa y preparando la semana.
26;Hombre;B) Gimnasio, comida y salud.;A) Salir a desconectarme, beber y socializar.;C) Casi nunca.;3;B) Activo, haciendo deporte y comiendo.
19;Mujer;B) Gimnasio, comida y salud.;D) Buscar nuevas actividades o viajando.;C) Casi nunca.;4;A) Improvisado, con amigos y musica.
41;Mujer;B) Gimnasio, comida y salud.;C) Descansar en casa, planeando mi tiempo y gastos.;D) Solo cuando hay un evento importante.;2;C) Tranquilo, en casa y preparando la semana.
18;Hombre;B) Gimnasio, comida y salud.;A) Salir a desconectarme, beber y socializar.;C) Casi nunca.;4;D) Visitando un lugar nuevo o una actividad nueva.
51;Hombre;D) Viajes, conciertos, cursos.;D) Buscar nuevas actividades o viajando.;A) 4 o mas veces.;7;D) Visitando un lugar nuevo o una actividad nueva.
39;Mujer;B) Gimnasio, comida y salud.;D) Buscar nuevas actividades o viajando.;B) 1 o 2 veces.;3;C) Tranquilo, en casa y preparando la semana.
36;Mujer;C) Ahorrando o invirtiendolo.;D) Buscar nuevas actividades o viajando.;C) Casi nunca.;5;C) Tranquilo, en casa y preparando la semana.
26;Hombre;C) Ahorrando o invirtiendolo.;C) Descansar en casa, planeando mi tiempo y gastos.;B) 1 o 2 veces.;7;C) Tranquilo, en casa y preparando la semana.
43;Mujer;D) Viajes, conciertos, cursos.;D) Buscar nuevas actividades o viajando.;D) Solo cuando hay un evento importante.;8;B) Activo, haciendo deporte y comiendo.
23;Mujer;B) Gimnasio, comida y salud.;D) Buscar nuevas actividades o viajando.;C) Casi nunca.;8;C) Tranquilo, en casa y preparando la semana.
17;Hombre;D) Viajes, conciertos, cursos.;D) Buscar nuevas actividades o viajando.;C) Casi nunca.;3;C) Tranquilo, en casa y preparando la semana.
13;Mujer;A) Salir a beber con amigos y fiestas.;A) Salir a desconectarme, beber y socializar.;C) Casi nunca.;2;A) Improvisado, con amigos y musica.
27;Hombre;A) Salir a beber con amigos y fiestas.;B) Hacer ejercicio y meditar.;B) 1 o 2 veces.;7;C) Tranquilo, en casa y preparando la semana.
22;Mujer;B) Gimnasio, comida y salud.;B) Hacer ejercicio y meditar.;B) 1 o 2 veces.;7;A) Improvisado, con amigos y musica.
13;Mujer;A) Salir a beber con amigos y fiestas.;A) Salir a desconectarme, beber y socializar.;C) Casi nunca.;4;C) Tranquilo, en casa y preparando la semana.
34;Hombre;B) Gimnasio, comida y salud.;B) Hacer ejercicio y meditar.;A) 4 o mas veces.;7;C) Tranquilo, en casa y preparando la semana.
29;Mujer;C) Ahorrando o invirtiendolo.;A) Salir a desconectarme, beber y socializar.;C) Casi nunca.;5;C) Tranquilo, en casa y preparando la semana.
41;Mujer;C) Ahorrando o invirtiendolo.;B) Hacer ejercicio y meditar.;B) 1 o 2 veces.;5;C) Tranquilo, en casa y preparando la semana.
13;Mujer;B) Gimnasio, comida y salud.;A) Salir a desconectarme, beber y socializar.;B) 1 o 2 veces.;4;C) Tranquilo, en casa y preparando la semana.
28;Mujer;A) Salir a beber con amigos y fiestas.;A) Salir a desconectarme, beber y socializar.;C) Casi nunca.;4;A) Improvisado, con amigos y musica.
13;Mujer;B) Gimnasio, comida y salud.;B) Hacer ejercicio y meditar.;C) Casi nunca.;6;C) Tranquilo, en casa y preparando la semana.
24;Mujer;A) Salir a beber con amigos y fiestas.;A) Salir a desconectarme, beber y socializar.;B) 1 o 2 veces.;2;C) Tranquilo, en casa y preparando la semana.
40;Mujer;B) Gimnasio, comida y salud.;A) Salir a desconectarme, beber y socializar.;B) 1 o 2 veces.;1;A) Improvisado, con amigos y musica.
25;Mujer;B) Gimnasio, comida y salud.;C) Descansar en casa, planeando mi tiempo y gastos.;A) 4 o mas veces.;3;C) Tranquilo, en casa y preparando la semana.
13;Hombre;C) Ahorrando o invirtiendolo.;C) Descansar en casa, planeando mi tiempo y gastos.;D) Solo cuando hay un evento importante.;6;C) Tranquilo, en casa y preparando la semana.
40;Mujer;A) Salir a beber con amigos y fiestas.;C) Descansar en casa, planeando mi tiempo y gastos.;C) Casi nunca.;2;C) Tranquilo, en casa y preparando la semana.
14;Mujer;C) Ahorrando o invirtiendolo.;B) Hacer ejercicio y meditar.;B) 1 o 2 veces.;4;C) Tranquilo, en casa y preparando la semana.
23;Mujer;B) Gimnasio, comida y salud.;C) Descansar en casa, planeando mi tiempo y gastos.;B) 1 o 2 veces.;3;B) Activo, haciendo deporte y comiendo.
26;Mujer;D) Viajes, conciertos, cursos.;C) Descansar en casa, planeando mi tiempo y gastos.;C) Casi nunca.;4;C) Tranquilo, en casa y preparando la semana.
20;Mujer;A) Salir a beber con amigos y fiestas.;C) Descansar en casa, planeando mi tiempo y gastos.;B) 1 o 2 veces.;7;C) Tranquilo, en casa y preparando la semana.
17;Mujer;C) Ahorrando o invirtiendolo.;B) Hacer ejercicio y meditar.;B) 1 o 2 veces.;3;C) Tranquilo, en casa y preparando la semana.
31;Mujer;B) Gimnasio, comida y salud.;D) Buscar nuevas actividades o viajando.;B) 1 o 2 veces.;1;A) Improvisado, con amigos y musica.
14;Mujer;C) Ahorrando o invirtiendolo.;C) Descansar en casa, planeando mi tiempo y gastos.;C) Casi nunca.;4;C) Tranquilo, en casa y preparando la semana.
13;Mujer;D) Viajes, conciertos, cursos.;C) Descansar en casa, planeando mi tiempo y gastos.;A) 4 o mas veces.;10;D) Visitando un lugar nuevo o una actividad nueva.
38;Hombre;B) Gimnasio, comida y salud.;D) Buscar nuevas actividades o viajando.;C) Casi nunca.;7;C) Tranquilo, en casa y preparando la semana.
30;Hombre;C) Ahorrando o invirtiendolo.;A) Salir a desconectarme, beber y socializar.;B) 1 o 2 veces.;5;A) Improvisado, con amigos y musica.
22;Mujer;C) Ahorrando o invirtiendolo.;C) Descansar en casa, planeando mi tiempo y gastos.;B) 1 o 2 veces.;6;A) Improvisado, con amigos y musica.
25;Mujer;B) Gimnasio, comida y salud.;A) Salir a desconectarme, beber y socializar.;C) Casi nunca.;1;C) Tranquilo, en casa y preparando la semana.
60;Mujer;D) Viajes, conciertos, cursos.;B) Hacer ejercicio y meditar.;D) Solo cuando hay un evento importante.;10;C) Tranquilo, en casa y preparando la semana.
13;Mujer;A) Salir a beber con amigos y fiestas.;D) Buscar nuevas actividades o viajando.;B) 1 o 2 veces.;6;C) Tranquilo, en casa y preparando la semana.
13;Hombre;D) Viajes, conciertos, cursos.;B) Hacer ejercicio y meditar.;C) Casi nunca.;10;B) Activo, haciendo deporte y comiendo.
47;Mujer;B) Gimnasio, comida y salud.;C) Descansar en casa, planeando mi tiempo y gastos.;D) Solo cuando hay un evento importante.;2;C) Tranquilo, en casa y preparando la semana.
38;Mujer;A) Salir a beber con amigos y fiestas.;C) Descansar en casa, planeando mi tiempo y gastos.;C) Casi nunca.;5;C) Tranquilo, en casa y preparando la semana.
31;Mujer;A) Salir a beber con amigos y fiestas.;C) Descansar en casa, planeando mi tiempo y gastos.;C) Casi nunca.;6;A) Improvisado, con amigos y musica.
23;Mujer;B) Gimnasio, comida y salud.;A) Salir a desconectarme, beber y socializar.;C) Casi nunca.;4;B) Activo, haciendo deporte y comiendo.
13;Hombre;B) Gimnasio, comida y salud.;A) Salir a desconectarme, beber y socializar.;A) 4 o mas veces.;6;C) Tranquilo, en casa y preparando la semana.
67;Hombre;A) Salir a beber con amigos y fiestas.;B) Hacer ejercicio y meditar.;C) Casi nunca.;2;C) Tranquilo, en casa y preparando la semana.
13;Hombre;C) Ahorrando o invirtiendolo.;A) Salir a desconectarme, beber y socializar.;C) Casi nunca.;6;D) Visitando un lugar nuevo o una actividad nueva.
34;Mujer;C) Ahorrando o invirtiendolo.;B) Hacer ejercicio y meditar.;B) 1 o 2 veces.;7;C) Tranquilo, en casa y preparando la semana.
27;Mujer;A) Salir a beber con amigos y fiestas.;D) Buscar nuevas actividades o viajando.;D) Solo cuando hay un evento importante.;2;A) Improvisado, con amigos y musica.
13;Hombre;B) Gimnasio, comida y salud.;B) Hacer ejercicio y meditar.;C) Casi nunca.;7;C) Tranquilo, en casa y preparando la semana.
13;Mujer;C) Ahorrando o invirtiendolo.;B) Hacer ejercicio y meditar.;C) Casi nunca.;2;C) Tranquilo, en casa y preparando la semana.
13;Mujer;C) Ahorrando o invirtiendolo.;A) Salir a desconectarme, beber y socializar.;D) Solo cuando hay un evento importante.;6;C) Tranquilo, en casa y preparando la semana.
23;Mujer;B) Gimnasio, comida y salud.;B) Hacer ejercicio y meditar.;A) 4 o mas veces.;4;C) Tranquilo, en casa y preparando la semana.
47;Mujer;B) Gimnasio, comida y salud.;C) Descansar en casa, planeando mi tiempo y gastos.;C) Casi nunca.;6;A) Improvisado, con amigos y musica.
23;Hombre;B) Gimnasio, comida y salud.;C) Descansar en casa, planeando mi tiempo y gastos.;C) Casi nunca.;1;A) Improvisado, con amigos y musica.
23;Mujer;B) Gimnasio, comida y salud.;B) Hacer ejercicio y meditar.;C) Casi nunca.;8;A) Improvisado, con amigos y musica.
15;Mujer;C) Ahorrando o invirtiendolo.;A) Salir a desconectarme, beber y socializar.;B) 1 o 2 veces.;9;C) Tranquilo, en casa y preparando la semana.
40;Mujer;B) Gimnasio, comida y salud.;C) Descansar en casa, planeando mi tiempo y gastos.;D) Solo cuando hay un evento importante.;5;B) Activo, haciendo deporte y comiendo.
20;Mujer;A) Salir a beber con amigos y fiestas.;C) Descansar en casa, planeando mi tiempo y gastos.;D) Solo cuando hay un evento importante.;5;C) Tranquilo, en casa y preparando la semana.
27;Hombre;C) Ahorrando o invirtiendolo.;C) Descansar en casa, planeando mi tiempo y gastos.;D) Solo cuando hay un evento importante.;3;C) Tranquilo, en casa y preparando la semana.
38;Mujer;C) Ahorrando o invirtiendolo.;B) Hacer ejercicio y meditar.;B) 1 o 2 veces.;6;A) Improvisado, con amigos y musica.
33;Mujer;B) Gimnasio, comida y salud.;C) Descansar en casa, planeando mi tiempo y gastos.;D) Solo cuando hay un evento importante.;4;C) Tranquilo, en casa y preparando la semana.
22;Hombre;C) Ahorrando o invirtiendolo.;B) Hacer ejercicio y meditar.;D) Solo cuando hay un evento importante.;1;C) Tranquilo, en casa y preparando la semana.
20;Mujer;D) Viajes, conciertos, cursos.;B) Hacer ejercicio y meditar.;C) Casi nunca.;8;A) Improvisado, con amigos y musica.
30;Hombre;C) Ahorrando o invirtiendolo.;C) Descansar en casa, planeando mi tiempo y gastos.;D) Solo cuando hay un evento importante.;9;B) Activo, haciendo deporte y comiendo.
14;Mujer;B) Gimnasio, comida y salud.;C) Descansar en casa, planeando mi tiempo y gastos.;D) Solo cuando hay un evento importante.;3;C) Tranquilo, en casa y preparando la semana.
26;Hombre;A) Salir a beber con amigos y fiestas.;B) Hacer ejercicio y meditar.;D) Solo cuando hay un evento importante.;2;C) Tranquilo, en casa y preparando la semana.
13;Mujer;D) Viajes, conciertos, cursos.;B) Hacer ejercicio y meditar.;B) 1 o 2 veces.;4;C) Tranquilo, en casa y preparando la semana.
17;Mujer;D) Viajes, conciertos, cursos.;D) Buscar nuevas actividades o viajando.;C) Casi nunca.;6;A) Improvisado, con amigos y musica.
37;Hombre;A) Salir a beber con amigos y fiestas.;C) Descansar en casa, planeando mi tiempo y gastos.;B) 1 o 2 veces.;3;C) Tranquilo, en casa y preparando la semana.
32;Hombre;B) Gimnasio, comida y salud.;A) Salir a desconectarme, beber y socializar.;A) 4 o mas veces.;9;A) Improvisado, con amigos y musica.
24;Hombre;A) Salir a beber con amigos y fiestas.;D) Buscar nuevas actividades o viajando.;B) 1 o 2 veces.;10;C) Tranquilo, en casa y preparando la semana.
34;Mujer;A) Salir a beber con amigos y fiestas.;A) Salir a desconectarme, beber y socializar.;B) 1 o 2 veces.;4;C) Tranquilo, en casa y preparando la semana.
29;Mujer;A) Salir a beber con amigos y fiestas.;B) Hacer ejercicio y meditar.;B) 1 o 2 veces.;7;C) Tranquilo, en casa y preparando la semana.
23;Mujer;B) Gimnasio, comida y salud.;C) Descansar en casa, planeando mi tiempo y gastos.;A) 4 o mas veces.;8;C) Tranquilo, en casa y preparando la semana.
25;Mujer;C) Ahorrando o invirtiendolo.;B) Hacer ejercicio y meditar.;B) 1 o 2 veces.;4;A) Improvisado, con amigos y musica.
13;Mujer;C) Ahorrando o invirtiendolo.;B) Hacer ejercicio y meditar.;C) Casi nunca.;5;B) Activo, haciendo deporte y comiendo.
19;Mujer;B) Gimnasio, comida y salud.;D) Buscar nuevas actividades o viajando.;C) Casi nunca.;7;A) Improvisado, con amigos y musica.
13;Mujer;B) Gimnasio, comida y salud.;B) Hacer ejercicio y meditar.;C) Casi nunca.;4;D) Visitando un lugar nuevo o una actividad nueva.
34;Mujer;B) Gimnasio, comida y salud.;D) Buscar nuevas actividades o viajando.;C) Casi nunca.;3;B) Activo, haciendo deporte y comiendo.
17;Hombre;A) Salir a beber con amigos y fiestas.;C) Descansar en casa, planeando mi tiempo y gastos.;D) Solo cuando hay un evento importante.;3;A) Improvisado, con amigos y musica.
28;Hombre;C) Ahorrando o invirtiendolo.;C) Descansar en casa, planeando mi tiempo y gastos.;C) Casi nunca.;4;A) Improvisado, con amigos y musica.
32;Mujer;B) Gimnasio, comida y salud.;C) Descansar en casa, planeando mi tiempo y gastos.;D) Solo cuando hay un evento importante.;9;C) Tranquilo, en casa y preparando la semana.
56;Hombre;D) Viajes, conciertos, cursos.;B) Hacer ejercicio y meditar.;C) Casi nunca.;6;B) Activo, haciendo deporte y comiendo.
45;Hombre;B) Gimnasio, comida y salud.;C) Descansar en casa, planeando mi tiempo y gastos.;D) Solo cuando hay un evento importante.;4;A) Improvisado, con amigos y musica.
13;Mujer;B) Gimnasio, comida y salud.;A) Salir a desconectarme, beber y socializar.;C) Casi nunca.;7;C) Tranquilo, en casa y preparando la semana.
19;Hombre;C) Ahorrando o invirtiendolo.;C) Descansar en casa, planeando mi tiempo y gastos.;C) Casi nunca.;8;B) Activo, haciendo deporte y comiendo.
39;Mujer;C) Ahorrando o invirtiendolo.;C) Descansar en casa, planeando mi tiempo y gastos.;B) 1 o 2 veces.;4;C) Tranquilo, en casa y preparando la semana.
68;Mujer;C) Ahorrando o invirtiendolo.;C) Descansar en casa, planeando mi tiempo y gastos.;B) 1 o 2 veces.;7;C) Tranquilo, en casa y preparando la semana.
20;Mujer;D) Viajes, conciertos, cursos.;D) Buscar nuevas actividades o viajando.;B) 1 o 2 veces.;8;C) Tranquilo, en casa y preparando la semana.
20;Mujer;A) Salir a beber con amigos y fiestas.;C) Descansar en casa, planeando mi tiempo y gastos.;A) 4 o mas veces.;6;C) Tranquilo, en casa y preparando la semana.
28;Hombre;B) Gimnasio, comida y salud.;C) Descansar en casa, planeando mi tiempo y gastos.;C) Casi nunca.;5;A) Improvisado, con amigos y musica.
32;Hombre;D) Viajes, conciertos, cursos.;B) Hacer ejercicio y meditar.;C) Casi nunca.;7;C) Tranquilo, en casa y preparando la semana.
20;Mujer;A) Salir a beber con amigos y fiestas.;B) Hacer ejercicio y meditar.;A) 4 o mas veces.;8;B) Activo, haciendo deporte y comiendo.
19;Hombre;B) Gimnasio, comida y salud.;A) Salir a desconectarme, beber y socializar.;C) Casi nunca.;6;C) Tranquilo, en casa y preparando la semana.
21;Mujer;C) Ahorrando o invirtiendolo.;B) Hacer ejercicio y meditar.;C) Casi nunca.;6;C) Tranquilo, en casa y preparando la semana.
16;Mujer;B) Gimnasio, comida y salud.;A) Salir a desconectarme, beber y socializar.;C) Casi nunca.;4;C) Tranquilo, en casa y preparando la semana.
23;Mujer;C) Ahorrando o invirtiendolo.;B) Hacer ejercicio y meditar.;C) Casi nunca.;6;B) Activo, haciendo deporte y comiendo.
39;Hombre;C) Ahorrando o invirtiendolo.;B) Hacer ejercicio y meditar.;C) Casi nunca.;8;C) Tranquilo, en casa y preparando la semana.
20;Mujer;C) Ahorrando o invirtiendolo.;C) Descansar en casa, planeando mi tiempo y gastos.;C) Casi nunca.;8;D) Visitando un lugar nuevo o una actividad nueva.
20;Mujer;A) Salir a beber con amigos y fiestas.;D) Buscar nuevas actividades o viajando.;D) Solo cuando hay un evento importante.;7;C) Tranquilo, en casa y preparando la semana.
26;Mujer;A) Salir a beber con amigos y fiestas.;A) Salir a desconectarme, beber y socializar.;B) 1 o 2 veces.;6;C) Tranquilo, en casa y preparando la semana.
24;Hombre;B) Gimnasio, comida y salud.;D) Buscar nuevas actividades o viajando.;D) Solo cuando hay un evento importante.;4;C) Tranquilo, en casa y preparando la semana.
33;Mujer;C) Ahorrando o invirtiendolo.;A) Salir a desconectarme, beber y socializar.;D) Solo cuando hay un evento importante.;8;C) Tranquilo, en casa y preparando la semana.
38;Mujer;B) Gimnasio, comida y salud.;C) Descansar en casa, planeando mi tiempo y gastos.;B) 1 o 2 veces.;6;A) Improvisado, con amigos y musica.
37;Hombre;D) Viajes, conciertos, cursos.;A) Salir a desconectarme, beber y socializar.;B) 1 o 2 veces.;1;C) Tranquilo, en casa y preparando la semana.
13;Mujer;D) Viajes, conciertos, cursos.;C) Descansar en casa, planeando mi tiempo y gastos.;B) 1 o 2 veces.;1;D) Visitando un lugar nuevo o una actividad nueva.
31;Mujer;D) Viajes, conciertos, cursos.;D) Buscar nuevas actividades o viajando.;D) Solo cuando hay un evento importante.;4;A) Improvisado, con amigos y musica.
20;Hombre;A) Salir a beber con amigos y fiestas.;B) Hacer ejercicio y meditar.;C) Casi nunca.;2;B) Activo, haciendo deporte y comiendo.
20;Hombre;C) Ahorrando o invirtiendolo.;B) Hacer ejercicio y meditar.;B) 1 o 2 veces.;8;D) Visitando un lugar nuevo o una actividad nueva.
13;Hombre;B) Gimnasio, comida y salud.;D) Buscar nuevas actividades o viajando.;B) 1 o 2 veces.;5;A) Improvisado, con amigos y musica.
18;Mujer;B) Gimnasio, comida y salud.;A) Salir a desconectarme, beber y socializar.;D) Solo cuando hay un evento importante.;5;C) Tranquilo, en casa y preparando la semana.
24;Hombre;A) Salir a beber con amigos y fiestas.;B) Hacer ejercicio y meditar.;D) Solo cuando hay un evento importante.;6;A) Improvisado, con amigos y musica.
14;Mujer;C) Ahorrando o invirtiendolo.;B) Hacer ejercicio y meditar.;C) Casi nunca.;7;C) Tranquilo, en casa y preparando la semana.
18;Mujer;B) Gimnasio, comida y salud.;A) Salir a desconectarme, beber y socializar.;B) 1 o 2 veces.;6;C) Tranquilo, en casa y preparando la semana.
32;Hombre;C) Ahorrando o invirtiendolo.;B) Hacer ejercicio y meditar.;B) 1 o 2 veces.;6;C) Tranquilo, en casa y preparando la semana.
31;Mujer;B) Gimnasio, comida y salud.;C) Descansar en casa, planeando mi tiempo y gastos.;B) 1 o 2 veces.;5;A) Improvisado, con amigos y musica.
27;Mujer;A) Salir a beber con amigos y fiestas.;D) Buscar nuevas actividades o viajando.;A) 4 o mas veces.;3;C) Tranquilo, en casa y preparando la semana.
13;Mujer;C) Ahorrando o invirtiendolo.;B) Hacer ejercicio y meditar.;C) Casi nunca.;6;C) Tranquilo, en casa y preparando la semana.
13;Mujer;A) Salir a beber con amigos y fiestas.;B) Hacer ejercicio y meditar.;C) Casi nunca.;5;A) Improvisado, con amigos y musica.
26;Hombre;C) Ahorrando o invirtiendolo.;C) Descansar en casa, planeando mi tiempo y gastos.;C) Casi nunca.;7;C) Tranquilo, en casa y preparando la semana.
13;Mujer;B) Gimnasio, comida y salud.;A) Salir a desconectarme, beber y socializar.;C) Casi nunca.;5;B) Activo, haciendo deporte y comiendo.
19;Hombre;A) Salir a beber con amigos y fiestas.;B) Hacer ejercicio y meditar.;B) 1 o 2 veces.;5;C) Tranquilo, en casa y preparando la semana.
29;Hombre;D) Viajes, conciertos, cursos.;B) Hacer ejercicio y meditar.;C) Casi nunca.;4;C) Tranquilo, en casa y preparando la semana.
13;Mujer;A) Salir a beber con amigos y fiestas.;C) Descansar en casa, planeando mi tiempo y gastos.;C) Casi nunca.;8;C) Tranquilo, en casa y preparando la semana.
63;Mujer;C) Ahorrando o invirtiendolo.;B) Hacer ejercicio y meditar.;C) Casi nunca.;4;D) Visitando un lugar nuevo o una actividad nueva.
35;Hombre;B) Gimnasio, comida y salud.;B) Hacer ejercicio y meditar.;D) Solo cuando hay un evento importante.;3;A) Improvisado, con amigos y musica.
39;Mujer;D) Viajes, conciertos, cursos.;C) Descansar en casa, planeando mi tiempo y gastos.;C) Casi nunca.;7;C) Tranquilo, en casa y preparando la semana.
27;Hombre;A) Salir a beber con amigos y fiestas.;B) Hacer ejercicio y meditar.;C) Casi nunca.;3;A) Improvisado, con amigos y musica.
27;Hombre;C) Ahorrando o invirtiendolo.;A) Salir a desconectarme, beber y socializar.;A) 4 o mas veces.;8;C) Tranquilo, en casa y preparando la semana.
16;Mujer;A) Salir a beber con amigos y fiestas.;C) Descansar en casa, planeando mi tiempo y gastos.;C) Casi nunca.;1;A) Improvisado, con amigos y musica.
17;Mujer;A) Salir a beber con amigos y fiestas.;B) Hacer ejercicio y meditar.;C) Casi nunca.;6;C) Tranquilo, en casa y preparando la semana.
15;Mujer;B) Gimnasio, comida y salud.;D) Buscar nuevas actividades o viajando.;D) Solo cuando hay un evento importante.;4;C) Tranquilo, en casa y preparando la semana.
30;Mujer;D) Viajes, conciertos, cursos.;C) Descansar en casa, planeando mi tiempo y gastos.;A) 4 o mas veces.;5;D) Visitando un lugar nuevo o una actividad nueva.
13;Hombre;C) Ahorrando o invirtiendolo.;B) Hacer ejercicio y meditar.;A) 4 o mas veces.;8;B) Activo, haciendo deporte y comiendo.
24;Hombre;B) Gimnasio, comida y salud.;D) Buscar nuevas actividades o viajando.;D) Solo cuando hay un evento importante.;8;C) Tranquilo, en casa y preparando la semana.
23;Mujer;C) Ahorrando o invirtiendolo.;C) Descansar en casa, planeando mi tiempo y gastos.;D) Solo cuando hay un evento importante.;4;C) Tranquilo, en casa y preparando la semana.
26;Hombre;B) Gimnasio, comida y salud.;A) Salir a desconectarme, beber y socializar.;C) Casi nunca.;6;A) Improvisado, con amigos y musica.
23;Mujer;C) Ahorrando o invirtiendolo.;B) Hacer ejercicio y meditar.;C) Casi nunca.;7;C) Tranquilo, en casa y preparando la semana.
32;Hombre;A) Salir a beber con amigos y fiestas.;D) Buscar nuevas actividades o viajando.;C) Casi nunca.;9;C) Tranquilo, en casa y preparando la semana.
13;Mujer;D) Viajes, conciertos, cursos.;B) Hacer ejercicio y meditar.;D) Solo cuando hay un evento importante.;10;B) Activo, haciendo deporte y comiendo.
38;Hombre;A) Salir a beber con amigos y fiestas.;B) Hacer ejercicio y meditar.;B) 1 o 2 veces.;3;A) Improvisado, con amigos y musica.
27;Mujer;D) Viajes, conciertos, cursos.;C) Descansar en casa, planeando mi tiempo y gastos.;B) 1 o 2 veces.;9;C) Tranquilo, en casa y preparando la semana.
22;Hombre;A) Salir a beber con amigos y fiestas.;B) Hacer ejercicio y meditar.;B) 1 o 2 veces.;8;C) Tranquilo, en casa y preparando la semana.
19;Hombre;A) Salir a beber con amigos y fiestas.;D) Buscar nuevas actividades o viajando.;A) 4 o mas veces.;5;C) Tranquilo, en casa y preparando la semana.
18;Mujer;A) Salir a beber con amigos y fiestas.;C) Descansar en casa, planeando mi tiempo y gastos.;B) 1 o 2 veces.;9;A) Improvisado, con amigos y musica.
24;Hombre;B) Gimnasio, comida y salud.;B) Hacer ejercicio y meditar.;C) Casi nunca.;5;C) Tranquilo, en casa y preparando la semana.
30;Hombre;C) Ahorrando o invirtiendolo.;C) Descansar en casa, planeando mi tiempo y gastos.;D) Solo cuando hay un evento importante.;8;A) Improvisado, con amigos y musica.
13;Mujer;A) Salir a beber con amigos y fiestas.;A) Salir a desconectarme, beber y socializar.;C) Casi nunca.;10;C) Tranquilo, en casa y preparando la semana.
34;Hombre;B) Gimnasio, comida y salud.;D) Buscar nuevas actividades o viajando.;B) 1 o 2 veces.;5;D) Visitando un lugar nuevo o una actividad nueva.
24;Mujer;D) Viajes, conciertos, cursos.;B) Hacer ejercicio y meditar.;D) Solo cuando hay un evento importante.;10;C) Tranquilo, en casa y preparando la semana.
18;Mujer;D) Viajes, conciertos, cursos.;C) Descansar en casa, planeando mi tiempo y gastos.;D) Solo cuando hay un evento importante.;7;A) Improvisado, con amigos y musica.
19;Hombre;A) Salir a beber con amigos y fiestas.;C) Descansar en casa, planeando mi tiempo y gastos.;C) Casi nunca.;7;A) Improvisado, con amigos y musica.
37;Hombre;B) Gimnasio, comida y salud.;C) Descansar en casa, planeando mi tiempo y gastos.;A) 4 o mas veces.;1;A) Improvisado, con amigos y musica.
34;Mujer;C) Ahorrando o invirtiendolo.;B) Hacer ejercicio y meditar.;B) 1 o 2 veces.;3;B) Activo, haciendo deporte y comiendo.
34;Mujer;A) Salir a beber con amigos y fiestas.;A) Salir a desconectarme, beber y socializar.;B) 1 o 2 veces.;8;C) Tranquilo, en casa y preparando la semana.
24;Mujer;C) Ahorrando o invirtiendolo.;B) Hacer ejercicio y meditar.;C) Casi nunca.;2;C) Tranquilo, en casa y preparando la semana.
33;Mujer;A) Salir a beber con amigos y fiestas.;B) Hacer ejercicio y meditar.;B) 1 o 2 veces.;10;C) Tranquilo, en casa y preparando la semana.
14;Mujer;C) Ahorrando o invirtiendolo.;D) Buscar nuevas actividades o viajando.;C) Casi nunca.;4;A) Improvisado, con amigos y musica.
18;Hombre;B) Gimnasio, comida y salud.;B) Hacer ejercicio y meditar.;C) Casi nunca.;2;C) Tranquilo, en casa y preparando la semana.
19;Mujer;D) Viajes, conciertos, cursos.;A) Salir a desconectarme, beber y socializar.;B) 1 o 2 veces.;6;A) Improvisado, con amigos y musica.
23;Mujer;C) Ahorrando o invirtiendolo.;B) Hacer ejercicio y meditar.;D) Solo cuando hay un evento importante.;5;C) Tranquilo, en casa y preparando la semana.
21;Hombre;B) Gimnasio, comida y salud.;A) Salir a desconectarme, beber y socializar.;C) Casi nunca.;6;A) Improvisado, con amigos y musica.
31;Mujer;B) Gimnasio, comida y salud.;B) Hacer ejercicio y meditar.;D) Solo cuando hay un evento importante.;5;C) Tranquilo, en casa y preparando la semana.
29;Mujer;C) Ahorrando o invirtiendolo.;A) Salir a desconectarme, beber y socializar.;D) Solo cuando hay un evento importante.;3;A) Improvisado, con amigos y musica.
43;Mujer;C) Ahorrando o invirtiendolo.;C) Descansar en casa, planeando mi tiempo y gastos.;A) 4 o mas veces.;7;C) Tranquilo, en casa y preparando la semana.
34;Mujer;D) Viajes, conciertos, cursos.;D) Buscar nuevas actividades o viajando.;C) Casi nunca.;3;C) Tranquilo, en casa y preparando la semana.
16;Mujer;A) Salir a beber con amigos y fiestas.;D) Buscar nuevas actividades o viajando.;B) 1 o 2 veces.;6;C) Tranquilo, en casa y preparando la semana.
31;Hombre;A) Salir a beber con amigos y fiestas.;D) Buscar nuevas actividades o viajando.;A) 4 o mas veces.;1;B) Activo, haciendo deporte y comiendo.
19;Mujer;C) Ahorrando o invirtiendolo.;B) Hacer ejercicio y meditar.;D) Solo cuando hay un evento importante.;3;C) Tranquilo, en casa y preparando la semana.
29;Mujer;B) Gimnasio, comida y salud.;D) Buscar nuevas actividades o viajando.;D) Solo cuando hay un evento importante.;4;A) Improvisado, con amigos y musica.
27;Hombre;B) Gimnasio, comida y salud.;C) Descansar en casa, planeando mi tiempo y gastos.;B) 1 o 2 veces.;5;C) Tranquilo, en casa y preparando la semana.
28;Mujer;C) Ahorrando o invirtiendolo.;A) Salir a desconectarme, beber y socializar.;D) Solo cuando hay un evento importante.;1;A) Improvisado, con amigos y musica.
24;Mujer;B) Gimnasio, comida y salud.;C) Descansar en casa, planeando mi tiempo y gastos.;D) Solo cuando hay un evento importante.;1;C) Tranquilo, en casa y preparando la semana.
19;Mujer;B) Gimnasio, comida y salud.;C) Descansar en casa, planeando mi tiempo y gastos.;B) 1 o 2 veces.;3;C) Tranquilo, en casa y preparando la semana.
58;Hombre;D) Viajes, conciertos, cursos.;A) Salir a desconectarme, beber y socializar.;C) Casi nunca.;8;B) Activo, haciendo deporte y comiendo.
13;Hombre;B) Gimnasio, comida y salud.;A) Salir a desconectarme, beber y socializar.;C) Casi nunca.;5;A) Improvisado, con amigos y musica.
22;Hombre;C) Ahorrando o invirtiendolo.;C) Descansar en casa, planeando mi tiempo y gastos.;B) 1 o 2 veces.;8;C) Tranquilo, en casa y preparando la semana.
13;Hombre;C) Ahorrando o invirtiendolo.;C) Descansar en casa, planeando mi tiempo y gastos.;C) Casi nunca.;4;B) Activo, haciendo deporte y comiendo.
41;Mujer;A) Salir a beber con amigos y fiestas.;D) Buscar nuevas actividades o viajando.;B) 1 o 2 veces.;4;D) Visitando un lugar nuevo o una actividad nueva.
18;Mujer;C) Ahorrando o invirtiendolo.;C) Descansar en casa, planeando mi tiempo y gastos.;B) 1 o 2 veces.;8;D) Visitando un lugar nuevo o una actividad nueva.
39;Mujer;C) Ahorrando o invirtiendolo.;C) Descansar en casa, planeando mi tiempo y gastos.;D) Solo cuando hay un evento importante.;3;C) Tranquilo, en casa y preparando la semana.
32;Mujer;B) Gimnasio, comida y salud.;D) Buscar nuevas actividades o viajando.;B) 1 o 2 veces.;5;D) Visitando un lugar nuevo o una actividad nueva.
16;Mujer;D) Viajes, conciertos, cursos.;D) Buscar nuevas actividades o viajando.;C) Casi nunca.;9;C) Tranquilo, en casa y preparando la semana.
27;Mujer;D) Viajes, conciertos, cursos.;B) Hacer ejercicio y meditar.;D) Solo cuando hay un evento importante.;5;C) Tranquilo, en casa y preparando la semana.
16;Mujer;B) Gimnasio, comida y salud.;B) Hacer ejercicio y meditar.;C) Casi nunca.;8;D) Visitando un lugar nuevo o una actividad nueva.
35;Mujer;B) Gimnasio, comida y salud.;D) Buscar nuevas actividades o viajando.;C) Casi nunca.;7;C) Tranquilo, en casa y preparando la semana.
46;Mujer;A) Salir a beber con amigos y fiestas.;A) Salir a desconectarme, beber y socializar.;C) Casi nunca.;6;C) Tranquilo, en casa y preparando la semana.
18;Hombre;C) Ahorrando o invirtiendolo.;D) Buscar nuevas actividades o viajando.;D) Solo cuando hay un evento importante.;3;A) Improvisado, con amigos y musica.
28;Mujer;C) Ahorrando o invirtiendolo.;C) Descansar en casa, planeando mi tiempo y gastos.;B) 1 o 2 veces.;9;D) Visitando un lugar nuevo o una actividad nueva.
15;Mujer;B) Gimnasio, comida y salud.;D) Buscar nuevas actividades o viajando.;C) Casi nunca.;8;B) Activo, haciendo deporte y comiendo.
13;Mujer;B) Gimnasio, comida y salud.;C) Descansar en casa, planeando mi tiempo y gastos.;A) 4 o mas veces.;5;B) Activo, haciendo deporte y comiendo.
22;Mujer;C) Ahorrando o invirtiendolo.;B) Hacer ejercicio y meditar.;D) Solo cuando hay un evento importante.;4;C) Tranquilo, en casa y preparando la semana.
13;Hombre;A) Salir a beber con amigos y fiestas.;B) Hacer ejercicio y meditar.;C) Casi nunca.;6;C) Tranquilo, en casa y preparando la semana.
13;Hombre;B) Gimnasio, comida y salud.;A) Salir a desconectarme, beber y socializar.;D) Solo cuando hay un evento importante.;9;C) Tranquilo, en casa y preparando la semana.
15;Hombre;A) Salir a beber con amigos y fiestas.;B) Hacer ejercicio y meditar.;D) Solo cuando hay un evento importante.;4;C) Tranquilo, en casa y preparando la semana.
35;Mujer;B) Gimnasio, comida y salud.;D) Buscar nuevas actividades o viajando.;D) Solo cuando hay un evento importante.;10;D) Visitando un lugar nuevo o una actividad nueva.
17;Hombre;D) Viajes, conciertos, cursos.;C) Descansar en casa, planeando mi tiempo y gastos.;D) Solo cuando hay un evento importante.;7;C) Tranquilo, en casa y preparando la semana.
38;Hombre;B) Gimnasio, comida y salud.;D) Buscar nuevas actividades o viajando.;C) Casi nunca.;4;C) Tranquilo, en casa y preparando la semana.
25;Hombre;B) Gimnasio, comida y salud.;A) Salir a desconectarme, beber y socializar.;C) Casi nunca.;7;A) Improvisado, con amigos y musica.
27;Mujer;A) Salir a beber con amigos y fiestas.;B) Hacer ejercicio y meditar.;B) 1 o 2 veces.;3;A) Improvisado, con amigos y musica.
17;Mujer;C) Ahorrando o invirtiendolo.;B) Hacer ejercicio y meditar.;D) Solo cuando hay un evento importante.;6;A) Improvisado, con amigos y musica.
14;Mujer;B) Gimnasio, comida y salud.;B) Hacer ejercicio y meditar.;C) Casi nunca.;4;C) Tranquilo, en casa y preparando la semana.
13;Mujer;D) Viajes, conciertos, cursos.;B) Hacer ejercicio y meditar.;B) 1 o 2 veces.;5;C) Tranquilo, en casa y preparando la semana.
31;Mujer;C) Ahorrando o invirtiendolo.;A) Salir a desconectarme, beber y socializar.;C) Casi nunca.;4;C) Tranquilo, en casa y preparando la semana.
34;Mujer;B) Gimnasio, comida y salud.;D) Buscar nuevas actividades o viajando.;D) Solo cuando hay un evento importante.;10;B) Activo, haciendo deporte y comiendo.
33;Mujer;A) Salir a beber con amigos y fiestas.;B) Hacer ejercicio y meditar.;C) Casi nunca.;7;A) Improvisado, con amigos y musica.
38;Mujer;B) Gimnasio, comida y salud.;B) Hacer ejercicio y meditar.;A) 4 o mas veces.;6;A) Improvisado, con amigos y musica.
31;Hombre;C) Ahorrando o invirtiendolo.;B) Hacer ejercicio y meditar.;B) 1 o 2 veces.;5;C) Tranquilo, en casa y preparando la semana.
42;Hombre;B) Gimnasio, comida y salud.;B) Hacer ejercicio y meditar.;C) Casi nunca.;6;C) Tranquilo, en casa y preparando la semana.
27;Mujer;C) Ahorrando o invirtiendolo.;B) Hacer ejercicio y meditar.;B) 1 o 2 veces.;7;A) Improvisado, con amigos y musica.
13;Mujer;D) Viajes, conciertos, cursos.;C) Descansar en casa, planeando mi tiempo y gastos.;C) Casi nunca.;9;C) Tranquilo, en casa y preparando la semana.
15;Hombre;B) Gimnasio, comida y salud.;A) Salir a desconectarme, beber y socializar.;C) Casi nunca.;2;C) Tranquilo, en casa y preparando la semana.
36;Mujer;B) Gimnasio, comida y salud.;C) Descansar en casa, planeando mi tiempo y gastos.;D) Solo cuando hay un evento importante.;3;A) Improvisado, con amigos y musica.
26;Hombre;B) Gimnasio, comida y salud.;B) Hacer ejercicio y meditar.;C) Casi nunca.;5;C) Tranquilo, en casa y preparando la semana.
15;Mujer;B) Gimnasio, comida y salud.;D) Buscar nuevas actividades o viajando.;B) 1 o 2 veces.;10;C) Tranquilo, en casa y preparando la semana.
19;Hombre;D) Viajes, conciertos, cursos.;C) Descansar en casa, planeando mi tiempo y gastos.;C) Casi nunca.;10;C) Tranquilo, en casa y preparando la semana.
13;Hombre;A) Salir a beber con amigos y fiestas.;D) Buscar nuevas actividades o viajando.;D) Solo cuando hay un evento importante.;2;B) Activo, haciendo deporte y comiendo.
18;Mujer;C) Ahorrando o invirtiendolo.;B) Hacer ejercicio y meditar.;D) Solo cuando hay un evento importante.;3;C) Tranquilo, en casa y preparando la semana.
29;Mujer;D) Viajes, conciertos, cursos.;B) Hacer ejercicio y meditar.;C) Casi nunca.;2;C) Tranquilo, en casa y preparando la semana.
22;Mujer;B) Gimnasio, comida y salud.;C) Descansar en casa, planeando mi tiempo y gastos.;D) Solo cuando hay un evento importante.;3;B) Activo, haciendo deporte y comiendo.
39;Mujer;A) Salir a beber con amigos y fiestas.;A) Salir a desconectarme, beber y socializar.;C) Casi nunca.;8;A) Improvisado, con amigos y musica.
24;Mujer;B) Gimnasio, comida y salud.;D) Buscar nuevas actividades o viajando.;C) Casi nunca.;6;B) Activo, haciendo deporte y comiendo.
17;Mujer;B) Gimnasio, comida y salud.;D) Buscar nuevas actividades o viajando.;D) Solo cuando hay un evento importante.;8;C) Tranquilo, en casa y preparando la semana.
37;Mujer;A) Salir a beber con amigos y fiestas.;B) Hacer ejercicio y meditar.;B) 1 o 2 veces.;5;B) Activo, haciendo deporte y comiendo.
30;Hombre;A) Salir a beber con amigos y fiestas.;C) Descansar en casa, planeando mi tiempo y gastos.;C) Casi nunca.;9;C) Tranquilo, en casa y preparando la semana.
17;Hombre;C) Ahorrando o invirtiendolo.;C) Descansar en casa, planeando mi tiempo y gastos.;C) Casi nunca.;5;A) Improvisado, con amigos y musica.
20;Mujer;A) Salir a beber con amigos y fiestas.;A) Salir a desconectarme, beber y socializar.;B) 1 o 2 veces.;4;A) Improvisado, con amigos y musica.
43;Hombre;A) Salir a beber con amigos y fiestas.;B) Hacer ejercicio y meditar.;A) 4 o mas veces.;4;C) Tranquilo, en casa y preparando la semana.
26;Hombre;A) Salir a beber con amigos y fiestas.;B) Hacer ejercicio y meditar.;C) Casi nunca.;7;C) Tranquilo, en casa y preparando la semana.
30;Mujer;D) Viajes, conciertos, cursos.;C) Descansar en casa, planeando mi tiempo y gastos.;B) 1 o 2 veces.;4;C) Tranquilo, en casa y preparando la semana.
26;Mujer;A) Salir a beber con amigos y fiestas.;C) Descansar en casa, planeando mi tiempo y gastos.;A) 4 o mas veces.;9;C) Tranquilo, en casa y preparando la semana.
23;Mujer;B) Gimnasio, comida y salud.;B) Hacer ejercicio y meditar.;C) Casi nunca.;7;C) Tranquilo, en casa y preparando la semana.
13;Hombre;C) Ahorrando o invirtiendolo.;D) Buscar nuevas actividades o viajando.;D) Solo cuando hay un evento importante.;1;B) Activo, haciendo deporte y comiendo.
23;Mujer;A) Salir a beber con amigos y fiestas.;A) Salir a desconectarme, beber y socializar.;D) Solo cuando hay un evento importante.;7;C) Tranquilo, en casa y preparando la semana.
26;Mujer;A) Salir a beber con amigos y fiestas.;D) Buscar nuevas actividades o viajando.;C) Casi nunca.;5;A) Improvisado, con amigos y musica.
36;Hombre;B) Gimnasio, comida y salud.;C) Descansar en casa, planeando mi tiempo y gastos.;A) 4 o mas veces.;10;C) Tranquilo, en casa y preparando la semana.
23;Hombre;C) Ahorrando o invirtiendolo.;A) Salir a desconectarme, beber y socializar.;B) 1 o 2 veces.;1;C) Tranquilo, en casa y preparando la semana.
31;Mujer;C) Ahorrando o invirtiendolo.;A) Salir a desconectarme, beber y socializar.;C) Casi nunca.;4;C) Tranquilo, en casa y preparando la semana.
18;Hombre;D) Viajes, conciertos, cursos.;A) Salir a desconectarme, beber y socializar.;D) Solo cuando hay un evento importante.;5;C) Tranquilo, en casa y preparando la semana.
13;Mujer;B) Gimnasio, comida y salud.;B) Hacer ejercicio y meditar.;D) Solo cuando hay un evento importante.;4;C) Tranquilo, en casa y preparando la semana.
13;Hombre;D) Viajes, conciertos, cursos.;C) Descansar en casa, planeando mi tiempo y gastos.;A) 4 o mas veces.;8;C) Tranquilo, en casa y preparando la semana.
28;Mujer;A) Salir a beber con amigos y fiestas.;A) Salir a desconectarme, beber y socializar.;D) Solo cuando hay un evento importante.;9;A) Improvisado, con amigos y musica.
28;Hombre;A) Salir a beber con amigos y fiestas.;D) Buscar nuevas actividades o viajando.;C) Casi nunca.;2;C) Tranquilo, en casa y preparando la semana.
18;Mujer;A) Salir a beber con amigos y fiestas.;D) Buscar nuevas actividades o viajando.;C) Casi nunca.;4;D) Visitando un lugar nuevo o una actividad nueva.
18;Hombre;B) Gimnasio, comida y salud.;B) Hacer ejercicio y meditar.;D) Solo cuando hay un evento importante.;3;D) Visitando un lugar nuevo o una actividad nueva.
30;Mujer;B) Gimnasio, comida y salud.;A) Salir a desconectarme, beber y socializar.;C) Casi nunca.;6;A) Improvisado, con amigos y musica.
14;Mujer;B) Gimnasio, comida y salud.;D) Buscar nuevas actividades o viajando.;D) Solo cuando hay un evento importante.;8;C) Tranquilo, en casa y preparando la semana.
32;Mujer;C) Ahorrando o invirtiendolo.;A) Salir a desconectarme, beber y socializar.;C) Casi nunca.;10;C) Tranquilo, en casa y preparando la semana.
22;Hombre;A) Salir a beber con amigos y fiestas.;B) Hacer ejercicio y meditar.;D) Solo cuando hay un evento importante.;10;C) Tranquilo, en casa y preparando la semana.
20;Mujer;B) Gimnasio, comida y salud.;B) Hacer ejercicio y meditar.;D) Solo cuando hay un evento importante.;4;D) Visitando un lugar nuevo o una actividad nueva.
21;Mujer;D) Viajes, conciertos, cursos.;B) Hacer ejercicio y meditar.;C) Casi nunca.;5;D) Visitando un lugar nuevo o una actividad nueva.
59;Mujer;B) Gimnasio, comida y salud.;D) Buscar nuevas actividades o viajando.;D) Solo cuando hay un evento importante.;2;A) Improvisado, con amigos y musica.
13;Mujer;C) Ahorrando o invirtiendolo.;D) Buscar nuevas actividades o viajando.;B) 1 o 2 veces.;7;A) Improvisado, con amigos y musica.
34;Hombre;A) Salir a beber con amigos y fiestas.;C) Descansar en casa, planeando mi tiempo y gastos.;D) Solo cuando hay un evento importante.;9;A) Improvisado, con amigos y musica.
20;Hombre;B) Gimnasio, comida y salud.;D) Buscar nuevas actividades o viajando.;B) 1 o 2 veces.;7;A) Improvisado, con amigos y musica.
14;Hombre;A) Salir a beber con amigos y fiestas.;B) Hacer ejercicio y meditar.;D) Solo cuando hay un evento importante.;5;D) Visitando un lugar nuevo o una actividad nueva.
23;Hombre;B) Gimnasio, comida y salud.;A) Salir a desconectarme, beber y socializar.;D) Solo cuando hay un evento importante.;2;C) Tranquilo, en casa y preparando la semana.
16;Mujer;B) Gimnasio, comida y salud.;A) Salir a desconectarme, beber y socializar.;C) Casi nunca.;2;C) Tranquilo, en casa y preparando la semana.
41;Mujer;C) Ahorrando o invirtiendolo.;C) Descansar en casa, planeando mi tiempo y gastos.;B) 1 o 2 veces.;4;A) Improvisado, con amigos y musica.
23;Hombre;B) Gimnasio, comida y salud.;A) Salir a desconectarme, beber y socializar.;D) Solo cuando hay un evento importante.;6;B) Activo, haciendo deporte y comiendo.
38;Hombre;B) Gimnasio, comida y salud.;D) Buscar nuevas actividades o viajando.;B) 1 o 2 veces.;9;A) Improvisado, con amigos y musica.
24;Mujer;B) Gimnasio, comida y salud.;B) Hacer ejercicio y meditar.;B) 1 o 2 veces.;8;B) Activo, haciendo deporte y comiendo.
28;Mujer;D) Viajes, conciertos, cursos.;C) Descansar en casa, planeando mi tiempo y gastos.;D) Solo cuando hay un evento importante.;3;C) Tranquilo, en casa y preparando la semana.
42;Mujer;B) Gimnasio, comida y salud.;B) Hacer ejercicio y meditar.;D) Solo cuando hay un evento importante.;5;C) Tranquilo, en casa y preparando la semana.
27;Hombre;D) Viajes, conciertos, cursos.;A) Salir a desconectarme, beber y socializar.;B) 1 o 2 veces.;4;A) Improvisado, con amigos y musica.
36;Mujer;A) Salir a beber con amigos y fiestas.;B) Hacer ejercicio y meditar.;D) Solo cuando hay un evento importante.;10;C) Tranquilo, en casa y preparando la semana.
19;Mujer;A) Salir a beber con amigos y fiestas.;D) Buscar nuevas actividades o viajando.;D) Solo cuando hay un evento importante.;1;C) Tranquilo, en casa y preparando la semana.
39;Mujer;C) Ahorrando o invirtiendolo.;C) Descansar en casa, planeando mi tiempo y gastos.;B) 1 o 2 veces.;6;C) Tranquilo, en casa y preparando la semana.
23;Mujer;D) Viajes, conciertos, cursos.;D) Buscar nuevas actividades o viajando.;D) Solo cuando hay un evento importante.;1;C) Tranquilo, en casa y preparando la semana.
33;Mujer;C) Ahorrando o invirtiendolo.;D) Buscar nuevas actividades o viajando.;C) Casi nunca.;3;C) Tranquilo, en casa y preparando la semana.
27;Mujer;B) Gimnasio, comida y salud.;D) Buscar nuevas actividades o viajando.;C) Casi nunca.;10;C) Tranquilo, en casa y preparando la semana.
13;Mujer;D) Viajes, conciertos, cursos.;C) Descansar en casa, planeando mi tiempo y gastos.;B) 1 o 2 veces.;2;C) Tranquilo, en casa y preparando la semana.
24;Hombre;B) Gimnasio, comida y salud.;C) Descansar en casa, planeando mi tiempo y gastos.;B) 1 o 2 veces.;3;A) Improvisado, con amigos y musica.
17;Hombre;B) Gimnasio, comida y salud.;C) Descansar en casa, planeando mi tiempo y gastos.;C) Casi nunca.;10;B) Activo, haciendo deporte y comiendo.
22;Mujer;D) Viajes, conciertos, cursos.;C) Descansar en casa, planeando mi tiempo y gastos.;C) Casi nunca.;2;A) Improvisado, con amigos y musica.
29;Mujer;C) Ahorrando o invirtiendolo.;A) Salir a desconectarme, beber y socializar.;C) Casi nunca.;6;C) Tranquilo, en casa y preparando la semana.
34;Mujer;D) Viajes, conciertos, cursos.;A) Salir a desconectarme, beber y socializar.;B) 1 o 2 veces.;6;C) Tranquilo, en casa y preparando la semana.
21;Mujer;D) Viajes, conciertos, cursos.;A) Salir a desconectarme, beber y socializar.;D) Solo cuando hay un evento importante.;6;C) Tranquilo, en casa y preparando la semana.
31;Hombre;A) Salir a beber con amigos y fiestas.;B) Hacer ejercicio y meditar.;C) Casi nunca.;3;C) Tranquilo, en casa y preparando la semana.
25;Mujer;C) Ahorrando o invirtiendolo.;C) Descansar en casa, planeando mi tiempo y gastos.;C) Casi nunca.;6;A) Improvisado, con amigos y musica.
20;Hombre;A) Salir a beber con amigos y fiestas.;B) Hacer ejercicio y meditar.;B) 1 o 2 veces.;2;B) Activo, haciendo deporte y comiendo.
32;Hombre;B) Gimnasio, comida y salud.;C) Descansar en casa, planeando mi tiempo y gastos.;C) Casi nunca.;4;C) Tranquilo, en casa y preparando la semana.
22;Hombre;A) Salir a beber con amigos y fiestas.;B) Hacer ejercicio y meditar.;A) 4 o mas veces.;3;C) Tranquilo, en casa y preparando la semana.
15;Hombre;B) Gimnasio, comida y salud.;D) Buscar nuevas actividades o viajando.;C) Casi nunca.;8;C) Tranquilo, en casa y preparando la semana.
17;Hombre;D) Viajes, conciertos, cursos.;D) Buscar nuevas actividades o viajando.;C) Casi nunca.;7;C) Tranquilo, en casa y preparando la semana.
32;Mujer;C) Ahorrando o invirtiendolo.;B) Hacer ejercicio y meditar.;D) Solo cuando hay un evento importante.;1;D) Visitando un lugar nuevo o una actividad nueva.
31;Mujer;B) Gimnasio, comida y salud.;B) Hacer ejercicio y meditar.;D) Solo cuando hay un evento importante.;4;C) Tranquilo, en casa y preparando la semana.
25;Hombre;B) Gimnasio, comida y salud.;C) Descansar en casa, planeando mi tiempo y gastos.;D) Solo cuando hay un evento importante.;4;A) Improvisado, con amigos y musica.
33;Mujer;B) Gimnasio, comida y salud.;B) Hacer ejercicio y meditar.;C) Casi nunca.;5;C) Tranquilo, en casa y preparando la semana.
42;Hombre;B) Gimnasio, comida y salud.;C) Descansar en casa, planeando mi tiempo y gastos.;C) Casi nunca.;8;A) Improvisado, con amigos y musica.
35;Mujer;B) Gimnasio, comida y salud.;C) Descansar en casa, planeando mi tiempo y gastos.;D) Solo cuando hay un evento importante.;5;A) Improvisado, con amigos y musica.
19;Mujer;A) Salir a beber con amigos y fiestas.;C) Descansar en casa, planeando mi tiempo y gastos.;B) 1 o 2 veces.;3;C) Tranquilo, en casa y preparando la semana.
29;Mujer;D) Viajes, conciertos, cursos.;B) Hacer ejercicio y meditar.;C) Casi nunca.;2;B) Activo, haciendo deporte y comiendo.
17;Hombre;B) Gimnasio, comida y salud.;C) Descansar en casa, planeando mi tiempo y gastos.;B) 1 o 2 veces.;8;A) Improvisado, con amigos y musica.
13;Mujer;B) Gimnasio, comida y salud.;B) Hacer ejercicio y meditar.;D) Solo cuando hay un evento importante.;6;C) Tranquilo, en casa y preparando la semana.
33;Hombre;A) Salir a beber con amigos y fiestas.;D) Buscar nuevas actividades o viajando.;D) Solo cuando hay un evento importante.;8;B) Activo, haciendo deporte y comiendo.
34;Mujer;B) Gimnasio, comida y salud.;A) Salir a desconectarme, beber y socializar.;D) Solo cuando hay un evento importante.;7;D) Visitando un lugar nuevo o una actividad nueva.
26;Mujer;D) Viajes, conciertos, cursos.;C) Descansar en casa, planeando mi tiempo y gastos.;B) 1 o 2 veces.;9;D) Visitando un lugar nuevo o una actividad nueva.
15;Mujer;C) Ahorrando o invirtiendolo.;A) Salir a desconectarme, beber y socializar.;D) Solo cuando hay un evento importante.;4;C) Tranquilo, en casa y preparando la semana.
30;Hombre;A) Salir a beber con amigos y fiestas.;C) Descansar en casa, planeando mi tiempo y gastos.;C) Casi nunca.;8;C) Tranquilo, en casa y preparando la semana.
39;Hombre;C) Ahorrando o invirtiendolo.;A) Salir a desconectarme, beber y socializar.;A) 4 o mas veces.;3;C) Tranquilo, en casa y preparando la semana.
29;Hombre;D) Viajes, conciertos, cursos.;C) Descansar en casa, planeando mi tiempo y gastos.;D) Solo cuando hay un evento importante.;6;A) Improvisado, con amigos y musica.
41;Mujer;A) Salir a beber con amigos y fiestas.;D) Buscar nuevas actividades o viajando.;D) Solo cuando hay un evento importante.;5;D) Visitando un lugar nuevo o una actividad nueva.
13;Hombre;B) Gimnasio, comida y salud.;C) Descansar en casa, planeando mi tiempo y gastos.;A) 4 o mas veces.;1;C) Tranquilo, en casa y preparando la semana.
37;Hombre;D) Viajes, conciertos, cursos.;C) Descansar en casa, planeando mi tiempo y gastos.;B) 1 o 2 veces.;4;A) Improvisado, con amigos y musica.
13;Mujer;A) Salir a beber con amigos y fiestas.;B) Hacer ejercicio y meditar.;D) Solo cuando hay un evento importante.;5;C) Tranquilo, en casa y preparando la semana.
39;Mujer;A) Salir a beber con amigos y fiestas.;C) Descansar en casa, planeando mi tiempo y gastos.;D) Solo cuando hay un evento importante.;9;C) Tranquilo, en casa y preparando la semana.
30;Mujer;A) Salir a beber con amigos y fiestas.;B) Hacer ejercicio y meditar.;B) 1 o 2 veces.;10;A) Improvisado, con amigos y musica.
13;Hombre;B) Gimnasio, comida y salud.;D) Buscar nuevas actividades o viajando.;B) 1 o 2 veces.;5;C) Tranquilo, en casa y preparando la semana.
16;Mujer;C) Ahorrando o invirtiendolo.;A) Salir a desconectarme, beber y socializar.;B) 1 o 2 veces.;3;C) Tranquilo, en casa y preparando la semana.
17;Mujer;C) Ahorrando o invirtiendolo.;D) Buscar nuevas actividades o viajando.;B) 1 o 2 veces.;5;A) Improvisado, con amigos y musica.
19;Hombre;C) Ahorrando o invirtiendolo.;C) Descansar en casa, planeando mi tiempo y gastos.;B) 1 o 2 veces.;7;A) Improvisado, con amigos y musica.
14;Hombre;C) Ahorrando o invirtiendolo.;B) Hacer ejercicio y meditar.;B) 1 o 2 veces.;5;C) Tranquilo, en casa y preparando la semana.
13;Mujer;A) Salir a beber con amigos y fiestas.;D) Buscar nuevas actividades o viajando.;C) Casi nunca.;7;A) Improvisado, con amigos y musica.
43;Hombre;B) Gimnasio, comida y salud.;B) Hacer ejercicio y meditar.;D) Solo cuando hay un evento importante.;2;C) Tranquilo, en casa y preparando la semana.
18;Hombre;A) Salir a beber con amigos y fiestas.;A) Salir a desconectarme, beber y socializar.;C) Casi nunca.;8;D) Visitando un lugar nuevo o una actividad nueva.
19;Hombre;A) Salir a beber con amigos y fiestas.;C) Descansar en casa, planeando mi tiempo y gastos.;D) Solo cuando hay un evento importante.;6;C) Tranquilo, en casa y preparando la semana.
20;Mujer;A) Salir a beber con amigos y fiestas.;B) Hacer ejercicio y meditar.;D) Solo cuando hay un evento importante.;3;C) Tranquilo, en casa y preparando la semana.
43;Mujer;A) Salir a beber con amigos y fiestas.;B) Hacer ejercicio y meditar.;B) 1 o 2 veces.;2;A) Improvisado, con amigos y musica.
13;Mujer;D) Viajes, conciertos, cursos.;B) Hacer ejercicio y meditar.;C) Casi nunca.;1;C) Tranquilo, en casa y preparando la semana.
33;Hombre;D) Viajes, conciertos, cursos.;C) Descansar en casa, planeando mi tiempo y gastos.;B) 1 o 2 veces.;6;C) Tranquilo, en casa y preparando la semana.
14;Mujer;B) Gimnasio, comida y salud.;C) Descansar en casa, planeando mi tiempo y gastos.;B) 1 o 2 veces.;1;B) Activo, haciendo deporte y comiendo.
24;Mujer;C) Ahorrando o invirtiendolo.;D) Buscar nuevas actividades o viajando.;C) Casi nunca.;3;B) Activo, haciendo deporte y comiendo.
14;Mujer;B) Gimnasio, comida y salud.;B) Hacer ejercicio y meditar.;D) Solo cuando hay un evento importante.;9;C) Tranquilo, en casa y preparando la semana.
31;Mujer;B) Gimnasio, comida y salud.;D) Buscar nuevas actividades o viajando.;A) 4 o mas veces.;5;C) Tranquilo, en casa y preparando la semana.
13;Hombre;B) Gimnasio, comida y salud.;D) Buscar nuevas actividades o viajando.;C) Casi nunca.;3;C) Tranquilo, en casa y preparando la semana.
14;Mujer;C) Ahorrando o invirtiendolo.;A) Salir a desconectarme, beber y socializar.;B) 1 o 2 veces.;6;C) Tranquilo, en casa y preparando la semana.
21;Mujer;D) Viajes, conciertos, cursos.;B) Hacer ejercicio y meditar.;B) 1 o 2 veces.;8;C) Tranquilo, en casa y preparando la semana.
19;Mujer;C) Ahorrando o invirtiendolo.;D) Buscar nuevas actividades o viajando.;D) Solo cuando hay un evento importante.;6;A) Improvisado, con amigos y musica.
13;Mujer;D) Viajes, conciertos, cursos.;D) Buscar nuevas actividades o viajando.;B) 1 o 2 veces.;1;C) Tranquilo, en casa y preparando la semana.
27;Hombre;B) Gimnasio, comida y salud.;D) Buscar nuevas actividades o viajando.;C) Casi nunca.;5;C) Tranquilo, en casa y preparando la semana.
13;Mujer;B) Gimnasio, comida y salud.;D) Buscar nuevas actividades o viajando.;C) Casi nunca.;8;C) Tranquilo, en casa y preparando la semana.
28;Hombre;A) Salir a beber con amigos y fiestas.;C) Descansar en casa, planeando mi tiempo y gastos.;D) Solo cuando hay un evento importante.;6;A) Improvisado, con amigos y musica.
27;Hombre;A) Salir a beber con amigos y fiestas.;A) Salir a desconectarme, beber y socializar.;C) Casi nunca.;7;C) Tranquilo, en casa y preparando la semana.
25;Mujer;D) Viajes, conciertos, cursos.;A) Salir a desconectarme, beber y socializar.;D) Solo cuando hay un evento importante.;6;A) Improvisado, con amigos y musica.
28;Mujer;C) Ahorrando o invirtiendolo.;C) Descansar en casa, planeando mi tiempo y gastos.;D) Solo cuando hay un evento importante.;5;C) Tranquilo, en casa y preparando la semana.
28;Mujer;A) Salir a beber con amigos y fiestas.;C) Descansar en casa, planeando mi tiempo y gastos.;D) Solo cuando hay un evento importante.;2;C) Tranquilo, en casa y preparando la semana.
44;Mujer;D) Viajes, conciertos, cursos.;B) Hacer ejercicio y meditar.;C) Casi nunca.;6;A) Improvisado, con amigos y musica.
17;Hombre;B) Gimnasio, comida y salud.;D) Buscar nuevas actividades o viajando.;D) Solo cuando hay un evento importante.;8;C) Tranquilo, en casa y preparando la semana.
13;Hombre;C) Ahorrando o invirtiendolo.;C) Descansar en casa, planeando mi tiempo y gastos.;D) Solo cuando hay un evento importante.;3;C) Tranquilo, en casa y preparando la semana.
32;Mujer;C) Ahorrando o invirtiendolo.;C) Descansar en casa, planeando mi tiempo y gastos.;C) Casi nunca.;6;C) Tranquilo, en casa y preparando la semana.
14;Hombre;B) Gimnasio, comida y salud.;B) Hacer ejercicio y meditar.;C) Casi nunca.;3;C) Tranquilo, en casa y preparando la semana.
45;Mujer;B) Gimnasio, comida y salud.;A) Salir a desconectarme, beber y socializar.;B) 1 o 2 veces.;4;C) Tranquilo, en casa y preparando la semana.
61;Mujer;D) Viajes, conciertos, cursos.;B) Hacer ejercicio y meditar.;A) 4 o mas veces.;4;A) Improvisado, con amigos y musica.
30;Hombre;A) Salir a beber con amigos y fiestas.;B) Hacer ejercicio y meditar.;B) 1 o 2 veces.;3;A) Improvisado, con amigos y musica.
32;Hombre;D) Viajes, conciertos, cursos.;C) Descansar en casa, planeando mi tiempo y gastos.;B) 1 o 2 veces.;4;C) Tranquilo, en casa y preparando la semana.
27;Mujer;C) Ahorrando o invirtiendolo.;C) Descansar en casa, planeando mi tiempo y gastos.;B) 1 o 2 veces.;8;D) Visitando un lugar nuevo o una actividad nueva.
23;Mujer;B) Gimnasio, comida y salud.;C) Descansar en casa, planeando mi tiempo y gastos.;C) Casi nunca.;4;C) Tranquilo, en casa y preparando la semana.
30;Mujer;D) Viajes, conciertos, cursos.;D) Buscar nuevas actividades o viajando.;B) 1 o 2 veces.;6;C) Tranquilo, en casa y preparando la semana.
13;Mujer;B) Gimnasio, comida y salud.;C) Descansar en casa, planeando mi tiempo y gastos.;D) Solo cuando hay un evento importante.;8;A) Improvisado, con amigos y musica.
28;Hombre;B) Gimnasio, comida y salud.;C) Descansar en casa, planeando mi tiempo y gastos.;B) 1 o 2 veces.;3;C) Tranquilo, en casa y preparando la semana.
58;Mujer;D) Viajes, conciertos, cursos.;B) Hacer ejercicio y meditar.;A) 4 o mas veces.;3;B) Activo, haciendo deporte y comiendo.
18;Mujer;A) Salir a beber con amigos y fiestas.;B) Hacer ejercicio y meditar.;C) Casi nunca.;8;C) Tranquilo, en casa y preparando la semana.
20;Mujer;B) Gimnasio, comida y salud.;B) Hacer ejercicio y meditar.;D) Solo cuando hay un evento importante.;2;B) Activo, haciendo deporte y comiendo.
13;Mujer;B) Gimnasio, comida y salud.;C) Descansar en casa, planeando mi tiempo y gastos.;B) 1 o 2 veces.;7;B) Activo, haciendo deporte y comiendo.
13;Mujer;D) Viajes, conciertos, cursos.;D) Buscar nuevas actividades o viajando.;D) Solo cuando hay un evento importante.;8;B) Activo, haciendo deporte y comiendo.
58;Mujer;C) Ahorrando o invirtiendolo.;C) Descansar en casa, planeando mi tiempo y gastos.;D) Solo cuando hay un evento importante.;6;B) Activo, haciendo deporte y comiendo.
13;Hombre;B) Gimnasio, comida y salud.;D) Buscar nuevas actividades o viajando.;B) 1 o 2 veces.;4;C) Tranquilo, en casa y preparando la semana.
20;Mujer;C) Ahorrando o invirtiendolo.;D) Buscar nuevas actividades o viajando.;D) Solo cuando hay un evento importante.;6;C) Tranquilo, en casa y preparando la semana.
32;Mujer;B) Gimnasio, comida y salud.;C) Descansar en casa, planeando mi tiempo y gastos.;D) Solo cuando hay un evento importante.;4;C) Tranquilo, en casa y preparando la semana.
16;Hombre;A) Salir a beber con amigos y fiestas.;C) Descansar en casa, planeando mi tiempo y gastos.;B) 1 o 2 veces.;1;C) Tranquilo, en casa y preparando la semana.
27;Mujer;B) Gimnasio, comida y salud.;B) Hacer ejercicio y meditar.;C) Casi nunca.;4;C) Tranquilo, en casa y preparando la semana.
33;Hombre;B) Gimnasio, comida y salud.;B) Hacer ejercicio y meditar.;A) 4 o mas veces.;3;A) Improvisado, con amigos y musica.
29;Mujer;A) Salir a beber con amigos y fiestas.;A) Salir a desconectarme, beber y socializar.;B) 1 o 2 veces.;3;B) Activo, haciendo deporte y comiendo.
34;Hombre;B) Gimnasio, comida y salud.;C) Descansar en casa, planeando mi tiempo y gastos.;B) 1 o 2 veces.;7;D) Visitando un lugar nuevo o una actividad nueva.
32;Mujer;D) Viajes, conciertos, cursos.;C) Descansar en casa, planeando mi tiempo y gastos.;B) 1 o 2 veces.;7;C) Tranquilo, en casa y preparando la semana.
22;Mujer;C) Ahorrando o invirtiendolo.;A) Salir a desconectarme, beber y socializar.;B) 1 o 2 veces.;8;C) Tranquilo, en casa y preparando la semana.
24;Mujer;B) Gimnasio, comida y salud.;D) Buscar nuevas actividades o viajando.;C) Casi nunca.;6;A) Improvisado, con amigos y musica.
58;Hombre;B) Gimnasio, comida y salud.;C) Descansar en casa, planeando mi tiempo y gastos.;B) 1 o 2 veces.;7;B) Activo, haciendo deporte y comiendo.
32;Mujer;B) Gimnasio, comida y salud.;B) Hacer ejercicio y meditar.;D) Solo cuando hay un evento importante.;4;C) Tranquilo, en casa y preparando la semana.
23;Mujer;C) Ahorrando o invirtiendolo.;A) Salir a desconectarme, beber y socializar.;C) Casi nunca.;4;B) Activo, haciendo deporte y comiendo.
37;Mujer;A) Salir a beber con amigos y fiestas.;C) Descansar en casa, planeando mi tiempo y gastos.;C) Casi nunca.;6;C) Tranquilo, en casa y preparando la semana.
31;Mujer;B) Gimnasio, comida y salud.;C) Descansar en casa, planeando mi tiempo y gastos.;B) 1 o 2 veces.;6;C) Tranquilo, en casa y preparando la semana.
25;Hombre;A) Salir a beber con amigos y fiestas.;D) Buscar nuevas actividades o viajando.;D) Solo cuando hay un evento importante.;7;A) Improvisado, con amigos y musica.
46;Mujer;C) Ahorrando o invirtiendolo.;D) Buscar nuevas actividades o viajando.;D) Solo cuando hay un evento importante.;5;C) Tranquilo, en casa y preparando la semana.
32;Mujer;B) Gimnasio, comida y salud.;C) Descansar en casa, planeando mi tiempo y gastos.;B) 1 o 2 veces.;1;C) Tranquilo, en casa y preparando la semana.
62;Hombre;B) Gimnasio, comida y salud.;B) Hacer ejercicio y meditar.;D) Solo cuando hay un evento importante.;1;A) Improvisado, con amigos y musica.
37;Mujer;C) Ahorrando o invirtiendolo.;A) Salir a desconectarme, beber y socializar.;B) 1 o 2 veces.;3;A) Improvisado, con amigos y musica.
22;Hombre;B) Gimnasio, comida y salud.;A) Salir a desconectarme, beber y socializar.;D) Solo cuando hay un evento importante.;6;C) Tranquilo, en casa y preparando la semana.
13;Mujer;D) Viajes, conciertos, cursos.;C) Descansar en casa, planeando mi tiempo y gastos.;D) Solo cuando hay un evento importante.;1;A) Improvisado, con amigos y musica.
21;Mujer;C) Ahorrando o invirtiendolo.;C) Descansar en casa, planeando mi tiempo y gastos.;B) 1 o 2 veces.;2;A) Improvisado, con amigos y musica.
25;Hombre;B) Gimnasio, comida y salud.;A) Salir a desconectarme, beber y socializar.;B) 1 o 2 veces.;8;C) Tranquilo, en casa y preparando la semana.
21;Hombre;B) Gimnasio, comida y salud.;D) Buscar nuevas actividades o viajando.;B) 1 o 2 veces.;5;C) Tranquilo, en casa y preparando la semana.
21;Mujer;B) Gimnasio, comida y salud.;D) Buscar nuevas actividades o viajando.;C) Casi nunca.;5;A) Improvisado, con amigos y musica.
26;Hombre;B) Gimnasio, comida y salud.;B) Hacer ejercicio y meditar.;B) 1 o 2 veces.;7;C) Tranquilo, en casa y preparando la semana.
32;Mujer;D) Viajes, conciertos, cursos.;B) Hacer ejercicio y meditar.;B) 1 o 2 veces.;10;C) Tranquilo, en casa y preparando la semana.
23;Mujer;B) Gimnasio, comida y salud.;C) Descansar en casa, planeando mi tiempo y gastos.;D) Solo cuando hay un evento importante.;4;A) Improvisado, con amigos y musica.
26;Mujer;D) Viajes, conciertos, cursos.;B) Hacer ejercicio y meditar.;D) Solo cuando hay un evento importante.;5;B) Activo, haciendo deporte y comiendo.
13;Mujer;B) Gimnasio, comida y salud.;C) Descansar en casa, planeando mi tiempo y gastos.;A) 4 o mas veces.;1;C) Tranquilo, en casa y preparando la semana.
32;Hombre;B) Gimnasio, comida y salud.;A) Salir a desconectarme, beber y socializar.;C) Casi nunca.;2;C) Tranquilo, en casa y preparando la semana.
19;Hombre;C) Ahorrando o invirtiendolo.;B) Hacer ejercicio y meditar.;C) Casi nunca.;3;C) Tranquilo, en casa y preparando la semana.
27;Mujer;A) Salir a beber con amigos y fiestas.;B) Hacer ejercicio y meditar.;A) 4 o mas veces.;5;C) Tranquilo, en casa y preparando la semana.
14;Hombre;C) Ahorrando o invirtiendolo.;C) Descansar en casa, planeando mi tiempo y gastos.;A) 4 o mas veces.;6;D) Visitando un lugar nuevo o una actividad nueva.
29;Mujer;C) Ahorrando o invirtiendolo.;D) Buscar nuevas actividades o viajando.;C) Casi nunca.;1;C) Tranquilo, en casa y preparando la semana.
23;Mujer;B) Gimnasio, comida y salud.;A) Salir a desconectarme, beber y socializar.;B) 1 o 2 veces.;2;C) Tranquilo, en casa y preparando la semana.
44;Mujer;C) Ahorrando o invirtiendolo.;D) Buscar nuevas actividades o viajando.;D) Solo cuando hay un evento importante.;9;C) Tranquilo, en casa y preparando la semana.
20;Hombre;D) Viajes, conciertos, cursos.;B) Hacer ejercicio y meditar.;B) 1 o 2 veces.;4;B) Activo, haciendo deporte y comiendo.
13;Hombre;B) Gimnasio, comida y salud.;D) Buscar nuevas actividades o viajando.;A) 4 o mas veces.;8;A) Improvisado, con amigos y musica.
21;Mujer;D) Viajes, conciertos, cursos.;A) Salir a desconectarme, beber y socializar.;C) Casi nunca.;2;B) Activo, haciendo deporte y comiendo.
35;Hombre;B) Gimnasio, comida y salud.;C) Descansar en casa, planeando mi tiempo y gastos.;C) Casi nunca.;4;C) Tranquilo, en casa y preparando la semana.
25;Mujer;D) Viajes, conciertos, cursos.;A) Salir a desconectarme, beber y socializar.;C) Casi nunca.;6;C) Tranquilo, en casa y preparando la semana.
13;Mujer;B) Gimnasio, comida y salud.;B) Hacer ejercicio y meditar.;D) Solo cuando hay un evento importante.;2;A) Improvisado, con amigos y musica.
13;Mujer;A) Salir a beber con amigos y fiestas.;B) Hacer ejercicio y meditar.;C) Casi nunca.;7;A) Improvisado, con amigos y musica.
16;Hombre;B) Gimnasio, comida y salud.;C) Descansar en casa, planeando mi tiempo y gastos.;B) 1 o 2 veces.;9;C) Tranquilo, en casa y preparando la semana.
34;Hombre;B) Gimnasio, comida y salud.;D) Buscar nuevas actividades o viajando.;B) 1 o 2 veces.;5;C) Tranquilo, en casa y preparando la semana.
26;Mujer;B) Gimnasio, comida y salud.;D) Buscar nuevas actividades o viajando.;B) 1 o 2 veces.;1;C) Tranquilo, en casa y preparando la semana.
15;Mujer;D) Viajes, conciertos, cursos.;C) Descansar en casa, planeando mi tiempo y gastos.;B) 1 o 2 veces.;5;A) Improvisado, con amigos y musica.
30;Hombre;B) Gimnasio, comida y salud.;D) Buscar nuevas actividades o viajando.;C) Casi nunca.;8;C) Tranquilo, en casa y preparando la semana.
37;Hombre;A) Salir a beber con amigos y fiestas.;C) Descansar en casa, planeando mi tiempo y gastos.;B) 1 o 2 veces.;2;B) Activo, haciendo deporte y comiendo.
22;Hombre;A) Salir a beber con amigos y fiestas.;C) Descansar en casa, planeando mi tiempo y gastos.;C) Casi nunca.;5;B) Activo, haciendo deporte y comiendo.
22;Mujer;A) Salir a beber con amigos y fiestas.;C) Descansar en casa, planeando mi tiempo y gastos.;A) 4 o mas veces.;4;C) Tranquilo, en casa y preparando la semana.
20;Mujer;A) Salir a beber con amigos y fiestas.;C) Descansar en casa, planeando mi tiempo y gastos.;A) 4 o mas veces.;7;C) Tranquilo, en casa y preparando la semana.
41;Mujer;B) Gimnasio, comida y salud.;C) Descansar en casa, planeando mi tiempo y gastos.;D) Solo cuando hay un evento importante.;5;C) Tranquilo, en casa y preparando la semana.
50;Mujer;C) Ahorrando o invirtiendolo.;D) Buscar nuevas actividades o viajando.;B) 1 o 2 veces.;3;A) Improvisado, con amigos y musica.
13;Mujer;D) Viajes, conciertos, cursos.;C) Descansar en casa, planeando mi tiempo y gastos.;C) Casi nunca.;7;C) Tranquilo, en casa y preparando la semana.
19;Mujer;C) Ahorrando o invirtiendolo.;B) Hacer ejercicio y meditar.;C) Casi nunca.;6;C) Tranquilo, en casa y preparando la semana.
64;Hombre;B) Gimnasio, comida y salud.;C) Descansar en casa, planeando mi tiempo y gastos.;A) 4 o mas veces.;3;C) Tranquilo, en casa y preparando la semana.
22;Mujer;A) Salir a beber con amigos y fiestas.;A) Salir a desconectarme, beber y socializar.;C) Casi nunca.;8;A) Improvisado, con amigos y musica.
24;Mujer;D) Viajes, conciertos, cursos.;D) Buscar nuevas actividades o viajando.;D) Solo cuando hay un evento importante.;6;B) Activo, haciendo deporte y comiendo.
15;Mujer;D) Viajes, conciertos, cursos.;B) Hacer ejercicio y meditar.;C) Casi nunca.;7;B) Activo, haciendo deporte y comiendo.
22;Hombre;C) Ahorrando o invirtiendolo.;C) Descansar en casa, planeando mi tiempo y gastos.;A) 4 o mas veces.;10;C) Tranquilo, en casa y preparando la semana.
21;Hombre;D) Viajes, conciertos, cursos.;B) Hacer ejercicio y meditar.;C) Casi nunca.;3;C) Tranquilo, en casa y preparando la semana.
16;Mujer;A) Salir a beber con amigos y fiestas.;A) Salir a desconectarme, beber y socializar.;C) Casi nunca.;5;C) Tranquilo, en casa y preparando la semana.
27;Hombre;C) Ahorrando o invirtiendolo.;A) Salir a desconectarme, beber y socializar.;C) Casi nunca.;10;D) Visitando un lugar nuevo o una actividad nueva.
26;Mujer;B) Gimnasio, comida y salud.;C) Descansar en casa, planeando mi tiempo y gastos.;D) Solo cuando hay un evento importante.;2;C) Tranquilo, en casa y preparando la semana.
24;Hombre;D) Viajes, conciertos, cursos.;B) Hacer ejercicio y meditar.;C) Casi nunca.;2;A) Improvisado, con amigos y musica.
45;Hombre;C) Ahorrando o invirtiendolo.;C) Descansar en casa, planeando mi tiempo y gastos.;B) 1 o 2 veces.;4;C) Tranquilo, en casa y preparando la semana.
18;Hombre;D) Viajes, conciertos, cursos.;B) Hacer ejercicio y meditar.;A) 4 o mas veces.;4;C) Tranquilo, en casa y preparando la semana.
41;Mujer;C) Ahorrando o invirtiendolo.;A) Salir a desconectarme, beber y socializar.;A) 4 o mas veces.;3;C) Tranquilo, en casa y preparando la semana.
27;Mujer;B) Gimnasio, comida y salud.;C) Descansar en casa, planeando mi tiempo y gastos.;B) 1 o 2 veces.;5;C) Tranquilo, en casa y preparando la semana.
39;Hombre;A) Salir a beber con amigos y fiestas.;A) Salir a desconectarme, beber y socializar.;C) Casi nunca.;6;C) Tranquilo, en casa y preparando la semana.
23;Mujer;D) Viajes, conciertos, cursos.;C) Descansar en casa, planeando mi tiempo y gastos.;C) Casi nunca.;6;B) Activo, haciendo deporte y comiendo.
27;Mujer;B) Gimnasio, comida y salud.;C) Descansar en casa, planeando mi tiempo y gastos.;C) Casi nunca.;4;A) Improvisado, con amigos y musica.
23;Hombre;D) Viajes, conciertos, cursos.;C) Descansar en casa, planeando mi tiempo y gastos.;D) Solo cuando hay un evento importante.;1;C) Tranquilo, en casa y preparando la semana.
19;Hombre;B) Gimnasio, comida y salud.;A) Salir a desconectarme, beber y socializar.;B) 1 o 2 veces.;1;C) Tranquilo, en casa y preparando la semana.
34;Mujer;B) Gimnasio, comida y salud.;D) Buscar nuevas actividades o viajando.;C) Casi nunca.;7;D) Visitando un lugar nuevo o una actividad nueva.
29;Mujer;C) Ahorrando o invirtiendolo.;D) Buscar nuevas actividades o viajando.;C) Casi nunca.;4;A) Improvisado, con amigos y musica.
23;Mujer;B) Gimnasio, comida y salud.;A) Salir a desconectarme, beber y socializar.;D) Solo cuando hay un evento importante.;4;C) Tranquilo, en casa y preparando la semana.
25;Mujer;B) Gimnasio, comida y salud.;B) Hacer ejercicio y meditar.;B) 1 o 2 veces.;2;D) Visitando un lugar nuevo o una actividad nueva.
68;Hombre;C) Ahorrando o invirtiendolo.;B) Hacer ejercicio y meditar.;B) 1 o 2 veces.;2;C) Tranquilo, en casa y preparando la semana.
13;Mujer;A) Salir a beber con amigos y fiestas.;C) Descansar en casa, planeando mi tiempo y gastos.;D) Solo cuando hay un evento importante.;1;C) Tranquilo, en casa y preparando la semana.
22;Hombre;C) Ahorrando o invirtiendolo.;D) Buscar nuevas actividades o viajando.;C) Casi nunca.;6;C) Tranquilo, en casa y preparando la semana.
24;Hombre;D) Viajes, conciertos, cursos.;C) Descansar en casa, planeando mi tiempo y gastos.;C) Casi nunca.;1;C) Tranquilo, en casa y preparando la semana.
24;Mujer;B) Gimnasio, comida y salud.;B) Hacer ejercicio y meditar.;B) 1 o 2 veces.;4;C) Tranquilo, en casa y preparando la semana.
26;Mujer;B) Gimnasio, comida y salud.;A) Salir a desconectarme, beber y socializar.;B) 1 o 2 veces.;6;D) Visitando un lugar nuevo o una actividad nueva.
19;Mujer;A) Salir a beber con amigos y fiestas.;D) Buscar nuevas actividades o viajando.;C) Casi nunca.;7;A) Improvisado, con amigos y musica.
25;Mujer;A) Salir a beber con amigos y fiestas.;B) Hacer ejercicio y meditar.;B) 1 o 2 veces.;3;A) Improvisado, con amigos y musica.
32;Mujer;C) Ahorrando o invirtiendolo.;B) Hacer ejercicio y meditar.;C) Casi nunca.;8;C) Tranquilo, en casa y preparando la semana.
34;Hombre;A) Salir a beber con amigos y fiestas.;B) Hacer ejercicio y meditar.;D) Solo cuando hay un evento importante.;7;C) Tranquilo, en casa y preparando la semana.
20;Mujer;B) Gimnasio, comida y salud.;B) Hacer ejercicio y meditar.;D) Solo cuando hay un evento importante.;4;C) Tranquilo, en casa y preparando la semana.
32;Hombre;C) Ahorrando o invirtiendolo.;D) Buscar nuevas actividades o viajando.;D) Solo cuando hay un evento importante.;6;A) Improvisado, con amigos y musica.
34;Mujer;C) Ahorrando o invirtiendolo.;B) Hacer ejercicio y meditar.;C) Casi nunca.;9;A) Improvisado, con amigos y musica.
25;Mujer;C) Ahorrando o invirtiendolo.;C) Descansar en casa, planeando mi tiempo y gastos.;B) 1 o 2 veces.;6;C) Tranquilo, en casa y preparando la semana.
29;Mujer;D) Viajes, conciertos, cursos.;B) Hacer ejercicio y meditar.;D) Solo cuando hay un evento importante.;8;C) Tranquilo, en casa y preparando la semana.
24;Mujer;D) Viajes, conciertos, cursos.;B) Hacer ejercicio y meditar.;C) Casi nunca.;8;C) Tranquilo, en casa y preparando la semana.
15;Hombre;B) Gimnasio, comida y salud.;B) Hacer ejercicio y meditar.;C) Casi nunca.;5;A) Improvisado, con amigos y musica.
15;Mujer;C) Ahorrando o invirtiendolo.;D) Buscar nuevas actividades o viajando.;D) Solo cuando hay un evento importante.;3;C) Tranquilo, en casa y preparando la semana.
18;Mujer;B) Gimnasio, comida y salud.;C) Descansar en casa, planeando mi tiempo y gastos.;B) 1 o 2 veces.;5;C) Tranquilo, en casa y preparando la semana.
13;Hombre;D) Viajes, conciertos, cursos.;D) Buscar nuevas actividades o viajando.;D) Solo cuando hay un evento importante.;3;C) Tranquilo, en casa y preparando la semana.
29;Hombre;B) Gimnasio, comida y salud.;C) Descansar en casa, planeando mi tiempo y gastos.;B) 1 o 2 veces.;5;A) Improvisado, con amigos y musica.
16;Mujer;B) Gimnasio, comida y salud.;B) Hacer ejercicio y meditar.;A) 4 o mas veces.;1;C) Tranquilo, en casa y preparando la semana.
17;Mujer;A) Salir a beber con amigos y fiestas.;C) Descansar en casa, planeando mi tiempo y gastos.;D) Solo cuando hay un evento importante.;7;A) Improvisado, con amigos y musica.
32;Mujer;C) Ahorrando o invirtiendolo.;D) Buscar nuevas actividades o viajando.;C) Casi nunca.;2;C) Tranquilo, en casa y preparando la semana.
13;Mujer;A) Salir a beber con amigos y fiestas.;D) Buscar nuevas actividades o viajando.;C) Casi nunca.;4;A) Improvisado, con amigos y musica.
14;Hombre;C) Ahorrando o invirtiendolo.;D) Buscar nuevas actividades o viajando.;C) Casi nunca.;5;A) Improvisado, con amigos y musica.
36;Hombre;B) Gimnasio, comida y salud.;C) Descansar en casa, planeando mi tiempo y gastos.;D) Solo cuando hay un evento importante.;2;C) Tranquilo, en casa y preparando la semana.
27;Mujer;C) Ahorrando o invirtiendolo.;C) Descansar en casa, planeando mi tiempo y gastos.;B) 1 o 2 veces.;8;D) Visitando un lugar nuevo o una actividad nueva.
22;Mujer;B) Gimnasio, comida y salud.;C) Descansar en casa, planeando mi tiempo y gastos.;C) Casi nunca.;5;A) Improvisado, con amigos y musica.
21;Hombre;D) Viajes, conciertos, cursos.;C) Descansar en casa, planeando mi tiempo y gastos.;B) 1 o 2 veces.;3;B) Activo, haciendo deporte y comiendo.
25;Hombre;C) Ahorrando o invirtiendolo.;B) Hacer ejercicio y meditar.;D) Solo cuando hay un evento importante.;8;D) Visitando un lugar nuevo o una actividad nueva.
45;Hombre;C) Ahorrando o invirtiendolo.;B) Hacer ejercicio y meditar.;D) Solo cuando hay un evento importante.;5;C) Tranquilo, en casa y preparando la semana.
20;Hombre;B) Gimnasio, comida y salud.;D) Buscar nuevas actividades o viajando.;B) 1 o 2 veces.;2;C) Tranquilo, en casa y preparando la semana.
31;Mujer;C) Ahorrando o invirtiendolo.;A) Salir a desconectarme, beber y socializar.;C) Casi nunca.;7;A) Improvisado, con amigos y musica.
26;Hombre;D) Viajes, conciertos, cursos.;D) Buscar nuevas actividades o viajando.;C) Casi nunca.;2;C) Tranquilo, en casa y preparando la semana.
29;Hombre;D) Viajes, conciertos, cursos.;C) Descansar en casa, planeando mi tiempo y gastos.;C) Casi nunca.;6;A) Improvisado, con amigos y musica.
13;Mujer;A) Salir a beber con amigos y fiestas.;A) Salir a desconectarme, beber y socializar.;C) Casi nunca.;8;B) Activo, haciendo deporte y comiendo.
26;Mujer;B) Gimnasio, comida y salud.;B) Hacer ejercicio y meditar.;C) Casi nunca.;2;C) Tranquilo, en casa y preparando la semana.
41;Hombre;B) Gimnasio, comida y salud.;A) Salir a desconectarme, beber y socializar.;C) Casi nunca.;4;A) Improvisado, con amigos y musica.
31;Mujer;C) Ahorrando o invirtiendolo.;C) Descansar en casa, planeando mi tiempo y gastos.;B) 1 o 2 veces.;1;C) Tranquilo, en casa y preparando la semana.
29;Hombre;C) Ahorrando o invirtiendolo.;D) Buscar nuevas actividades o viajando.;C) Casi nunca.;6;C) Tranquilo, en casa y preparando la semana.
16;Mujer;A) Salir a beber con amigos y fiestas.;D) Buscar nuevas actividades o viajando.;A) 4 o mas veces.;7;C) Tranquilo, en casa y preparando la semana.
22;Mujer;B) Gimnasio, comida y salud.;B) Hacer ejercicio y meditar.;C) Casi nunca.;9;C) Tranquilo, en casa y preparando la semana.
38;Mujer;B) Gimnasio, comida y salud.;C) Descansar en casa, planeando mi tiempo y gastos.;B) 1 o 2 veces.;2;C) Tranquilo, en casa y preparando la semana.
18;Hombre;B) Gimnasio, comida y salud.;C) Descansar en casa, planeando mi tiempo y gastos.;C) Casi nunca.;7;C) Tranquilo, en casa y preparando la semana.
26;Mujer;B) Gimnasio, comida y salud.;D) Buscar nuevas actividades o viajando.;D) Solo cuando hay un evento importante.;9;A) Improvisado, con amigos y musica.
27;Mujer;B) Gimnasio, comida y salud.;A) Salir a desconectarme, beber y socializar.;D) Solo cuando hay un evento importante.;7;A) Improvisado, con amigos y musica.
31;Mujer;B) Gimnasio, comida y salud.;B) Hacer ejercicio y meditar.;B) 1 o 2 veces.;3;C) Tranquilo, en casa y preparando la semana.
35;Mujer;A) Salir a beber con amigos y fiestas.;B) Hacer ejercicio y meditar.;C) Casi nunca.;3;C) Tranquilo, en casa y preparando la semana.
13;Hombre;B) Gimnasio, comida y salud.;B) Hacer ejercicio y meditar.;C) Casi nunca.;6;A) Improvisado, con amigos y musica.
14;Mujer;B) Gimnasio, comida y salud.;C) Descansar en casa, planeando mi tiempo y gastos.;C) Casi nunca.;2;C) Tranquilo, en casa y preparando la semana.
30;Mujer;A) Salir a beber con amigos y fiestas.;C) Descansar en casa, planeando mi tiempo y gastos.;C) Casi nunca.;3;C) Tranquilo, en casa y preparando la semana.
29;Mujer;B) Gimnasio, comida y salud.;C) Descansar en casa, planeando mi tiempo y gastos.;B) 1 o 2 veces.;6;C) Tranquilo, en casa y preparando la semana.
14;Mujer;B) Gimnasio, comida y salud.;C) Descansar en casa, planeando mi tiempo y gastos.;D) Solo cuando hay un evento importante.;8;C) Tranquilo, en casa y preparando la semana.
13;Mujer;B) Gimnasio, comida y salud.;C) Descansar en casa, planeando mi tiempo y gastos.;D) Solo cuando hay un evento importante.;10;C) Tranquilo, en casa y preparando la semana.
21;Mujer;D) Viajes, conciertos, cursos.;C) Descansar en casa, planeando mi tiempo y gastos.;D) Solo cuando hay un evento importante.;3;C) Tranquilo, en casa y preparando la semana.
21;Hombre;B) Gimnasio, comida y salud.;D) Buscar nuevas actividades o viajando.;C) Casi nunca.;4;C) Tranquilo, en casa y preparando la semana.
30;Mujer;A) Salir a beber con amigos y fiestas.;C) Descansar en casa, planeando mi tiempo y gastos.;D) Solo cuando hay un evento importante.;1;A) Improvisado, con amigos y musica.
17;Hombre;B) Gimnasio, comida y salud.;C) Descansar en casa, planeando mi tiempo y gastos.;D) Solo cuando hay un evento importante.;5;C) Tranquilo, en casa y preparando la semana.
13;Mujer;B) Gimnasio, comida y salud.;C) Descansar en casa, planeando mi tiempo y gastos.;A) 4 o mas veces.;8;B) Activo, haciendo deporte y comiendo.
25;Mujer;B) Gimnasio, comida y salud.;A) Salir a desconectarme, beber y socializar.;A) 4 o mas veces.;2;C) Tranquilo, en casa y preparando la semana.
19;Mujer;B) Gimnasio, comida y salud.;B) Hacer ejercicio y meditar.;C) Casi nunca.;8;D) Visitando un lugar nuevo o una actividad nueva.
13;Hombre;A) Salir a beber con amigos y fiestas.;A) Salir a desconectarme, beber y socializar.;B) 1 o 2 veces.;3;D) Visitando un lugar nuevo o una actividad nueva.
35;Mujer;B) Gimnasio, comida y salud.;B) Hacer ejercicio y meditar.;B) 1 o 2 veces.;3;C) Tranquilo, en casa y preparando la semana.
29;Mujer;A) Salir a beber con amigos y fiestas.;D) Buscar nuevas actividades o viajando.;B) 1 o 2 veces.;4;C) Tranquilo, en casa y preparando la semana.
13;Mujer;B) Gimnasio, comida y salud.;C) Descansar en casa, planeando mi tiempo y gastos.;B) 1 o 2 veces.;2;A) Improvisado, con amigos y musica.
13;Mujer;C) Ahorrando o invirtiendolo.;A) Salir a desconectarme, beber y socializar.;C) Casi nunca.;9;A) Improvisado, con amigos y musica.
29;Mujer;C) Ahorrando o invirtiendolo.;B) Hacer ejercicio y meditar.;C) Casi nunca.;1;D) Visitando un lugar nuevo o una actividad nueva.
13;Mujer;A) Salir a beber con amigos y fiestas.;C) Descansar en casa, planeando mi tiempo y gastos.;D) Solo cuando hay un evento importante.;10;B) Activo, haciendo deporte y comiendo.
66;Mujer;C) Ahorrando o invirtiendolo.;D) Buscar nuevas actividades o viajando.;B) 1 o 2 veces.;3;C) Tranquilo, en casa y preparando la semana.
13;Mujer;D) Viajes, conciertos, cursos.;B) Hacer ejercicio y meditar.;C) Casi nunca.;2;C) Tranquilo, en casa y preparando la semana.
37;Mujer;B) Gimnasio, comida y salud.;B) Hacer ejercicio y meditar.;C) Casi nunca.;7;B) Activo, haciendo deporte y comiendo.
26;Mujer;A) Salir a beber con amigos y fiestas.;B) Hacer ejercicio y meditar.;B) 1 o 2 veces.;1;B) Activo, haciendo deporte y comiendo.
13;Mujer;A) Salir a beber con amigos y fiestas.;B) Hacer ejercicio y meditar.;A) 4 o mas veces.;6;C) Tranquilo, en casa y preparando la semana.
14;Mujer;B) Gimnasio, comida y salud.;A) Salir a desconectarme, beber y socializar.;C) Casi nunca.;5;A) Improvisado, con amigos y musica.
13;Hombre;C) Ahorrando o invirtiendolo.;B) Hacer ejercicio y meditar.;D) Solo cuando hay un evento importante.;2;B) Activo, haciendo deporte y comiendo.
22;Mujer;B) Gimnasio, comida y salud.;C) Descansar en casa, planeando mi tiempo y gastos.;C) Casi nunca.;10;D) Visitando un lugar nuevo o una actividad nueva.
33;Mujer;B) Gimnasio, comida y salud.;B) Hacer ejercicio y meditar.;A) 4 o mas veces.;5;A) Improvisado, con amigos y musica.
59;Hombre;A) Salir a beber con amigos y fiestas.;B) Hacer ejercicio y meditar.;D) Solo cuando hay un evento importante.;10;C) Tranquilo, en casa y preparando la semana.
13;Mujer;B) Gimnasio, comida y salud.;B) Hacer ejercicio y meditar.;D) Solo cuando hay un evento importante.;10;B) Activo, haciendo deporte y comiendo.
20;Mujer;A) Salir a beber con amigos y fiestas.;C) Descansar en casa, planeando mi tiempo y gastos.;C) Casi nunca.;1;A) Improvisado, con amigos y musica.
17;Hombre;A) Salir a beber con amigos y fiestas.;D) Buscar nuevas actividades o viajando.;C) Casi nunca.;6;B) Activo, haciendo deporte y comiendo.
28;Mujer;B) Gimnasio, comida y salud.;B) Hacer ejercicio y meditar.;C) Casi nunca.;8;C) Tranquilo, en casa y preparando la semana.
33;Hombre;B) Gimnasio, comida y salud.;A) Salir a desconectarme, beber y socializar.;C) Casi nunca.;7;B) Activo, haciendo deporte y comiendo.
13;Mujer;C) Ahorrando o invirtiendolo.;D) Buscar nuevas actividades o viajando.;C) Casi nunca.;8;C) Tranquilo, en casa y preparando la semana.
30;Mujer;A) Salir a beber con amigos y fiestas.;C) Descansar en casa, planeando mi tiempo y gastos.;B) 1 o 2 veces.;6;C) Tranquilo, en casa y preparando la semana.
26;Mujer;C) Ahorrando o invirtiendolo.;B) Hacer ejercicio y meditar.;C) Casi nunca.;6;A) Improvisado, con amigos y musica.
64;Hombre;A) Salir a beber con amigos y fiestas.;A) Salir a desconectarme, beber y socializar.;C) Casi nunca.;6;C) Tranquilo, en casa y preparando la semana.
22;Mujer;D) Viajes, conciertos, cursos.;C) Descansar en casa, planeando mi tiempo y gastos.;C) Casi nunca.;6;C) Tranquilo, en casa y preparando la semana.
24;Mujer;C) Ahorrando o invirtiendolo.;A) Salir a desconectarme, beber y socializar.;C) Casi nunca.;6;C) Tranquilo, en casa y preparando la semana.
40;Mujer;B) Gimnasio, comida y salud.;D) Buscar nuevas actividades o viajando.;A) 4 o mas veces.;1;A) Improvisado, con amigos y musica.
24;Mujer;A) Salir a beber con amigos y fiestas.;A) Salir a desconectarme, beber y socializar.;B) 1 o 2 veces.;2;B) Activo, haciendo deporte y comiendo.
37;Hombre;A) Salir a beber con amigos y fiestas.;A) Salir a desconectarme, beber y socializar.;D) Solo cuando hay un evento importante.;5;A) Improvisado, con amigos y musica.
44;Mujer;B) Gimnasio, comida y salud.;B) Hacer ejercicio y meditar.;B) 1 o 2 veces.;10;A) Improvisado, con amigos y musica.
25;Mujer;D) Viajes, conciertos, cursos.;C) Descansar en casa, planeando mi tiempo y gastos.;B) 1 o 2 veces.;5;C) Tranquilo, en casa y preparando la semana.
48;Hombre;D) Viajes, conciertos, cursos.;A) Salir a desconectarme, beber y socializar.;B) 1 o 2 veces.;4;A) Improvisado, con amigos y musica.
13;Hombre;A) Salir a beber con amigos y fiestas.;D) Buscar nuevas actividades o viajando.;B) 1 o 2 veces.;10;B) Activo, haciendo deporte y comiendo.
13;Mujer;A) Salir a beber con amigos y fiestas.;B) Hacer ejercicio y meditar.;D) Solo cuando hay un evento importante.;9;A) Improvisado, con amigos y musica.
28;Mujer;B) Gimnasio, comida y salud.;B) Hacer ejercicio y meditar.;D) Solo cuando hay un evento importante.;8;C) Tranquilo, en casa y preparando la semana.
37;Mujer;B) Gimnasio, comida y salud.;D) Buscar nuevas actividades o viajando.;A) 4 o mas veces.;3;C) Tranquilo, en casa y preparando la semana.
36;Mujer;A) Salir a beber con amigos y fiestas.;C) Descansar en casa, planeando mi tiempo y gastos.;D) Solo cuando hay un evento importante.;2;C) Tranquilo, en casa y preparando la semana.
48;Hombre;D) Viajes, conciertos, cursos.;B) Hacer ejercicio y meditar.;D) Solo cuando hay un evento importante.;6;A) Improvisado, con amigos y musica.
13;Mujer;B) Gimnasio, comida y salud.;A) Salir a desconectarme, beber y socializar.;C) Casi nunca.;3;A) Improvisado, con amigos y musica.
14;Mujer;B) Gimnasio, comida y salud.;B) Hacer ejercicio y meditar.;B) 1 o 2 veces.;3;C) Tranquilo, en casa y preparando la semana.
31;Mujer;B) Gimnasio, comida y salud.;C) Descansar en casa, planeando mi tiempo y gastos.;C) Casi nunca.;7;C) Tranquilo, en casa y preparando la semana.
31;Mujer;A) Salir a beber con amigos y fiestas.;B) Hacer ejercicio y meditar.;B) 1 o 2 veces.;10;A) Improvisado, con amigos y musica.
25;Mujer;A) Salir a beber con amigos y fiestas.;B) Hacer ejercicio y meditar.;D) Solo cuando hay un evento importante.;4;D) Visitando un lugar nuevo o una actividad nueva.
14;Hombre;C) Ahorrando o invirtiendolo.;B) Hacer ejercicio y meditar.;D) Solo cuando hay un evento importante.;6;A) Improvisado, con amigos y musica.
29;Hombre;D) Viajes, conciertos, cursos.;A) Salir a desconectarme, beber y socializar.;D) Solo cuando hay un evento importante.;6;A) Improvisado, con amigos y musica.
32;Hombre;A) Salir a beber con amigos y fiestas.;C) Descansar en casa, planeando mi tiempo y gastos.;C) Casi nunca.;3;A) Improvisado, con amigos y musica.
27;Mujer;A) Salir a beber con amigos y fiestas.;C) Descansar en casa, planeando mi tiempo y gastos.;C) Casi nunca.;3;B) Activo, haciendo deporte y comiendo.
23;Mujer;C) Ahorrando o invirtiendolo.;D) Buscar nuevas actividades o viajando.;B) 1 o 2 veces.;4;C) Tranquilo, en casa y preparando la semana.
13;Hombre;B) Gimnasio, comida y salud.;D) Buscar nuevas actividades o viajando.;C) Casi nunca.;5;C) Tranquilo, en casa y preparando la semana.
29;Mujer;D) Viajes, conciertos, cursos.;B) Hacer ejercicio y meditar.;C) Casi nunca.;6;C) Tranquilo, en casa y preparando la semana.
13;Hombre;A) Salir a beber con amigos y fiestas.;C) Descansar en casa, planeando mi tiempo y gastos.;C) Casi nunca.;5;A) Improvisado, con amigos y musica.
29;Mujer;B) Gimnasio, comida y salud.;C) Descansar en casa, planeando mi tiempo y gastos.;D) Solo cuando hay un evento importante.;8;B) Activo, haciendo deporte y comiendo.
31;Mujer;B) Gimnasio, comida y salud.;C) Descansar en casa, planeando mi tiempo y gastos.;D) Solo cuando hay un evento importante.;4;C) Tranquilo, en casa y preparando la semana.
32;Hombre;B) Gimnasio, comida y salud.;A) Salir a desconectarme, beber y socializar.;D) Solo cuando hay un evento importante.;10;C) Tranquilo, en casa y preparando la semana.
27;Mujer;B) Gimnasio, comida y salud.;C) Descansar en casa, planeando mi tiempo y gastos.;B) 1 o 2 veces.;8;C) Tranquilo, en casa y preparando la semana.
21;Mujer;A) Salir a beber con amigos y fiestas.;A) Salir a desconectarme, beber y socializar.;B) 1 o 2 veces.;7;A) Improvisado, con amigos y musica.
15;Hombre;B) Gimnasio, comida y salud.;B) Hacer ejercicio y meditar.;B) 1 o 2 veces.;4;C) Tranquilo, en casa y preparando la semana.
31;Mujer;C) Ahorrando o invirtiendolo.;A) Salir a desconectarme, beber y socializar.;B) 1 o 2 veces.;3;A) Improvisado, con amigos y musica.
19;Mujer;C) Ahorrando o invirtiendolo.;C) Descansar en casa, planeando mi tiempo y gastos.;B) 1 o 2 veces.;6;C) Tranquilo, en casa y preparando la semana.
13;Hombre;A) Salir a beber con amigos y fiestas.;B) Hacer ejercicio y meditar.;B) 1 o 2 veces.;6;C) Tranquilo, en casa y preparando la semana.
34;Hombre;A) Salir a beber con amigos y fiestas.;A) Salir a desconectarme, beber y socializar.;D) Solo cuando hay un evento importante.;9;C) Tranquilo, en casa y preparando la semana.
18;Mujer;B) Gimnasio, comida y salud.;B) Hacer ejercicio y meditar.;C) Casi nunca.;4;C) Tranquilo, en casa y preparando la semana.
24;Mujer;D) Viajes, conciertos, cursos.;B) Hacer ejercicio y meditar.;C) Casi nunca.;4;C) Tranquilo, en casa y preparando la semana.
38;Mujer;A) Salir a beber con amigos y fiestas.;A) Salir a desconectarme, beber y socializar.;D) Solo cuando hay un evento importante.;1;C) Tranquilo, en casa y preparando la semana.
32;Hombre;D) Viajes, conciertos, cursos.;B) Hacer ejercicio y meditar.;C) Casi nunca.;3;C) Tranquilo, en casa y preparando la semana.
57;Mujer;C) Ahorrando o invirtiendolo.;B) Hacer ejercicio y meditar.;C) Casi nunca.;8;A) Improvisado, con amigos y musica.
26;Mujer;A) Salir a beber con amigos y fiestas.;C) Descansar en casa, planeando mi tiempo y gastos.;B) 1 o 2 veces.;9;C) Tranquilo, en casa y preparando la semana.
27;Hombre;C) Ahorrando o invirtiendolo.;C) Descansar en casa, planeando mi tiempo y gastos.;C) Casi nunca.;5;C) Tranquilo, en casa y preparando la semana.
14;Mujer;A) Salir a beber con amigos y fiestas.;D) Buscar nuevas actividades o viajando.;D) Solo cuando hay un evento importante.;6;B) Activo, haciendo deporte y comiendo.
24;Hombre;C) Ahorrando o invirtiendolo.;A) Salir a desconectarme, beber y socializar.;C) Casi nunca.;4;D) Visitando un lugar nuevo o una actividad nueva.
22;Mujer;C) Ahorrando o invirtiendolo.;C) Descansar en casa, planeando mi tiempo y gastos.;C) Casi nunca.;8;A) Improvisado, con amigos y musica.
36;Mujer;B) Gimnasio, comida y salud.;D) Buscar nuevas actividades o viajando.;D) Solo cuando hay un evento importante.;5;B) Activo, haciendo deporte y comiendo.
27;Mujer;D) Viajes, conciertos, cursos.;B) Hacer ejercicio y meditar.;B) 1 o 2 veces.;6;A) Improvisado, con amigos y musica.
41;Hombre;D) Viajes, conciertos, cursos.;A) Salir a desconectarme, beber y socializar.;C) Casi nunca.;6;C) Tranquilo, en casa y preparando la semana.
26;Hombre;C) Ahorrando o invirtiendolo.;A) Salir a desconectarme, beber y socializar.;D) Solo cuando hay un evento importante.;1;C) Tranquilo, en casa y preparando la semana.
36;Hombre;A) Salir a beber con amigos y fiestas.;C) Descansar en casa, planeando mi tiempo y gastos.;B) 1 o 2 veces.;5;A) Improvisado, con amigos y musica.
43;Mujer;B) Gimnasio, comida y salud.;C) Descansar en casa, planeando mi tiempo y gastos.;B) 1 o 2 veces.;6;C) Tranquilo, en casa y preparando la semana.
22;Mujer;C) Ahorrando o invirtiendolo.;D) Buscar nuevas actividades o viajando.;D) Solo cuando hay un evento importante.;9;C) Tranquilo, en casa y preparando la semana.
32;Mujer;C) Ahorrando o invirtiendolo.;C) Descansar en casa, planeando mi tiempo y gastos.;C) Casi nunca.;5;A) Improvisado, con amigos y musica.
22;Mujer;C) Ahorrando o invirtiendolo.;B) Hacer ejercicio y meditar.;C) Casi nunca.;1;A) Improvisado, con amigos y musica.
32;Mujer;B) Gimnasio, comida y salud.;D) Buscar nuevas actividades o viajando.;C) Casi nunca.;6;C) Tranquilo, en casa y preparando la semana.
29;Mujer;B) Gimnasio, comida y salud.;C) Descansar en casa, planeando mi tiempo y gastos.;D) Solo cuando hay un evento importante.;10;B) Activo, haciendo deporte y comiendo.
34;Mujer;C) Ahorrando o invirtiendolo.;D) Buscar nuevas actividades o viajando.;B) 1 o 2 veces.;10;C) Tranquilo, en casa y preparando la semana.
29;Mujer;B) Gimnasio, comida y salud.;D) Buscar nuevas actividades o viajando.;A) 4 o mas veces.;7;C) Tranquilo, en casa y preparando la semana.
60;Mujer;C) Ahorrando o invirtiendolo.;A) Salir a desconectarme, beber y socializar.;C) Casi nunca.;5;A) Improvisado, con amigos y musica.
26;Mujer;C) Ahorrando o invirtiendolo.;C) Descansar en casa, planeando mi tiempo y gastos.;C) Casi nunca.;6;A) Improvisado, con amigos y musica.
13;Hombre;B) Gimnasio, comida y salud.;D) Buscar nuevas actividades o viajando.;D) Solo cuando hay un evento importante.;6;C) Tranquilo, en casa y preparando la semana.
21;Mujer;D) Viajes, conciertos, cursos.;B) Hacer ejercicio y meditar.;A) 4 o mas veces.;4;C) Tranquilo, en casa y preparando la semana.
20;Mujer;A) Salir a beber con amigos y fiestas.;A) Salir a desconectarme, beber y socializar.;C) Casi nunca.;9;C) Tranquilo, en casa y preparando la semana.
14;Mujer;C) Ahorrando o invirtiendolo.;C) Descansar en casa, planeando mi tiempo y gastos.;D) Solo cuando hay un evento importante.;2;B) Activo, haciendo deporte y comiendo.
25;Mujer;D) Viajes, conciertos, cursos.;C) Descansar en casa, planeando mi tiempo y gastos.;C) Casi nunca.;1;A) Improvisado, con amigos y musica.
17;Mujer;D) Viajes, conciertos, cursos.;D) Buscar nuevas actividades o viajando.;C) Casi nunca.;1;C) Tranquilo, en casa y preparando la semana.
13;Mujer;D) Viajes, conciertos, cursos.;B) Hacer ejercicio y meditar.;D) Solo cuando hay un evento importante.;10;C) Tranquilo, en casa y preparando la semana.
37;Hombre;D) Viajes, conciertos, cursos.;C) Descansar en casa, planeando mi tiempo y gastos.;D) Solo cuando hay un evento importante.;6;B) Activo, haciendo deporte y comiendo.
32;Hombre;C) Ahorrando o invirtiendolo.;C) Descansar en casa, planeando mi tiempo y gastos.;B) 1 o 2 veces.;8;C) Tranquilo, en casa y preparando la semana.
42;Hombre;C) Ahorrando o invirtiendolo.;A) Salir a desconectarme, beber y socializar.;B) 1 o 2 veces.;1;A) Improvisado, con amigos y musica.
14;Mujer;B) Gimnasio, comida y salud.;C) Descansar en casa, planeando mi tiempo y gastos.;D) Solo cuando hay un evento importante.;9;A) Improvisado, con amigos y musica.
13;Hombre;C) Ahorrando o invirtiendolo.;C) Descansar en casa, planeando mi tiempo y gastos.;C) Casi nunca.;7;C) Tranquilo, en casa y preparando la semana.
23;Mujer;C) Ahorrando o invirtiendolo.;C) Descansar en casa, planeando mi tiempo y gastos.;B) 1 o 2 veces.;4;C) Tranquilo, en casa y preparando la semana.
13;Hombre;B) Gimnasio, comida y salud.;C) Descansar en casa, planeando mi tiempo y gastos.;D) Solo cuando hay un evento importante.;8;C) Tranquilo, en casa y preparando la semana.
35;Mujer;C) Ahorrando o invirtiendolo.;D) Buscar nuevas actividades o viajando.;C) Casi nunca.;3;B) Activo, haciendo deporte y comiendo.
27;Mujer;C) Ahorrando o invirtiendolo.;A) Salir a desconectarme, beber y socializar.;C) Casi nunca.;7;A) Improvisado, con amigos y musica.
16;Mujer;A) Salir a beber con amigos y fiestas.;C) Descansar en casa, planeando mi tiempo y gastos.;C) Casi nunca.;7;D) Visitando un lugar nuevo o una actividad nueva.
23;Mujer;C) Ahorrando o invirtiendolo.;B) Hacer ejercicio y meditar.;D) Solo cuando hay un evento importante.;3;C) Tranquilo, en casa y preparando la semana.
13;Mujer;A) Salir a beber con amigos y fiestas.;D) Buscar nuevas actividades o viajando.;A) 4 o mas veces.;9;C) Tranquilo, en casa y preparando la semana.
13;Hombre;A) Salir a beber con amigos y fiestas.;C) Descansar en casa, planeando mi tiempo y gastos.;D) Solo cuando hay un evento importante.;4;C) Tranquilo, en casa y preparando la semana.
39;Hombre;D) Viajes, conciertos, cursos.;C) Descansar en casa, planeando mi tiempo y gastos.;D) Solo cuando hay un evento importante.;5;C) Tranquilo, en casa y preparando la semana.
19;Hombre;B) Gimnasio, comida y salud.;C) Descansar en casa, planeando mi tiempo y gastos.;B) 1 o 2 veces.;10;C) Tranquilo, en casa y preparando la semana.
26;Mujer;C) Ahorrando o invirtiendolo.;B) Hacer ejercicio y meditar.;C) Casi nunca.;3;C) Tranquilo, en casa y preparando la semana.
26;Hombre;D) Viajes, conciertos, cursos.;D) Buscar nuevas actividades o viajando.;D) Solo cuando hay un evento importante.;8;C) Tranquilo, en casa y preparando la semana.
33;Mujer;B) Gimnasio, comida y salud.;D) Buscar nuevas actividades o viajando.;D) Solo cuando hay un evento importante.;7;C) Tranquilo, en casa y preparando la semana.
24;Mujer;C) Ahorrando o invirtiendolo.;B) Hacer ejercicio y meditar.;D) Solo cuando hay un evento importante.;7;B) Activo, haciendo deporte y comiendo.
34;Mujer;A) Salir a beber con amigos y fiestas.;B) Hacer ejercicio y meditar.;B) 1 o 2 veces.;5;B) Activo, haciendo deporte y comiendo.
16;Mujer;B) Gimnasio, comida y salud.;B) Hacer ejercicio y meditar.;D) Solo cuando hay un evento importante.;8;D) Visitando un lugar nuevo o una actividad nueva.
32;Mujer;D) Viajes, conciertos, cursos.;A) Salir a desconectarme, beber y socializar.;B) 1 o 2 veces.;5;C) Tranquilo, en casa y preparando la semana.
26;Hombre;D) Viajes, conciertos, cursos.;A) Salir a desconectarme, beber y socializar.;B) 1 o 2 veces.;1;C) Tranquilo, en casa y preparando la semana.
25;Hombre;A) Salir a beber con amigos y fiestas.;C) Descansar en casa, planeando mi tiempo y gastos.;B) 1 o 2 veces.;8;C) Tranquilo, en casa y preparando la semana.
13;Hombre;C) Ahorrando o invirtiendolo.;C) Descansar en casa, planeando mi tiempo y gastos.;D) Solo cuando hay un evento importante.;8;C) Tranquilo, en casa y preparando la semana.
13;Mujer;C) Ahorrando o invirtiendolo.;B) Hacer ejercicio y meditar.;C) Casi nunca.;6;A) Improvisado, con amigos y musica.
25;Mujer;C) Ahorrando o invirtiendolo.;A) Salir a desconectarme, beber y socializar.;C) Casi nunca.;6;D) Visitando un lugar nuevo o una actividad nueva.
13;Mujer;B) Gimnasio, comida y salud.;A) Salir a desconectarme, beber y socializar.;B) 1 o 2 veces.;6;A) Improvisado, con amigos y musica.
13;Hombre;C) Ahorrando o invirtiendolo.;B) Hacer ejercicio y meditar.;D) Solo cuando hay un evento importante.;5;C) Tranquilo, en casa y preparando la semana.
16;Mujer;C) Ahorrando o invirtiendolo.;D) Buscar nuevas actividades o viajando.;C) Casi nunca.;7;A) Improvisado, con amigos y musica.
13;Hombre;C) Ahorrando o invirtiendolo.;C) Descansar en casa, planeando mi tiempo y gastos.;B) 1 o 2 veces.;1;C) Tranquilo, en casa y preparando la semana.
13;Mujer;A) Salir a beber con amigos y fiestas.;B) Hacer ejercicio y meditar.;D) Solo cuando hay un evento importante.;4;A) Improvisado, con amigos y musica.
39;Mujer;C) Ahorrando o invirtiendolo.;D) Buscar nuevas actividades o viajando.;C) Casi nunca.;4;A) Improvisado, con amigos y musica.
20;Mujer;D) Viajes, conciertos, cursos.;C) Descansar en casa, planeando mi tiempo y gastos.;A) 4 o mas veces.;6;A) Improvisado, con amigos y musica.
41;Hombre;B) Gimnasio, comida y salud.;A) Salir a desconectarme, beber y socializar.;C) Casi nunca.;5;C) Tranquilo, en casa y preparando la semana.
26;Mujer;B) Gimnasio, comida y salud.;C) Descansar en casa, planeando mi tiempo y gastos.;D) Solo cuando hay un evento importante.;6;C) Tranquilo, en casa y preparando la semana.
36;Hombre;A) Salir a beber con amigos y fiestas.;B) Hacer ejercicio y meditar.;A) 4 o mas veces.;10;A) Improvisado, con amigos y musica.
29;Hombre;C) Ahorrando o invirtiendolo.;B) Hacer ejercicio y meditar.;C) Casi nunca.;3;C) Tranquilo, en casa y preparando la semana.
19;Mujer;C) Ahorrando o invirtiendolo.;A) Salir a desconectarme, beber y socializar.;D) Solo cuando hay un evento importante.;4;C) Tranquilo, en casa y preparando la semana.
16;Mujer;C) Ahorrando o invirtiendolo.;A) Salir a desconectarme, beber y socializar.;C) Casi nunca.;7;C) Tranquilo, en casa y preparando la semana.
13;Mujer;A) Salir a beber con amigos y fiestas.;A) Salir a desconectarme, beber y socializar.;C) Casi nunca.;2;C) Tranquilo, en casa y preparando la semana.
24;Mujer;B) Gimnasio, comida y salud.;D) Buscar nuevas actividades o viajando.;B) 1 o 2 veces.;6;A) Improvisado, con amigos y musica.
19;Mujer;A) Salir a beber con amigos y fiestas.;C) Descansar en casa, planeando mi tiempo y gastos.;D) Solo cuando hay un evento importante.;9;C) Tranquilo, en casa y preparando la semana.
19;Mujer;C) Ahorrando o invirtiendolo.;C) Descansar en casa, planeando mi tiempo y gastos.;B) 1 o 2 veces.;2;C) Tranquilo, en casa y preparando la semana.
18;Hombre;D) Viajes, conciertos, cursos.;C) Descansar en casa, planeando mi tiempo y gastos.;B) 1 o 2 veces.;10;C) Tranquilo, en casa y preparando la semana.
28;Hombre;C) Ahorrando o invirtiendolo.;D) Buscar nuevas actividades o viajando.;B) 1 o 2 veces.;5;C) Tranquilo, en casa y preparando la semana.
17;Hombre;D) Viajes, conciertos, cursos.;B) Hacer ejercicio y meditar.;C) Casi nunca.;10;A) Improvisado, con amigos y musica.
17;Mujer;A) Salir a beber con amigos y fiestas.;B) Hacer ejercicio y meditar.;C) Casi nunca.;4;A) Improvisado, con amigos y musica.
21;Hombre;B) Gimnasio, comida y salud.;A) Salir a desconectarme, beber y socializar.;D) Solo cuando hay un evento importante.;4;D) Visitando un lugar nuevo o una actividad nueva.
27;Mujer;A) Salir a beber con amigos y fiestas.;B) Hacer ejercicio y meditar.;D) Solo cuando hay un evento importante.;10;C) Tranquilo, en casa y preparando la semana.
20;Mujer;D) Viajes, conciertos, cursos.;A) Salir a desconectarme, beber y socializar.;C) Casi nunca.;5;B) Activo, haciendo deporte y comiendo.
13;Mujer;C) Ahorrando o invirtiendolo.;C) Descansar en casa, planeando mi tiempo y gastos.;D) Solo cuando hay un evento importante.;6;C) Tranquilo, en casa y preparando la semana.
29;Mujer;C) Ahorrando o invirtiendolo.;A) Salir a desconectarme, beber y socializar.;C) Casi nunca.;3;A) Improvisado, con amigos y musica.
13;Mujer;B) Gimnasio, comida y salud.;B) Hacer ejercicio y meditar.;B) 1 o 2 veces.;4;A) Improvisado, con amigos y musica.
13;Mujer;B) Gimnasio, comida y salud.;B) Hacer ejercicio y meditar.;B) 1 o 2 veces.;1;C) Tranquilo, en casa y preparando la semana.
50;Mujer;B) Gimnasio, comida y salud.;C) Descansar en casa, planeando mi tiempo y gastos.;B) 1 o 2 veces.;2;C) Tranquilo, en casa y preparando la semana.
39;Mujer;C) Ahorrando o invirtiendolo.;D) Buscar nuevas actividades o viajando.;C) Casi nunca.;1;C) Tranquilo, en casa y preparando la semana.
14;Hombre;A) Salir a beber con amigos y fiestas.;C) Descansar en casa, planeando mi tiempo y gastos.;C) Casi nunca.;8;C) Tranquilo, en casa y preparando la semana.
19;Hombre;C) Ahorrando o invirtiendolo.;C) Descansar en casa, planeando mi tiempo y gastos.;C) Casi nunca.;6;A) Improvisado, con amigos y musica.
45;Hombre;B) Gimnasio, comida y salud.;B) Hacer ejercicio y meditar.;B) 1 o 2 veces.;6;C) Tranquilo, en casa y preparando la semana.
18;Mujer;B) Gimnasio, comida y salud.;B) Hacer ejercicio y meditar.;D) Solo cuando hay un evento importante.;5;A) Improvisado, con amigos y musica.
17;Hombre;C) Ahorrando o invirtiendolo.;B) Hacer ejercicio y meditar.;C) Casi nunca.;8;C) Tranquilo, en casa y preparando la semana.
19;Hombre;C) Ahorrando o invirtiendolo.;C) Descansar en casa, planeando mi tiempo y gastos.;D) Solo cuando hay un evento importante.;7;C) Tranquilo, en casa y preparando la semana.
26;Mujer;B) Gimnasio, comida y salud.;D) Buscar nuevas actividades o viajando.;C) Casi nunca.;9;C) Tranquilo, en casa y preparando la semana.
25;Mujer;B) Gimnasio, comida y salud.;B) Hacer ejercicio y meditar.;B) 1 o 2 veces.;5;C) Tranquilo, en casa y preparando la semana.
22;Mujer;C) Ahorrando o invirtiendolo.;C) Descansar en casa, planeando mi tiempo y gastos.;C) Casi nunca.;6;A) Improvisado, con amigos y musica.
25;Mujer;C) Ahorrando o invirtiendolo.;B) Hacer ejercicio y meditar.;D) Solo cuando hay un evento importante.;4;C) Tranquilo, en casa y preparando la semana.
22;Hombre;D) Viajes, conciertos, cursos.;A) Salir a desconectarme, beber y socializar.;C) Casi nunca.;6;A) Improvisado, con amigos y musica.
30;Hombre;D) Viajes, conciertos, cursos.;A) Salir a desconectarme, beber y socializar.;B) 1 o 2 veces.;8;A) Improvisado, con amigos y musica.
19;Mujer;A) Salir a beber con amigos y fiestas.;C) Descansar en casa, planeando mi tiempo y gastos.;C) Casi nunca.;6;C) Tranquilo, en casa y preparando la semana.
21;Mujer;A) Salir a beber con amigos y fiestas.;C) Descansar en casa, planeando mi tiempo y gastos.;B) 1 o 2 veces.;6;C) Tranquilo, en casa y preparando la semana.
15;Hombre;B) Gimnasio, comida y salud.;D) Buscar nuevas actividades o viajando.;C) Casi nunca.;7;C) Tranquilo, en casa y preparando la semana.
24;Hombre;A) Salir a beber con amigos y fiestas.;D) Buscar nuevas actividades o viajando.;C) Casi nunca.;6;B) Activo, haciendo deporte y comiendo.
44;Mujer;C) Ahorrando o invirtiendolo.;C) Descansar en casa, planeando mi tiempo y gastos.;D) Solo cuando hay un evento importante.;8;D) Visitando un lugar nuevo o una actividad nueva.
36;Mujer;C) Ahorrando o invirtiendolo.;B) Hacer ejercicio y meditar.;D) Solo cuando hay un evento importante.;2;C) Tranquilo, en casa y preparando la semana.
13;Hombre;B) Gimnasio, comida y salud.;B) Hacer ejercicio y meditar.;C) Casi nunca.;8;C) Tranquilo, en casa y preparando la semana.
23;Hombre;B) Gimnasio, comida y salud.;C) Descansar en casa, planeando mi tiempo y gastos.;C) Casi nunca.;5;C) Tranquilo, en casa y preparando la semana.
13;Mujer;A) Salir a beber con amigos y fiestas.;C) Descansar en casa, planeando mi tiempo y gastos.;D) Solo cuando hay un evento importante.;8;C) Tranquilo, en casa y preparando la semana.
18;Mujer;B) Gimnasio, comida y salud.;D) Buscar nuevas actividades o viajando.;C) Casi nunca.;4;A) Improvisado, con amigos y musica.
25;Mujer;D) Viajes, conciertos, cursos.;B) Hacer ejercicio y meditar.;C) Casi nunca.;8;C) Tranquilo, en casa y preparando la semana.
50;Mujer;B) Gimnasio, comida y salud.;A) Salir a desconectarme, beber y socializar.;B) 1 o 2 veces.;6;C) Tranquilo, en casa y preparando la semana.
23;Mujer;B) Gimnasio, comida y salud.;B) Hacer ejercicio y meditar.;A) 4 o mas veces.;3;C) Tranquilo, en casa y preparando la semana.
13;Mujer;D) Viajes, conciertos, cursos.;C) Descansar en casa, planeando mi tiempo y gastos.;B) 1 o 2 veces.;4;C) Tranquilo, en casa y preparando la semana.
25;Mujer;C) Ahorrando o invirtiendolo.;C) Descansar en casa, planeando mi tiempo y gastos.;D) Solo cuando hay un evento importante.;8;D) Visitando un lugar nuevo o una actividad nueva.
24;Mujer;A) Salir a beber con amigos y fiestas.;C) Descansar en casa, planeando mi tiempo y gastos.;D) Solo cuando hay un evento importante.;7;A) Improvisado, con amigos y musica.
22;Mujer;C) Ahorrando o invirtiendolo.;C) Descansar en casa, planeando mi tiempo y gastos.;C) Casi nunca.;5;B) Activo, haciendo deporte y comiendo.
13;Mujer;B) Gimnasio, comida y salud.;B) Hacer ejercicio y meditar.;D) Solo cuando hay un evento importante.;7;C) Tranquilo, en casa y preparando la semana.
27;Mujer;D) Viajes, conciertos, cursos.;D) Buscar nuevas actividades o viajando.;C) Casi nunca.;7;C) Tranquilo, en casa y preparando la semana.
15;Mujer;B) Gimnasio, comida y salud.;B) Hacer ejercicio y meditar.;D) Solo cuando hay un evento importante.;3;C) Tranquilo, en casa y preparando la semana.
20;Mujer;C) Ahorrando o invirtiendolo.;C) Descansar en casa, planeando mi tiempo y gastos.;C) Casi nunca.;3;C) Tranquilo, en casa y preparando la semana.
43;Mujer;C) Ahorrando o invirtiendolo.;C) Descansar en casa, planeando mi tiempo y gastos.;D) Solo cuando hay un evento importante.;4;C) Tranquilo, en casa y preparando la semana.
36;Mujer;A) Salir a beber con amigos y fiestas.;A) Salir a desconectarme, beber y socializar.;D) Solo cuando hay un evento importante.;6;C) Tranquilo, en casa y preparando la semana.
32;Mujer;B) Gimnasio, comida y salud.;A) Salir a desconectarme, beber y socializar.;D) Solo cuando hay un evento importante.;6;C) Tranquilo, en casa y preparando la semana.
20;Hombre;D) Viajes, conciertos, cursos.;D) Buscar nuevas actividades o viajando.;C) Casi nunca.;3;D) Visitando un lugar nuevo o una actividad nueva.
28;Mujer;B) Gimnasio, comida y salud.;B) Hacer ejercicio y meditar.;B) 1 o 2 veces.;5;C) Tranquilo, en casa y preparando la semana.
28;Mujer;D) Viajes, conciertos, cursos.;B) Hacer ejercicio y meditar.;C) Casi nunca.;5;A) Improvisado, con amigos y musica.
25;Mujer;C) Ahorrando o invirtiendolo.;B) Hacer ejercicio y meditar.;C) Casi nunca.;5;A) Improvisado, con amigos y musica.
18;Mujer;B) Gimnasio, comida y salud.;C) Descansar en casa, planeando mi tiempo y gastos.;B) 1 o 2 veces.;7;C) Tranquilo, en casa y preparando la semana.
13;Hombre;C) Ahorrando o invirtiendolo.;A) Salir a desconectarme, beber y socializar.;D) Solo cuando hay un evento importante.;2;C) Tranquilo, en casa y preparando la semana.
22;Hombre;B) Gimnasio, comida y salud.;D) Buscar nuevas actividades o viajando.;C) Casi nunca.;6;C) Tranquilo, en casa y preparando la semana.
21;Hombre;D) Viajes, conciertos, cursos.;A) Salir a desconectarme, beber y socializar.;C) Casi nunca.;5;D) Visitando un lugar nuevo o una actividad nueva.
17;Mujer;B) Gimnasio, comida y salud.;B) Hacer ejercicio y meditar.;C) Casi nunca.;1;C) Tranquilo, en casa y preparando la semana.
29;Mujer;B) Gimnasio, comida y salud.;B) Hacer ejercicio y meditar.;C) Casi nunca.;9;C) Tranquilo, en casa y preparando la semana.
21;Mujer;D) Viajes, conciertos, cursos.;A) Salir a desconectarme, beber y socializar.;D) Solo cuando hay un evento importante.;1;B) Activo, haciendo deporte y comiendo.
13;Mujer;C) Ahorrando o invirtiendolo.;B) Hacer ejercicio y meditar.;B) 1 o 2 veces.;2;C) Tranquilo, en casa y preparando la semana.
34;Hombre;C) Ahorrando o invirtiendolo.;B) Hacer ejercicio y meditar.;B) 1 o 2 veces.;5;C) Tranquilo, en casa y preparando la semana.
34;Mujer;A) Salir a beber con amigos y fiestas.;A) Salir a desconectarme, beber y socializar.;B) 1 o 2 veces.;6;C) Tranquilo, en casa y preparando la semana.
13;Mujer;C) Ahorrando o invirtiendolo.;C) Descansar en casa, planeando mi tiempo y gastos.;B) 1 o 2 veces.;6;A) Improvisado, con amigos y musica.
41;Mujer;D) Viajes, conciertos, cursos.;B) Hacer ejercicio y meditar.;D) Solo cuando hay un evento importante.;6;C) Tranquilo, en casa y preparando la semana.
29;Hombre;D) Viajes, conciertos, cursos.;C) Descansar en casa, planeando mi tiempo y gastos.;C) Casi nunca.;9;B) Activo, haciendo deporte y comiendo.
13;Mujer;C) Ahorrando o invirtiendolo.;C) Descansar en casa, planeando mi tiempo y gastos.;D) Solo cuando hay un evento importante.;10;C) Tranquilo, en casa y preparando la semana.
37;Hombre;C) Ahorrando o invirtiendolo.;A) Salir a desconectarme, beber y socializar.;C) Casi nunca.;5;D) Visitando un lugar nuevo o una actividad nueva.
24;Mujer;A) Salir a beber con amigos y fiestas.;B) Hacer ejercicio y meditar.;C) Casi nunca.;8;C) Tranquilo, en casa y preparando la semana.
21;Mujer;B) Gimnasio, comida y salud.;B) Hacer ejercicio y meditar.;B) 1 o 2 veces.;8;B) Activo, haciendo deporte y comiendo.
31;Hombre;B) Gimnasio, comida y salud.;C) Descansar en casa, planeando mi tiempo y gastos.;B) 1 o 2 veces.;3;A) Improvisado, con amigos y musica.
33;Mujer;A) Salir a beber con amigos y fiestas.;A) Salir a desconectarme, beber y socializar.;C) Casi nunca.;2;D) Visitando un lugar nuevo o una actividad nueva.
19;Mujer;C) Ahorrando o invirtiendolo.;A) Salir a desconectarme, beber y socializar.;C) Casi nunca.;8;B) Activo, haciendo deporte y comiendo.
40;Mujer;D) Viajes, conciertos, cursos.;B) Hacer ejercicio y meditar.;C) Casi nunca.;10;C) Tranquilo, en casa y preparando la semana.
13;Mujer;B) Gimnasio, comida y salud.;B) Hacer ejercicio y meditar.;C) Casi nunca.;10;B) Activo, haciendo deporte y comiendo.
21;Hombre;A) Salir a beber con amigos y fiestas.;B) Hacer ejercicio y meditar.;A) 4 o mas veces.;1;C) Tranquilo, en casa y preparando la semana.
31;Hombre;A) Salir a beber con amigos y fiestas.;A) Salir a desconectarme, beber y socializar.;D) Solo cuando hay un evento importante.;5;A) Improvisado, con amigos y musica.
31;Mujer;A) Salir a beber con amigos y fiestas.;C) Descansar en casa, planeando mi tiempo y gastos.;C) Casi nunca.;5;C) Tranquilo, en casa y preparando la semana.
30;Mujer;B) Gimnasio, comida y salud.;C) Descansar en casa, planeando mi tiempo y gastos.;C) Casi nunca.;3;C) Tranquilo, en casa y preparando la semana.
13;Mujer;D) Viajes, conciertos, cursos.;B) Hacer ejercicio y meditar.;B) 1 o 2 veces.;1;C) Tranquilo, en casa y preparando la semana.
31;Mujer;C) Ahorrando o invirtiendolo.;C) Descansar en casa, planeando mi tiempo y gastos.;D) Solo cuando hay un evento importante.;3;D) Visitando un lugar nuevo o una actividad nueva.
14;Mujer;D) Viajes, conciertos, cursos.;A) Salir a desconectarme, beber y socializar.;C) Casi nunca.;5;C) Tranquilo, en casa y preparando la semana.
13;Hombre;D) Viajes, conciertos, cursos.;D) Buscar nuevas actividades o viajando.;B) 1 o 2 veces.;2;D) Visitando un lugar nuevo o una actividad nueva.
20;Mujer;C) Ahorrando o invirtiendolo.;C) Descansar en casa, planeando mi tiempo y gastos.;B) 1 o 2 veces.;2;B) Activo, haciendo deporte y comiendo.
30;Hombre;D) Viajes, conciertos, cursos.;C) Descansar en casa, planeando mi tiempo y gastos.;C) Casi nunca.;5;C) Tranquilo, en casa y preparando la semana.
13;Mujer;B) Gimnasio, comida y salud.;C) Descansar en casa, planeando mi tiempo y gastos.;B) 1 o 2 veces.;8;D) Visitando un lugar nuevo o una actividad nueva.
16;Mujer;C) Ahorrando o invirtiendolo.;C) Descansar en casa, planeando mi tiempo y gastos.;B) 1 o 2 veces.;4;C) Tranquilo, en casa y preparando la semana.
32;Hombre;B) Gimnasio, comida y salud.;D) Buscar nuevas actividades o viajando.;C) Casi nunca.;5;C) Tranquilo, en casa y preparando la semana.
25;Mujer;A) Salir a beber con amigos y fiestas.;A) Salir a desconectarme, beber y socializar.;C) Casi nunca.;2;C) Tranquilo, en casa y preparando la semana.
29;Mujer;D) Viajes, conciertos, cursos.;D) Buscar nuevas actividades o viajando.;C) Casi nunca.;8;B) Activo, haciendo deporte y comiendo.
15;Mujer;C) Ahorrando o invirtiendolo.;B) Hacer ejercicio y meditar.;D) Solo cuando hay un evento importante.;4;C) Tranquilo, en casa y preparando la semana.
16;Mujer;C) Ahorrando o invirtiendolo.;C) Descansar en casa, planeando mi tiempo y gastos.;B) 1 o 2 veces.;5;C) Tranquilo, en casa y preparando la semana.
36;Mujer;C) Ahorrando o invirtiendolo.;C) Descansar en casa, planeando mi tiempo y gastos.;D) Solo cuando hay un evento importante.;4;C) Tranquilo, en casa y preparando la semana.
26;Mujer;A) Salir a beber con amigos y fiestas.;B) Hacer ejercicio y meditar.;D) Solo cuando hay un evento importante.;3;A) Improvisado, con amigos y musica.
41;Hombre;D) Viajes, conciertos, cursos.;C) Descansar en casa, planeando mi tiempo y gastos.;A) 4 o mas veces.;7;C) Tranquilo, en casa y preparando la semana.
13;Mujer;D) Viajes, conciertos, cursos.;C) Descansar en casa, planeando mi tiempo y gastos.;C) Casi nunca.;6;C) Tranquilo, en casa y preparando la semana.
34;Hombre;B) Gimnasio, comida y salud.;D) Buscar nuevas actividades o viajando.;B) 1 o 2 veces.;5;A) Improvisado, con amigos y musica.
13;Mujer;B) Gimnasio, comida y salud.;C) Descansar en casa, planeando mi tiempo y gastos.;B) 1 o 2 veces.;6;C) Tranquilo, en casa y preparando la semana.
13;Mujer;D) Viajes, conciertos, cursos.;D) Buscar nuevas actividades o viajando.;B) 1 o 2 veces.;2;C) Tranquilo, en casa y preparando la semana.
42;Hombre;B) Gimnasio, comida y salud.;B) Hacer ejercicio y meditar.;D) Solo cuando hay un evento importante.;9;C) Tranquilo, en casa y preparando la semana.
30;Mujer;B) Gimnasio, comida y salud.;B) Hacer ejercicio y meditar.;D) Solo cuando hay un evento importante.;10;A) Improvisado, con amigos y musica.
16;Mujer;B) Gimnasio, comida y salud.;C) Descansar en casa, planeando mi tiempo y gastos.;C) Casi nunca.;3;D) Visitando un lugar nuevo o una actividad nueva.
18;Mujer;C) Ahorrando o invirtiendolo.;B) Hacer ejercicio y meditar.;A) 4 o mas veces.;1;C) Tranquilo, en casa y preparando la semana.
29;Hombre;B) Gimnasio, comida y salud.;C) Descansar en casa, planeando mi tiempo y gastos.;C) Casi nunca.;1;C) Tranquilo, en casa y preparando la semana.
22;Hombre;B) Gimnasio, comida y salud.;C) Descansar en casa, planeando mi tiempo y gastos.;D) Solo cuando hay un evento importante.;2;C) Tranquilo, en casa y preparando la semana.
18;Mujer;A) Salir a beber con amigos y fiestas.;B) Hacer ejercicio y meditar.;C) Casi nunca.;4;C) Tranquilo, en casa y preparando la semana.
27;Hombre;A) Salir a beber con amigos y fiestas.;C) Descansar en casa, planeando mi tiempo y gastos.;B) 1 o 2 veces.;8;A) Improvisado, con amigos y musica.
65;Hombre;C) Ahorrando o invirtiendolo.;D) Buscar nuevas actividades o viajando.;B) 1 o 2 veces.;3;B) Activo, haciendo deporte y comiendo.
41;Hombre;B) Gimnasio, comida y salud.;C) Descansar en casa, planeando mi tiempo y gastos.;A) 4 o mas veces.;3;C) Tranquilo, en casa y preparando la semana.
38;Mujer;C) Ahorrando o invirtiendolo.;D) Buscar nuevas actividades o viajando.;B) 1 o 2 veces.;4;C) Tranquilo, en casa y preparando la semana.
69;Mujer;B) Gimnasio, comida y salud.;B) Hacer ejercicio y meditar.;A) 4 o mas veces.;1;C) Tranquilo, en casa y preparando la semana.
27;Mujer;B) Gimnasio, comida y salud.;C) Descansar en casa, planeando mi tiempo y gastos.;B) 1 o 2 veces.;5;A) Improvisado, con amigos y musica.
26;Mujer;B) Gimnasio, comida y salud.;C) Descansar en casa, planeando mi tiempo y gastos.;C) Casi nunca.;2;C) Tranquilo, en casa y preparando la semana.
24;Hombre;C) Ahorrando o invirtiendolo.;A) Salir a desconectarme, beber y socializar.;B) 1 o 2 veces.;4;C) Tranquilo, en casa y preparando la semana.
13;Mujer;C) Ahorrando o invirtiendolo.;A) Salir a desconectarme, beber y socializar.;B) 1 o 2 veces.;7;A) Improvisado, con amigos y musica.
13;Mujer;C) Ahorrando o invirtiendolo.;C) Descansar en casa, planeando mi tiempo y gastos.;A) 4 o mas veces.;5;C) Tranquilo, en casa y preparando la semana.
35;Mujer;C) Ahorrando o invirtiendolo.;B) Hacer ejercicio y meditar.;C) Casi nunca.;5;C) Tranquilo, en casa y preparando la semana.
33;Mujer;D) Viajes, conciertos, cursos.;B) Hacer ejercicio y meditar.;B) 1 o 2 veces.;9;B) Activo, haciendo deporte y comiendo.
26;Hombre;C) Ahorrando o invirtiendolo.;C) Descansar en casa, planeando mi tiempo y gastos.;C) Casi nunca.;8;C) Tranquilo, en casa y preparando la semana.
30;Mujer;C) Ahorrando o invirtiendolo.;A) Salir a desconectarme, beber y socializar.;C) Casi nunca.;10;C) Tranquilo, en casa y preparando la semana.
28;Mujer;A) Salir a beber con amigos y fiestas.;A) Salir a desconectarme, beber y socializar.;D) Solo cuando hay un evento importante.;4;C) Tranquilo, en casa y preparando la semana.
13;Mujer;C) Ahorrando o invirtiendolo.;C) Descansar en casa, planeando mi tiempo y gastos.;C) Casi nunca.;6;C) Tranquilo, en casa y preparando la semana.
41;Mujer;C) Ahorrando o invirtiendolo.;C) Descansar en casa, planeando mi tiempo y gastos.;C) Casi nunca.;6;C) Tranquilo, en casa y preparando la semana.
18;Hombre;C) Ahorrando o invirtiendolo.;B) Hacer ejercicio y meditar.;B) 1 o 2 veces.;6;D) Visitando un lugar nuevo o una actividad nueva.
32;Mujer;B) Gimnasio, comida y salud.;A) Salir a desconectarme, beber y socializar.;B) 1 o 2 veces.;4;C) Tranquilo, en casa y preparando la semana.
27;Mujer;B) Gimnasio, comida y salud.;A) Salir a desconectarme, beber y socializar.;B) 1 o 2 veces.;3;C) Tranquilo, en casa y preparando la semana.
28;Mujer;C) Ahorrando o invirtiendolo.;C) Descansar en casa, planeando mi tiempo y gastos.;B) 1 o 2 veces.;6;C) Tranquilo, en casa y preparando la semana.
32;Hombre;A) Salir a beber con amigos y fiestas.;B) Hacer ejercicio y meditar.;B) 1 o 2 veces.;3;C) Tranquilo, en casa y preparando la semana.
13;Hombre;A) Salir a beber con amigos y fiestas.;B) Hacer ejercicio y meditar.;C) Casi nunca.;2;C) Tranquilo, en casa y preparando la semana.
13;Hombre;B) Gimnasio, comida y salud.;C) Descansar en casa, planeando mi tiempo y gastos.;B) 1 o 2 veces.;6;A) Improvisado, con amigos y musica.
22;Mujer;C) Ahorrando o invirtiendolo.;C) Descansar en casa, planeando mi tiempo y gastos.;B) 1 o 2 veces.;7;A) Improvisado, con amigos y musica.
25;Mujer;C) Ahorrando o invirtiendolo.;C) Descansar en casa, planeando mi tiempo y gastos.;D) Solo cuando hay un evento importante.;2;D) Visitando un lugar nuevo o una actividad nueva.
25;Mujer;B) Gimnasio, comida y salud.;B) Hacer ejercicio y meditar.;C) Casi nunca.;7;C) Tranquilo, en casa y preparando la semana.
37;Hombre;D) Viajes, conciertos, cursos.;B) Hacer ejercicio y meditar.;B) 1 o 2 veces.;6;A) Improvisado, con amigos y musica.
13;Hombre;C) Ahorrando o invirtiendolo.;C) Descansar en casa, planeando mi tiempo y gastos.;B) 1 o 2 veces.;2;A) Improvisado, con amigos y musica.
13;Mujer;A) Salir a beber con amigos y fiestas.;C) Descansar en casa, planeando mi tiempo y gastos.;D) Solo cuando hay un evento importante.;6;C) Tranquilo, en casa y preparando la semana.
33;Mujer;B) Gimnasio, comida y salud.;A) Salir a desconectarme, beber y socializar.;B) 1 o 2 veces.;7;D) Visitando un lugar nuevo o una actividad nueva.
39;Mujer;B) Gimnasio, comida y salud.;D) Buscar nuevas actividades o viajando.;D) Solo cuando hay un evento importante.;7;C) Tranquilo, en casa y preparando la semana.
50;Hombre;A) Salir a beber con amigos y fiestas.;B) Hacer ejercicio y meditar.;B) 1 o 2 veces.;8;C) Tranquilo, en casa y preparando la semana.
27;Mujer;C) Ahorrando o invirtiendolo.;D) Buscar nuevas actividades o viajando.;D) Solo cuando hay un evento importante.;3;C) Tranquilo, en casa y preparando la semana.
24;Hombre;B) Gimnasio, comida y salud.;B) Hacer ejercicio y meditar.;D) Solo cuando hay un evento importante.;7;C) Tranquilo, en casa y preparando la semana.
15;Hombre;D) Viajes, conciertos, cursos.;D) Buscar nuevas actividades o viajando.;C) Casi nunca.;5;B) Activo, haciendo deporte y comiendo.
29;Mujer;B) Gimnasio, comida y salud.;B) Hacer ejercicio y meditar.;D) Solo cuando hay un evento importante.;1;C) Tranquilo, en casa y preparando la semana.
29;Mujer;A) Salir a beber con amigos y fiestas.;C) Descansar en casa, planeando mi tiempo y gastos.;C) Casi nunca.;4;C) Tranquilo, en casa y preparando la semana.
44;Mujer;D) Viajes, conciertos, cursos.;B) Hacer ejercicio y meditar.;C) Casi nunca.;10;C) Tranquilo, en casa y preparando la semana.
27;Hombre;C) Ahorrando o invirtiendolo.;C) Descansar en casa, planeando mi tiempo y gastos.;C) Casi nunca.;8;D) Visitando un lugar nuevo o una actividad nueva.
28;Mujer;B) Gimnasio, comida y salud.;B) Hacer ejercicio y meditar.;D) Solo cuando hay un evento importante.;4;C) Tranquilo, en casa y preparando la semana.
31;Mujer;C) Ahorrando o invirtiendolo.;D) Buscar nuevas actividades o viajando.;C) Casi nunca.;2;B) Activo, haciendo deporte y comiendo.
23;Hombre;C) Ahorrando o invirtiendolo.;B) Hacer ejercicio y meditar.;D) Solo cuando hay un evento importante.;6;C) Tranquilo, en casa y preparando la semana.
27;Mujer;C) Ahorrando o invirtiendolo.;A) Salir a desconectarme, beber y socializar.;D) Solo cuando hay un evento importante.;2;D) Visitando un lugar nuevo o una actividad nueva.
34;Mujer;A) Salir a beber con amigos y fiestas.;B) Hacer ejercicio y meditar.;A) 4 o mas veces.;8;C) Tranquilo, en casa y preparando la semana.
38;Hombre;B) Gimnasio, comida y salud.;C) Descansar en casa, planeando mi tiempo y gastos.;C) Casi nunca.;8;D) Visitando un lugar nuevo o una actividad nueva.
28;Mujer;B) Gimnasio, comida y salud.;D) Buscar nuevas actividades o viajando.;C) Casi nunca.;6;C) Tranquilo, en casa y preparando la semana.
22;Hombre;B) Gimnasio, comida y salud.;C) Descansar en casa, planeando mi tiempo y gastos.;D) Solo cuando hay un evento importante.;5;C) Tranquilo, en casa y preparando la semana.
53;Hombre;B) Gimnasio, comida y salud.;A) Salir a desconectarme, beber y socializar.;C) Casi nunca.;9;C) Tranquilo, en casa y preparando la semana.
19;Mujer;D) Viajes, conciertos, cursos.;C) Descansar en casa, planeando mi tiempo y gastos.;D) Solo cuando hay un evento importante.;8;C) Tranquilo, en casa y preparando la semana.
26;Hombre;A) Salir a beber con amigos y fiestas.;D) Buscar nuevas actividades o viajando.;C) Casi nunca.;5;A) Improvisado, con amigos y musica.
13;Mujer;B) Gimnasio, comida y salud.;B) Hacer ejercicio y meditar.;B) 1 o 2 veces.;4;C) Tranquilo, en casa y preparando la semana.
27;Hombre;B) Gimnasio, comida y salud.;C) Descansar en casa, planeando mi tiempo y gastos.;C) Casi nunca.;9;C) Tranquilo, en casa y preparando la semana.
29;Mujer;C) Ahorrando o invirtiendolo.;A) Salir a desconectarme, beber y socializar.;C) Casi nunca.;5;A) Improvisado, con amigos y musica.
13;Mujer;A) Salir a beber con amigos y fiestas.;B) Hacer ejercicio y meditar.;B) 1 o 2 veces.;7;D) Visitando un lugar nuevo o una actividad nueva.
15;Hombre;D) Viajes, conciertos, cursos.;B) Hacer ejercicio y meditar.;D) Solo cuando hay un evento importante.;4;C) Tranquilo, en casa y preparando la semana.
26;Mujer;A) Salir a beber con amigos y fiestas.;B) Hacer ejercicio y meditar.;B) 1 o 2 veces.;5;B) Activo, haciendo deporte y comiendo.
26;Hombre;A) Salir a beber con amigos y fiestas.;B) Hacer ejercicio y meditar.;A) 4 o mas veces.;10;C) Tranquilo, en casa y preparando la semana.
28;Hombre;A) Salir a beber con amigos y fiestas.;D) Buscar nuevas actividades o viajando.;B) 1 o 2 veces.;6;B) Activo, haciendo deporte y comiendo.
29;Mujer;A) Salir a beber con amigos y fiestas.;B) Hacer ejercicio y meditar.;C) Casi nunca.;6;C) Tranquilo, en casa y preparando la semana.
13;Mujer;C) Ahorrando o invirtiendolo.;B) Hacer ejercicio y meditar.;B) 1 o 2 veces.;9;A) Improvisado, con amigos y musica.
13;Hombre;B) Gimnasio, comida y salud.;D) Buscar nuevas actividades o viajando.;D) Solo cuando hay un evento importante.;5;C) Tranquilo, en casa y preparando la semana.
33;Mujer;B) Gimnasio, comida y salud.;C) Descansar en casa, planeando mi tiempo y gastos.;B) 1 o 2 veces.;1;A) Improvisado, con amigos y musica.
13;Mujer;A) Salir a beber con amigos y fiestas.;C) Descansar en casa, planeando mi tiempo y gastos.;B) 1 o 2 veces.;6;C) Tranquilo, en casa y preparando la semana.
24;Mujer;B) Gimnasio, comida y salud.;C) Descansar en casa, planeando mi tiempo y gastos.;A) 4 o mas veces.;7;A) Improvisado, con amigos y musica.
34;Mujer;B) Gimnasio, comida y salud.;D) Buscar nuevas actividades o viajando.;C) Casi nunca.;5;A) Improvisado, con amigos y musica.
19;Mujer;C) Ahorrando o invirtiendolo.;C) Descansar en casa, planeando mi tiempo y gastos.;C) Casi nunca.;8;A) Improvisado, con amigos y musica.
13;Mujer;A) Salir a beber con amigos y fiestas.;C) Descansar en casa, planeando mi tiempo y gastos.;D) Solo cuando hay un evento importante.;7;C) Tranquilo, en casa y preparando la semana.
24;Mujer;B) Gimnasio, comida y salud.;A) Salir a desconectarme, beber y socializar.;C) Casi nunca.;4;C) Tranquilo, en casa y preparando la semana.
13;Mujer;B) Gimnasio, comida y salud.;C) Descansar en casa, planeando mi tiempo y gastos.;B) 1 o 2 veces.;6;A) Improvisado, con amigos y musica.
19;Hombre;B) Gimnasio, comida y salud.;A) Salir a desconectarme, beber y socializar.;C) Casi nunca.;9;C) Tranquilo, en casa y preparando la semana.
29;Mujer;B) Gimnasio, comida y salud.;B) Hacer ejercicio y meditar.;C) Casi nunca.;7;B) Activo, haciendo deporte y comiendo.
28;Mujer;C) Ahorrando o invirtiendolo.;B) Hacer ejercicio y meditar.;C) Casi nunca.;9;C) Tranquilo, en casa y preparando la semana.
23;Hombre;C) Ahorrando o invirtiendolo.;B) Hacer ejercicio y meditar.;B) 1 o 2 veces.;7;C) Tranquilo, en casa y preparando la semana.
30;Mujer;A) Salir a beber con amigos y fiestas.;D) Buscar nuevas actividades o viajando.;C) Casi nunca.;2;B) Activo, haciendo deporte y comiendo.
32;Mujer;B) Gimnasio, comida y salud.;C) Descansar en casa, planeando mi tiempo y gastos.;C) Casi nunca.;5;C) Tranquilo, en casa y preparando la semana.
32;Mujer;D) Viajes, conciertos, cursos.;C) Descansar en casa, planeando mi tiempo y gastos.;D) Solo cuando hay un evento importante.;8;C) Tranquilo, en casa y preparando la semana.
15;Mujer;D) Viajes, conciertos, cursos.;D) Buscar nuevas actividades o viajando.;C) Casi nunca.;10;C) Tranquilo, en casa y preparando la semana.
13;Hombre;D) Viajes, conciertos, cursos.;B) Hacer ejercicio y meditar.;B) 1 o 2 veces.;7;C) Tranquilo, en casa y preparando la semana.
13;Mujer;B) Gimnasio, comida y salud.;C) Descansar en casa, planeando mi tiempo y gastos.;C) Casi nunca.;8;B) Activo, haciendo deporte y comiendo.
37;Mujer;B) Gimnasio, comida y salud.;A) Salir a desconectarme, beber y socializar.;C) Casi nunca.;3;B) Activo, haciendo deporte y comiendo.
28;Mujer;A) Salir a beber con amigos y fiestas.;A) Salir a desconectarme, beber y socializar.;C) Casi nunca.;6;C) Tranquilo, en casa y preparando la semana.
39;Hombre;A) Salir a beber con amigos y fiestas.;C) Descansar en casa, planeando mi tiempo y gastos.;D) Solo cuando hay un evento importante.;5;C) Tranquilo, en casa y preparando la semana.
22;Hombre;B) Gimnasio, comida y salud.;B) Hacer ejercicio y meditar.;C) Casi nunca.;7;C) Tranquilo, en casa y preparando la semana.
21;Mujer;C) Ahorrando o invirtiendolo.;C) Descansar en casa, planeando mi tiempo y gastos.;B) 1 o 2 veces.;5;C) Tranquilo, en casa y preparando la semana.
40;Mujer;B) Gimnasio, comida y salud.;B) Hacer ejercicio y meditar.;B) 1 o 2 veces.;8;C) Tranquilo, en casa y preparando la semana.
16;Mujer;A) Salir a beber con amigos y fiestas.;C) Descansar en casa, planeando mi tiempo y gastos.;B) 1 o 2 veces.;9;C) Tranquilo, en casa y preparando la semana.
41;Mujer;C) Ahorrando o invirtiendolo.;B) Hacer ejercicio y meditar.;C) Casi nunca.;3;A) Improvisado, con amigos y musica.
19;Mujer;B) Gimnasio, comida y salud.;C) Descansar en casa, planeando mi tiempo y gastos.;B) 1 o 2 veces.;3;C) Tranquilo, en casa y preparando la semana.
31;Mujer;C) Ahorrando o invirtiendolo.;C) Descansar en casa, planeando mi tiempo y gastos.;C) Casi nunca.;5;D) Visitando un lugar nuevo o una actividad nueva.
13;Mujer;B) Gimnasio, comida y salud.;C) Descansar en casa, planeando mi tiempo y gastos.;B) 1 o 2 veces.;9;A) Improvisado, con amigos y musica.
37;Mujer;D) Viajes, conciertos, cursos.;B) Hacer ejercicio y meditar.;A) 4 o mas veces.;7;C) Tranquilo, en casa y preparando la semana.
32;Mujer;D) Viajes, conciertos, cursos.;B) Hacer ejercicio y meditar.;D) Solo cuando hay un evento importante.;7;B) Activo, haciendo deporte y comiendo.
37;Hombre;C) Ahorrando o invirtiendolo.;D) Buscar nuevas actividades o viajando.;B) 1 o 2 veces.;5;B) Activo, haciendo deporte y comiendo.
14;Mujer;A) Salir a beber con amigos y fiestas.;B) Hacer ejercicio y meditar.;C) Casi nunca.;5;A) Improvisado, con amigos y musica.
19;Mujer;D) Viajes, conciertos, cursos.;A) Salir a desconectarme, beber y socializar.;B) 1 o 2 veces.;6;A) Improvisado, con amigos y musica.
53;Mujer;B) Gimnasio, comida y salud.;C) Descansar en casa, planeando mi tiempo y gastos.;A) 4 o mas veces.;5;C) Tranquilo, en casa y preparando la semana.
18;Mujer;A) Salir a beber con amigos y fiestas.;A) Salir a desconectarme, beber y socializar.;B) 1 o 2 veces.;2;C) Tranquilo, en casa y preparando la semana.
22;Mujer;C) Ahorrando o invirtiendolo.;C) Descansar en casa, planeando mi tiempo y gastos.;B) 1 o 2 veces.;7;C) Tranquilo, en casa y preparando la semana.
13;Hombre;B) Gimnasio, comida y salud.;A) Salir a desconectarme, beber y socializar.;C) Casi nunca.;5;A) Improvisado, con amigos y musica.
27;Mujer;B) Gimnasio, comida y salud.;B) Hacer ejercicio y meditar.;B) 1 o 2 veces.;9;A) Improvisado, con amigos y musica.
21;Mujer;A) Salir a beber con amigos y fiestas.;A) Salir a desconectarme, beber y socializar.;C) Casi nunca.;2;C) Tranquilo, en casa y preparando la semana.
23;Mujer;B) Gimnasio, comida y salud.;B) Hacer ejercicio y meditar.;B) 1 o 2 veces.;4;C) Tranquilo, en casa y preparando la semana.
13;Mujer;A) Salir a beber con amigos y fiestas.;C) Descansar en casa, planeando mi tiempo y gastos.;B) 1 o 2 veces.;6;D) Visitando un lugar nuevo o una actividad nueva.
22;Mujer;C) Ahorrando o invirtiendolo.;B) Hacer ejercicio y meditar.;B) 1 o 2 veces.;5;C) Tranquilo, en casa y preparando la semana.
27;Mujer;C) Ahorrando o invirtiendolo.;B) Hacer ejercicio y meditar.;B) 1 o 2 veces.;7;C) Tranquilo, en casa y preparando la semana.
31;Mujer;B) Gimnasio, comida y salud.;A) Salir a desconectarme, beber y socializar.;D) Solo cuando hay un evento importante.;9;C) Tranquilo, en casa y preparando la semana.
14;Mujer;B) Gimnasio, comida y salud.;C) Descansar en casa, planeando mi tiempo y gastos.;C) Casi nunca.;5;C) Tranquilo, en casa y preparando la semana.
20;Hombre;C) Ahorrando o invirtiendolo.;D) Buscar nuevas actividades o viajando.;D) Solo cuando hay un evento importante.;6;A) Improvisado, con amigos y musica.
34;Mujer;A) Salir a beber con amigos y fiestas.;D) Buscar nuevas actividades o viajando.;C) Casi nunca.;5;C) Tranquilo, en casa y preparando la semana.
45;Mujer;B) Gimnasio, comida y salud.;C) Descansar en casa, planeando mi tiempo y gastos.;B) 1 o 2 veces.;1;C) Tranquilo, en casa y preparando la semana.
13;Hombre;A) Salir a beber con amigos y fiestas.;A) Salir a desconectarme, beber y socializar.;C) Casi nunca.;1;A) Improvisado, con amigos y musica.
20;Mujer;C) Ahorrando o invirtiendolo.;B) Hacer ejercicio y meditar.;B) 1 o 2 veces.;1;A) Improvisado, con amigos y musica.
17;Mujer;B) Gimnasio, comida y salud.;A) Salir a desconectarme, beber y socializar.;D) Solo cuando hay un evento importante.;7;C) Tranquilo, en casa y preparando la semana.
13;Mujer;C) Ahorrando o invirtiendolo.;D) Buscar nuevas actividades o viajando.;C) Casi nunca.;4;C) Tranquilo, en casa y preparando la semana.
13;Mujer;C) Ahorrando o invirtiendolo.;D) Buscar nuevas actividades o viajando.;B) 1 o 2 veces.;5;C) Tranquilo, en casa y preparando la semana.
20;Mujer;A) Salir a beber con amigos y fiestas.;A) Salir a desconectarme, beber y socializar.;C) Casi nunca.;7;A) Improvisado, con amigos y musica.
15;Hombre;C) Ahorrando o invirtiendolo.;A) Salir a desconectarme, beber y socializar.;D) Solo cuando hay un evento importante.;7;A) Improvisado, con amigos y musica.
27;Mujer;A) Salir a beber con amigos y fiestas.;C) Descansar en casa, planeando mi tiempo y gastos.;C) Casi nunca.;3;C) Tranquilo, en casa y preparando la semana.
31;Mujer;B) Gimnasio, comida y salud.;B) Hacer ejercicio y meditar.;A) 4 o mas veces.;3;C) Tranquilo, en casa y preparando la semana.
21;Hombre;C) Ahorrando o invirtiendolo.;C) Descansar en casa, planeando mi tiempo y gastos.;D) Solo cuando hay un evento importante.;8;C) Tranquilo, en casa y preparando la semana.
22;Mujer;A) Salir a beber con amigos y fiestas.;A) Salir a desconectarme, beber y socializar.;D) Solo cuando hay un evento importante.;7;A) Improvisado, con amigos y musica.
69;Mujer;A) Salir a beber con amigos y fiestas.;D) Buscar nuevas actividades o viajando.;B) 1 o 2 veces.;6;A) Improvisado, con amigos y musica.
13;Mujer;C) Ahorrando o invirtiendolo.;B) Hacer ejercicio y meditar.;C) Casi nunca.;7;B) Activo, haciendo deporte y comiendo.
36;Hombre;B) Gimnasio, comida y salud.;A) Salir a desconectarme, beber y socializar.;B) 1 o 2 veces.;4;A) Improvisado, con amigos y musica.
40;Mujer;B) Gimnasio, comida y salud.;A) Salir a desconectarme, beber y socializar.;C) Casi nunca.;5;C) Tranquilo, en casa y preparando la semana.
32;Mujer;B) Gimnasio, comida y salud.;C) Descansar en casa, planeando mi tiempo y gastos.;D) Solo cuando hay un evento importante.;6;C) Tranquilo, en casa y preparando la semana.
19;Mujer;B) Gimnasio, comida y salud.;C) Descansar en casa, planeando mi tiempo y gastos.;C) Casi nunca.;6;B) Activo, haciendo deporte y comiendo.
30;Mujer;C) Ahorrando o invirtiendolo.;B) Hacer ejercicio y meditar.;C) Casi nunca.;6;C) Tranquilo, en casa y preparando la semana.
28;Mujer;D) Viajes, conciertos, cursos.;B) Hacer ejercicio y meditar.;C) Casi nunca.;5;C) Tranquilo, en casa y preparando la semana.
37;Hombre;B) Gimnasio, comida y salud.;B) Hacer ejercicio y meditar.;B) 1 o 2 veces.;9;C) Tranquilo, en casa y preparando la semana.
23;Hombre;C) Ahorrando o invirtiendolo.;D) Buscar nuevas actividades o viajando.;B) 1 o 2 veces.;5;C) Tranquilo, en casa y preparando la semana.
28;Mujer;C) Ahorrando o invirtiendolo.;B) Hacer ejercicio y meditar.;D) Solo cuando hay un evento importante.;2;A) Improvisado, con amigos y musica.
38;Mujer;A) Salir a beber con amigos y fiestas.;B) Hacer ejercicio y meditar.;A) 4 o mas veces.;7;B) Activo, haciendo deporte y comiendo.
31;Hombre;B) Gimnasio, comida y salud.;D) Buscar nuevas actividades o viajando.;B) 1 o 2 veces.;7;A) Improvisado, con amigos y musica.
27;Mujer;B) Gimnasio, comida y salud.;B) Hacer ejercicio y meditar.;C) Casi nunca.;3;A) Improvisado, con amigos y musica.
25;Hombre;D) Viajes, conciertos, cursos.;A) Salir a desconectarme, beber y socializar.;C) Casi nunca.;4;C) Tranquilo, en casa y preparando la semana.
19;Mujer;B) Gimnasio, comida y salud.;A) Salir a desconectarme, beber y socializar.;D) Solo cuando hay un evento importante.;8;A) Improvisado, con amigos y musica.
13;Hombre;B) Gimnasio, comida y salud.;B) Hacer ejercicio y meditar.;C) Casi nunca.;7;A) Improvisado, con amigos y musica.
14;Hombre;A) Salir a beber con amigos y fiestas.;C) Descansar en casa, planeando mi tiempo y gastos.;C) Casi nunca.;10;C) Tranquilo, en casa y preparando la semana.
13;Mujer;C) Ahorrando o invirtiendolo.;C) Descansar en casa, planeando mi tiempo y gastos.;C) Casi nunca.;3;A) Improvisado, con amigos y musica.
25;Mujer;B) Gimnasio, comida y salud.;D) Buscar nuevas actividades o viajando.;D) Solo cuando hay un evento importante.;5;A) Improvisado, con amigos y musica.
31;Hombre;D) Viajes, conciertos, cursos.;B) Hacer ejercicio y meditar.;D) Solo cuando hay un evento importante.;4;C) Tranquilo, en casa y preparando la semana.
13;Mujer;A) Salir a beber con amigos y fiestas.;B) Hacer ejercicio y meditar.;D) Solo cuando hay un evento importante.;7;B) Activo, haciendo deporte y comiendo.
20;Hombre;D) Viajes, conciertos, cursos.;B) Hacer ejercicio y meditar.;B) 1 o 2 veces.;6;C) Tranquilo, en casa y preparando la semana.
50;Mujer;D) Viajes, conciertos, cursos.;C) Descansar en casa, planeando mi tiempo y gastos.;B) 1 o 2 veces.;6;C) Tranquilo, en casa y preparando la semana.
21;Mujer;A) Salir a beber con amigos y fiestas.;A) Salir a desconectarme, beber y socializar.;B) 1 o 2 veces.;1;A) Improvisado, con amigos y musica.
37;Hombre;B) Gimnasio, comida y salud.;D) Buscar nuevas actividades o viajando.;D) Solo cuando hay un evento importante.;4;C) Tranquilo, en casa y preparando la semana.
25;Mujer;C) Ahorrando o invirtiendolo.;B) Hacer ejercicio y meditar.;D) Solo cuando hay un evento importante.;4;C) Tranquilo, en casa y preparando la semana.
18;Hombre;C) Ahorrando o invirtiendolo.;B) Hacer ejercicio y meditar.;D) Solo cuando hay un evento importante.;2;D) Visitando un lugar nuevo o una actividad nueva.
20;Mujer;C) Ahorrando o invirtiendolo.;A) Salir a desconectarme, beber y socializar.;C) Casi nunca.;2;C) Tranquilo, en casa y preparando la semana.
28;Mujer;B) Gimnasio, comida y salud.;D) Buscar nuevas actividades o viajando.;B) 1 o 2 veces.;1;C) Tranquilo, en casa y preparando la semana.
36;Mujer;B) Gimnasio, comida y salud.;D) Buscar nuevas actividades o viajando.;D) Solo cuando hay un evento importante.;4;C) Tranquilo, en casa y preparando la semana.
32;Mujer;C) Ahorrando o invirtiendolo.;B) Hacer ejercicio y meditar.;B) 1 o 2 veces.;5;A) Improvisado, con amigos y musica.
24;Mujer;A) Salir a beber con amigos y fiestas.;C) Descansar en casa, planeando mi tiempo y gastos.;C) Casi nunca.;5;C) Tranquilo, en casa y preparando la semana.
27;Hombre;C) Ahorrando o invirtiendolo.;D) Buscar nuevas actividades o viajando.;B) 1 o 2 veces.;1;A) Improvisado, con amigos y musica.
21;Mujer;B) Gimnasio, comida y salud.;C) Descansar en casa, planeando mi tiempo y gastos.;C) Casi nunca.;8;C) Tranquilo, en casa y preparando la semana.
33;Mujer;B) Gimnasio, comida y salud.;A) Salir a desconectarme, beber y socializar.;D) Solo cuando hay un evento importante.;6;B) Activo, haciendo deporte y comiendo.
22;Hombre;B) Gimnasio, comida y salud.;C) Descansar en casa, planeando mi tiempo y gastos.;C) Casi nunca.;2;B) Activo, haciendo deporte y comiendo.
37;Hombre;B) Gimnasio, comida y salud.;A) Salir a desconectarme, beber y socializar.;B) 1 o 2 veces.;8;C) Tranquilo, en casa y preparando la semana.
68;Hombre;B) Gimnasio, comida y salud.;B) Hacer ejercicio y meditar.;B) 1 o 2 veces.;4;B) Activo, haciendo deporte y comiendo.
34;Hombre;B) Gimnasio, comida y salud.;C) Descansar en casa, planeando mi tiempo y gastos.;A) 4 o mas veces.;8;C) Tranquilo, en casa y preparando la semana.
13;Mujer;B) Gimnasio, comida y salud.;D) Buscar nuevas actividades o viajando.;D) Solo cuando hay un evento importante.;4;C) Tranquilo, en casa y preparando la semana.
60;Mujer;D) Viajes, conciertos, cursos.;B) Hacer ejercicio y meditar.;C) Casi nunca.;9;B) Activo, haciendo deporte y comiendo.
35;Hombre;B) Gimnasio, comida y salud.;D) Buscar nuevas actividades o viajando.;C) Casi nunca.;7;C) Tranquilo, en casa y preparando la semana.
33;Mujer;B) Gimnasio, comida y salud.;D) Buscar nuevas actividades o viajando.;C) Casi nunca.;5;C) Tranquilo, en casa y preparando la semana.
36;Mujer;D) Viajes, conciertos, cursos.;B) Hacer ejercicio y meditar.;B) 1 o 2 veces.;8;A) Improvisado, con amigos y musica.
13;Mujer;B) Gimnasio, comida y salud.;B) Hacer ejercicio y meditar.;A) 4 o mas veces.;2;C) Tranquilo, en casa y preparando la semana.
15;Hombre;D) Viajes, conciertos, cursos.;C) Descansar en casa, planeando mi tiempo y gastos.;B) 1 o 2 veces.;4;A) Improvisado, con amigos y musica.
26;Mujer;D) Viajes, conciertos, cursos.;B) Hacer ejercicio y meditar.;D) Solo cuando hay un evento importante.;10;C) Tranquilo, en casa y preparando la semana.
15;Mujer;C) Ahorrando o invirtiendolo.;A) Salir a desconectarme, beber y socializar.;C) Casi nunca.;3;C) Tranquilo, en casa y preparando la semana.
32;Mujer;A) Salir a beber con amigos y fiestas.;C) Descansar en casa, planeando mi tiempo y gastos.;B) 1 o 2 veces.;7;C) Tranquilo, en casa y preparando la semana.
26;Mujer;B) Gimnasio, comida y salud.;B) Hacer ejercicio y meditar.;D) Solo cuando hay un evento importante.;5;C) Tranquilo, en casa y preparando la semana.
40;Mujer;A) Salir a beber con amigos y fiestas.;C) Descansar en casa, planeando mi tiempo y gastos.;D) Solo cuando hay un evento importante.;2;A) Improvisado, con amigos y musica.
15;Mujer;C) Ahorrando o invirtiendolo.;C) Descansar en casa, planeando mi tiempo y gastos.;C) Casi nunca.;6;C) Tranquilo, en casa y preparando la semana.
28;Hombre;B) Gimnasio, comida y salud.;A) Salir a desconectarme, beber y socializar.;C) Casi nunca.;5;C) Tranquilo, en casa y preparando la semana.
22;Hombre;B) Gimnasio, comida y salud.;C) Descansar en casa, planeando mi tiempo y gastos.;D) Solo cuando hay un evento importante.;1;C) Tranquilo, en casa y preparando la semana.
26;Mujer;B) Gimnasio, comida y salud.;C) Descansar en casa, planeando mi tiempo y gastos.;C) Casi nunca.;4;A) Improvisado, con amigos y musica.
60;Hombre;A) Salir a beber con amigos y fiestas.;D) Buscar nuevas actividades o viajando.;C) Casi nunca.;5;A) Improvisado, con amigos y musica.
25;Mujer;A) Salir a beber con amigos y fiestas.;B) Hacer ejercicio y meditar.;C) Casi nunca.;3;A) Improvisado, con amigos y musica.
43;Mujer;B) Gimnasio, comida y salud.;C) Descansar en casa, planeando mi tiempo y gastos.;C) Casi nunca.;1;C) Tranquilo, en casa y preparando la semana.
24;Hombre;A) Salir a beber con amigos y fiestas.;C) Descansar en casa, planeando mi tiempo y gastos.;D) Solo cuando hay un evento importante.;6;A) Improvisado, con amigos y musica.
24;Hombre;B) Gimnasio, comida y salud.;A) Salir a desconectarme, beber y socializar.;C) Casi nunca.;4;B) Activo, haciendo deporte y comiendo.
28;Mujer;B) Gimnasio, comida y salud.;C) Descansar en casa, planeando mi tiempo y gastos.;C) Casi nunca.;1;C) Tranquilo, en casa y preparando la semana.
25;Mujer;C) Ahorrando o invirtiendolo.;B) Hacer ejercicio y meditar.;B) 1 o 2 veces.;3;C) Tranquilo, en casa y preparando la semana.
19;Hombre;D) Viajes, conciertos, cursos.;C) Descansar en casa, planeando mi tiempo y gastos.;B) 1 o 2 veces.;6;C) Tranquilo, en casa y preparando la semana.
59;Mujer;D) Viajes, conciertos, cursos.;B) Hacer ejercicio y meditar.;B) 1 o 2 veces.;10;C) Tranquilo, en casa y preparando la semana.
56;Mujer;C) Ahorrando o invirtiendolo.;C) Descansar en casa, planeando mi tiempo y gastos.;A) 4 o mas veces.;7;D) Visitando un lugar nuevo o una actividad nueva.
34;Mujer;B) Gimnasio, comida y salud.;C) Descansar en casa, planeando mi tiempo y gastos.;A) 4 o mas veces.;4;C) Tranquilo, en casa y preparando la semana.
13;Mujer;B) Gimnasio, comida y salud.;B) Hacer ejercicio y meditar.;A) 4 o mas veces.;3;C) Tranquilo, en casa y preparando la semana.
47;Hombre;C) Ahorrando o invirtiendolo.;C) Descansar en casa, planeando mi tiempo y gastos.;C) Casi nunca.;9;C) Tranquilo, en casa y preparando la semana.
22;Mujer;B) Gimnasio, comida y salud.;A) Salir a desconectarme, beber y socializar.;C) Casi nunca.;8;B) Activo, haciendo deporte y comiendo.
16;Hombre;A) Salir a beber con amigos y fiestas.;B) Hacer ejercicio y meditar.;B) 1 o 2 veces.;3;C) Tranquilo, en casa y preparando la semana.
20;Mujer;D) Viajes, conciertos, cursos.;C) Descansar en casa, planeando mi tiempo y gastos.;A) 4 o mas veces.;6;C) Tranquilo, en casa y preparando la semana.
21;Mujer;D) Viajes, conciertos, cursos.;A) Salir a desconectarme, beber y socializar.;C) Casi nunca.;1;C) Tranquilo, en casa y preparando la semana.
24;Mujer;B) Gimnasio, comida y salud.;C) Descansar en casa, planeando mi tiempo y gastos.;C) Casi nunca.;3;C) Tranquilo, en casa y preparando la semana.
37;Mujer;B) Gimnasio, comida y salud.;B) Hacer ejercicio y meditar.;B) 1 o 2 veces.;4;A) Improvisado, con amigos y musica.
29;Mujer;D) Viajes, conciertos, cursos.;C) Descansar en casa, planeando mi tiempo y gastos.;D) Solo cuando hay un evento importante.;7;C) Tranquilo, en casa y preparando la semana.
25;Mujer;A) Salir a beber con amigos y fiestas.;B) Hacer ejercicio y meditar.;C) Casi nunca.;7;C) Tranquilo, en casa y preparando la semana.
26;Mujer;C) Ahorrando o invirtiendolo.;C) Descansar en casa, planeando mi tiempo y gastos.;C) Casi nunca.;8;A) Improvisado, con amigos y musica.
32;Mujer;D) Viajes, conciertos, cursos.;C) Descansar en casa, planeando mi tiempo y gastos.;B) 1 o 2 veces.;6;C) Tranquilo, en casa y preparando la semana.
25;Mujer;D) Viajes, conciertos, cursos.;D) Buscar nuevas actividades o viajando.;C) Casi nunca.;5;A) Improvisado, con amigos y musica.
27;Mujer;A) Salir a beber con amigos y fiestas.;B) Hacer ejercicio y meditar.;B) 1 o 2 veces.;4;B) Activo, haciendo deporte y comiendo.
13;Mujer;B) Gimnasio, comida y salud.;C) Descansar en casa, planeando mi tiempo y gastos.;D) Solo cuando hay un evento importante.;3;C) Tranquilo, en casa y preparando la semana.
25;Hombre;B) Gimnasio, comida y salud.;C) Descansar en casa, planeando mi tiempo y gastos.;C) Casi nunca.;4;C) Tranquilo, en casa y preparando la semana.
42;Mujer;B) Gimnasio, comida y salud.;C) Descansar en casa, planeando mi tiempo y gastos.;C) Casi nunca.;1;C) Tranquilo, en casa y preparando la semana.
32;Hombre;C) Ahorrando o invirtiendolo.;C) Descansar en casa, planeando mi tiempo y gastos.;C) Casi nunca.;7;C) Tranquilo, en casa y preparando la semana.
13;Mujer;C) Ahorrando o invirtiendolo.;A) Salir a desconectarme, beber y socializar.;D) Solo cuando hay un evento importante.;7;C) Tranquilo, en casa y preparando la semana.
26;Mujer;B) Gimnasio, comida y salud.;B) Hacer ejercicio y meditar.;C) Casi nunca.;6;B) Activo, haciendo deporte y comiendo.
13;Mujer;A) Salir a beber con amigos y fiestas.;B) Hacer ejercicio y meditar.;C) Casi nunca.;4;A) Improvisado, con amigos y musica.
34;Mujer;C) Ahorrando o invirtiendolo.;B) Hacer ejercicio y meditar.;D) Solo cuando hay un evento importante.;4;C) Tranquilo, en casa y preparando la semana.
21;Mujer;D) Viajes, conciertos, cursos.;D) Buscar nuevas actividades o viajando.;B) 1 o 2 veces.;5;A) Improvisado, con amigos y musica.
16;Mujer;B) Gimnasio, comida y salud.;A) Salir a desconectarme, beber y socializar.;D) Solo cuando hay un evento importante.;9;C) Tranquilo, en casa y preparando la semana.
16;Mujer;B) Gimnasio, comida y salud.;D) Buscar nuevas actividades o viajando.;A) 4 o mas veces.;9;A) Improvisado, con amigos y musica.
41;Mujer;B) Gimnasio, comida y salud.;B) Hacer ejercicio y meditar.;C) Casi nunca.;4;A) Improvisado, con amigos y musica.
36;Mujer;D) Viajes, conciertos, cursos.;B) Hacer ejercicio y meditar.;C) Casi nunca.;10;A) Improvisado, con amigos y musica.
30;Mujer;A) Salir a beber con amigos y fiestas.;D) Buscar nuevas actividades o viajando.;B) 1 o 2 veces.;5;C) Tranquilo, en casa y preparando la semana.
13;Mujer;A) Salir a beber con amigos y fiestas.;D) Buscar nuevas actividades o viajando.;B) 1 o 2 veces.;7;C) Tranquilo, en casa y preparando la semana.
39;Hombre;A) Salir a beber con amigos y fiestas.;A) Salir a desconectarme, beber y socializar.;A) 4 o mas veces.;3;C) Tranquilo, en casa y preparando la semana.
24;Mujer;B) Gimnasio, comida y salud.;A) Salir a desconectarme, beber y socializar.;C) Casi nunca.;3;C) Tranquilo, en casa y preparando la semana.
22;Mujer;C) Ahorrando o invirtiendolo.;B) Hacer ejercicio y meditar.;C) Casi nunca.;8;B) Activo, haciendo deporte y comiendo.
18;Hombre;C) Ahorrando o invirtiendolo.;C) Descansar en casa, planeando mi tiempo y gastos.;B) 1 o 2 veces.;4;C) Tranquilo, en casa y preparando la semana.
24;Mujer;A) Salir a beber con amigos y fiestas.;D) Buscar nuevas actividades o viajando.;C) Casi nunca.;1;A) Improvisado, con amigos y musica.
30;Mujer;B) Gimnasio, comida y salud.;A) Salir a desconectarme, beber y socializar.;C) Casi nunca.;4;C) Tranquilo, en casa y preparando la semana.
25;Mujer;B) Gimnasio, comida y salud.;A) Salir a desconectarme, beber y socializar.;B) 1 o 2 veces.;4;B) Activo, haciendo deporte y comiendo.
13;Mujer;A) Salir a beber con amigos y fiestas.;C) Descansar en casa, planeando mi tiempo y gastos.;B) 1 o 2 veces.;10;C) Tranquilo, en casa y preparando la semana.
39;Hombre;B) Gimnasio, comida y salud.;A) Salir a desconectarme, beber y socializar.;B) 1 o 2 veces.;3;C) Tranquilo, en casa y preparando la semana.
30;Mujer;B) Gimnasio, comida y salud.;D) Buscar nuevas actividades o viajando.;C) Casi nunca.;8;C) Tranquilo, en casa y preparando la semana.
13;Mujer;B) Gimnasio, comida y salud.;C) Descansar en casa, planeando mi tiempo y gastos.;B) 1 o 2 veces.;5;A) Improvisado, con amigos y musica.
19;Mujer;B) Gimnasio, comida y salud.;D) Buscar nuevas actividades o viajando.;B) 1 o 2 veces.;3;C) Tranquilo, en casa y preparando la semana.
43;Mujer;C) Ahorrando o invirtiendolo.;B) Hacer ejercicio y meditar.;B) 1 o 2 veces.;4;C) Tranquilo, en casa y preparando la semana.
31;Hombre;A) Salir a beber con amigos y fiestas.;A) Salir a desconectarme, beber y socializar.;C) Casi nunca.;7;A) Improvisado, con amigos y musica.
13;Hombre;B) Gimnasio, comida y salud.;C) Descansar en casa, planeando mi tiempo y gastos.;C) Casi nunca.;10;C) Tranquilo, en casa y preparando la semana.
17;Hombre;B) Gimnasio, comida y salud.;C) Descansar en casa, planeando mi tiempo y gastos.;C) Casi nunca.;8;C) Tranquilo, en casa y preparando la semana.
16;Mujer;C) Ahorrando o invirtiendolo.;B) Hacer ejercicio y meditar.;B) 1 o 2 veces.;9;C) Tranquilo, en casa y preparando la semana.
17;Mujer;B) Gimnasio, comida y salud.;A) Salir a desconectarme, beber y socializar.;C) Casi nunca.;8;C) Tranquilo, en casa y preparando la semana.
29;Mujer;B) Gimnasio, comida y salud.;C) Descansar en casa, planeando mi tiempo y gastos.;C) Casi nunca.;4;C) Tranquilo, en casa y preparando la semana.
30;Mujer;C) Ahorrando o invirtiendolo.;A) Salir a desconectarme, beber y socializar.;D) Solo cuando hay un evento importante.;8;C) Tranquilo, en casa y preparando la semana.
25;Hombre;A) Salir a beber con amigos y fiestas.;A) Salir a desconectarme, beber y socializar.;A) 4 o mas veces.;7;D) Visitando un lugar nuevo o una actividad nueva.
24;Hombre;B) Gimnasio, comida y salud.;A) Salir a desconectarme, beber y socializar.;C) Casi nunca.;2;C) Tranquilo, en casa y preparando la semana.
13;Hombre;C) Ahorrando o invirtiendolo.;B) Hacer ejercicio y meditar.;B) 1 o 2 veces.;8;C) Tranquilo, en casa y preparando la semana.
20;Hombre;A) Salir a beber con amigos y fiestas.;B) Hacer ejercicio y meditar.;D) Solo cuando hay un evento importante.;4;B) Activo, haciendo deporte y comiendo.
29;Hombre;A) Salir a beber con amigos y fiestas.;B) Hacer ejercicio y meditar.;A) 4 o mas veces.;5;C) Tranquilo, en casa y preparando la semana.
13;Mujer;D) Viajes, conciertos, cursos.;C) Descansar en casa, planeando mi tiempo y gastos.;C) Casi nunca.;1;C) Tranquilo, en casa y preparando la semana.
38;Hombre;B) Gimnasio, comida y salud.;D) Buscar nuevas actividades o viajando.;B) 1 o 2 veces.;5;A) Improvisado, con amigos y musica.
13;Mujer;A) Salir a beber con amigos y fiestas.;B) Hacer ejercicio y meditar.;B) 1 o 2 veces.;8;B) Activo, haciendo deporte y comiendo.
34;Mujer;B) Gimnasio, comida y salud.;C) Descansar en casa, planeando mi tiempo y gastos.;B) 1 o 2 veces.;3;A) Improvisado, con amigos y musica.
42;Mujer;B) Gimnasio, comida y salud.;C) Descansar en casa, planeando mi tiempo y gastos.;A) 4 o mas veces.;4;C) Tranquilo, en casa y preparando la semana.
35;Mujer;C) Ahorrando o invirtiendolo.;B) Hacer ejercicio y meditar.;C) Casi nunca.;6;D) Visitando un lugar nuevo o una actividad nueva.
23;Mujer;B) Gimnasio, comida y salud.;C) Descansar en casa, planeando mi tiempo y gastos.;A) 4 o mas veces.;2;C) Tranquilo, en casa y preparando la semana.
13;Hombre;B) Gimnasio, comida y salud.;B) Hacer ejercicio y meditar.;D) Solo cuando hay un evento importante.;10;A) Improvisado, con amigos y musica.
28;Hombre;D) Viajes, conciertos, cursos.;C) Descansar en casa, planeando mi tiempo y gastos.;A) 4 o mas veces.;5;A) Improvisado, con amigos y musica.
48;Mujer;C) Ahorrando o invirtiendolo.;A) Salir a desconectarme, beber y socializar.;D) Solo cuando hay un evento importante.;2;D) Visitando un lugar nuevo o una actividad nueva.
43;Hombre;D) Viajes, conciertos, cursos.;B) Hacer ejercicio y meditar.;D) Solo cuando hay un evento importante.;4;D) Visitando un lugar nuevo o una actividad nueva.
25;Mujer;D) Viajes, conciertos, cursos.;B) Hacer ejercicio y meditar.;C) Casi nunca.;1;C) Tranquilo, en casa y preparando la semana.
22;Mujer;C) Ahorrando o invirtiendolo.;C) Descansar en casa, planeando mi tiempo y gastos.;C) Casi nunca.;4;C) Tranquilo, en casa y preparando la semana.
48;Mujer;B) Gimnasio, comida y salud.;B) Hacer ejercicio y meditar.;C) Casi nunca.;8;D) Visitando un lugar nuevo o una actividad nueva.
13;Hombre;A) Salir a beber con amigos y fiestas.;B) Hacer ejercicio y meditar.;C) Casi nunca.;6;A) Improvisado, con amigos y musica.
31;Hombre;D) Viajes, conciertos, cursos.;A) Salir a desconectarme, beber y socializar.;A) 4 o mas veces.;6;C) Tranquilo, en casa y preparando la semana.
22;Mujer;A) Salir a beber con amigos y fiestas.;B) Hacer ejercicio y meditar.;C) Casi nunca.;6;A) Improvisado, con amigos y musica.
25;Mujer;C) Ahorrando o invirtiendolo.;B) Hacer ejercicio y meditar.;C) Casi nunca.;4;C) Tranquilo, en casa y preparando la semana.
23;Hombre;B) Gimnasio, comida y salud.;B) Hacer ejercicio y meditar.;C) Casi nunca.;7;A) Improvisado, con amigos y musica.
19;Mujer;C) Ahorrando o invirtiendolo.;B) Hacer ejercicio y meditar.;A) 4 o mas veces.;4;C) Tranquilo, en casa y preparando la semana.
29;Mujer;B) Gimnasio, comida y salud.;B) Hacer ejercicio y meditar.;D) Solo cuando hay un evento importante.;6;C) Tranquilo, en casa y preparando la semana.
18;Hombre;D) Viajes, conciertos, cursos.;B) Hacer ejercicio y meditar.;C) Casi nunca.;5;C) Tranquilo, en casa y preparando la semana.
28;Mujer;B) Gimnasio, comida y salud.;C) Descansar en casa, planeando mi tiempo y gastos.;B) 1 o 2 veces.;7;D) Visitando un lugar nuevo o una actividad nueva.
16;Hombre;A) Salir a beber con amigos y fiestas.;B) Hacer ejercicio y meditar.;D) Solo cuando hay un evento importante.;8;A) Improvisado, con amigos y musica.
13;Mujer;B) Gimnasio, comida y salud.;C) Descansar en casa, planeando mi tiempo y gastos.;C) Casi nunca.;4;A) Improvisado, con amigos y musica.
15;Hombre;C) Ahorrando o invirtiendolo.;A) Salir a desconectarme, beber y socializar.;B) 1 o 2 veces.;1;A) Improvisado, con amigos y musica.
16;Hombre;B) Gimnasio, comida y salud.;A) Salir a desconectarme, beber y socializar.;C) Casi nunca.;10;C) Tranquilo, en casa y preparando la semana.
28;Hombre;B) Gimnasio, comida y salud.;A) Salir a desconectarme, beber y socializar.;C) Casi nunca.;4;C) Tranquilo, en casa y preparando la semana.
31;Hombre;B) Gimnasio, comida y salud.;B) Hacer ejercicio y meditar.;D) Solo cuando hay un evento importante.;7;C) Tranquilo, en casa y preparando la semana.
29;Mujer;D) Viajes, conciertos, cursos.;A) Salir a desconectarme, beber y socializar.;A) 4 o mas veces.;3;C) Tranquilo, en casa y preparando la semana.
14;Hombre;D) Viajes, conciertos, cursos.;B) Hacer ejercicio y meditar.;D) Solo cuando hay un evento importante.;4;A) Improvisado, con amigos y musica.
40;Mujer;D) Viajes, conciertos, cursos.;C) Descansar en casa, planeando mi tiempo y gastos.;C) Casi nunca.;8;C) Tranquilo, en casa y preparando la semana.
22;Hombre;A) Salir a beber con amigos y fiestas.;B) Hacer ejercicio y meditar.;D) Solo cuando hay un evento importante.;6;C) Tranquilo, en casa y preparando la semana.
32;Hombre;D) Viajes, conciertos, cursos.;A) Salir a desconectarme, beber y socializar.;C) Casi nunca.;2;B) Activo, haciendo deporte y comiendo.
31;Mujer;D) Viajes, conciertos, cursos.;C) Descansar en casa, planeando mi tiempo y gastos.;D) Solo cuando hay un evento importante.;7;C) Tranquilo, en casa y preparando la semana.
18;Mujer;C) Ahorrando o invirtiendolo.;B) Hacer ejercicio y meditar.;C) Casi nunca.;5;D) Visitando un lugar nuevo o una actividad nueva.
22;Hombre;D) Viajes, conciertos, cursos.;D) Buscar nuevas actividades o viajando.;C) Casi nunca.;4;C) Tranquilo, en casa y preparando la semana.
29;Mujer;C) Ahorrando o invirtiendolo.;B) Hacer ejercicio y meditar.;C) Casi nunca.;2;A) Improvisado, con amigos y musica.
20;Mujer;B) Gimnasio, comida y salud.;C) Descansar en casa, planeando mi tiempo y gastos.;D) Solo cuando hay un evento importante.;6;A) Improvisado, con amigos y musica.
37;Hombre;B) Gimnasio, comida y salud.;B) Hacer ejercicio y meditar.;D) Solo cuando hay un evento importante.;1;C) Tranquilo, en casa y preparando la semana.
29;Hombre;C) Ahorrando o invirtiendolo.;B) Hacer ejercicio y meditar.;C) Casi nunca.;5;C) Tranquilo, en casa y preparando la semana.
15;Hombre;A) Salir a beber con amigos y fiestas.;B) Hacer ejercicio y meditar.;C) Casi nunca.;6;C) Tranquilo, en casa y preparando la semana.
33;Hombre;C) Ahorrando o invirtiendolo.;B) Hacer ejercicio y meditar.;D) Solo cuando hay un evento importante.;9;C) Tranquilo, en casa y preparando la semana.
44;Mujer;B) Gimnasio, comida y salud.;C) Descansar en casa, planeando mi tiempo y gastos.;C) Casi nunca.;3;D) Visitando un lugar nuevo o una actividad nueva.
30;Mujer;A) Salir a beber con amigos y fiestas.;D) Buscar nuevas actividades o viajando.;D) Solo cuando hay un evento importante.;8;C) Tranquilo, en casa y preparando la semana.
25;Hombre;B) Gimnasio, comida y salud.;D) Buscar nuevas actividades o viajando.;C) Casi nunca.;6;C) Tranquilo, en casa y preparando la semana.
27;Mujer;C) Ahorrando o invirtiendolo.;A) Salir a desconectarme, beber y socializar.;C) Casi nunca.;8;C) Tranquilo, en casa y preparando la semana.
33;Hombre;A) Salir a beber con amigos y fiestas.;B) Hacer ejercicio y meditar.;C) Casi nunca.;2;A) Improvisado, con amigos y musica.
22;Hombre;A) Salir a beber con amigos y fiestas.;C) Descansar en casa, planeando mi tiempo y gastos.;C) Casi nunca.;2;A) Improvisado, con amigos y musica.
45;Mujer;B) Gimnasio, comida y salud.;D) Buscar nuevas actividades o viajando.;A) 4 o mas veces.;10;B) Activo, haciendo deporte y comiendo.
24;Mujer;C) Ahorrando o invirtiendolo.;D) Buscar nuevas actividades o viajando.;B) 1 o 2 veces.;7;D) Visitando un lugar nuevo o una actividad nueva.
20;Mujer;D) Viajes, conciertos, cursos.;D) Buscar nuevas actividades o viajando.;C) Casi nunca.;5;B) Activo, haciendo deporte y comiendo.
25;Mujer;A) Salir a beber con amigos y fiestas.;A) Salir a desconectarme, beber y socializar.;C) Casi nunca.;1;A) Improvisado, con amigos y musica.
42;Hombre;C) Ahorrando o invirtiendolo.;B) Hacer ejercicio y meditar.;C) Casi nunca.;8;A) Improvisado, con amigos y musica.
32;Hombre;B) Gimnasio, comida y salud.;C) Descansar en casa, planeando mi tiempo y gastos.;B) 1 o 2 veces.;4;C) Tranquilo, en casa y preparando la semana.
18;Mujer;B) Gimnasio, comida y salud.;C) Descansar en casa, planeando mi tiempo y gastos.;C) Casi nunca.;9;D) Visitando un lugar nuevo o una actividad nueva.
13;Mujer;B) Gimnasio, comida y salud.;B) Hacer ejercicio y meditar.;B) 1 o 2 veces.;5;A) Improvisado, con amigos y musica.
13;Mujer;B) Gimnasio, comida y salud.;B) Hacer ejercicio y meditar.;C) Casi nunca.;5;A) Improvisado, con amigos y musica.
22;Hombre;C) Ahorrando o invirtiendolo.;D) Buscar nuevas actividades o viajando.;B) 1 o 2 veces.;1;B) Activo, haciendo deporte y comiendo.
27;Mujer;C) Ahorrando o invirtiendolo.;B) Hacer ejercicio y meditar.;D) Solo cuando hay un evento importante.;6;C) Tranquilo, en casa y preparando la semana.
20;Mujer;B) Gimnasio, comida y salud.;C) Descansar en casa, planeando mi tiempo y gastos.;D) Solo cuando hay un evento importante.;10;C) Tranquilo, en casa y preparando la semana.
38;Mujer;B) Gimnasio, comida y salud.;C) Descansar en casa, planeando mi tiempo y gastos.;B) 1 o 2 veces.;6;C) Tranquilo, en casa y preparando la semana.
30;Mujer;A) Salir a beber con amigos y fiestas.;C) Descansar en casa, planeando mi tiempo y gastos.;C) Casi nunca.;7;C) Tranquilo, en casa y preparando la semana.
13;Hombre;C) Ahorrando o invirtiendolo.;B) Hacer ejercicio y meditar.;C) Casi nunca.;1;B) Activo, haciendo deporte y comiendo.
30;Mujer;A) Salir a beber con amigos y fiestas.;C) Descansar en casa, planeando mi tiempo y gastos.;B) 1 o 2 veces.;8;C) Tranquilo, en casa y preparando la semana.
21;Mujer;C) Ahorrando o invirtiendolo.;C) Descansar en casa, planeando mi tiempo y gastos.;C) Casi nunca.;2;C) Tranquilo, en casa y preparando la semana.
19;Mujer;C) Ahorrando o invirtiendolo.;C) Descansar en casa, planeando mi tiempo y gastos.;C) Casi nunca.;3;B) Activo, haciendo deporte y comiendo.
25;Mujer;D) Viajes, conciertos, cursos.;A) Salir a desconectarme, beber y socializar.;C) Casi nunca.;4;C) Tranquilo, en casa y preparando la semana.
33;Mujer;B) Gimnasio, comida y salud.;B) Hacer ejercicio y meditar.;A) 4 o mas veces.;5;C) Tranquilo, en casa y preparando la semana.
13;Hombre;B) Gimnasio, comida y salud.;B) Hacer ejercicio y meditar.;B) 1 o 2 veces.;5;C) Tranquilo, en casa y preparando la semana.
20;Mujer;C) Ahorrando o invirtiendolo.;D) Buscar nuevas actividades o viajando.;B) 1 o 2 veces.;5;C) Tranquilo, en casa y preparando la semana.
37;Mujer;A) Salir a beber con amigos y fiestas.;C) Descansar en casa, planeando mi tiempo y gastos.;D) Solo cuando hay un evento importante.;9;A) Improvisado, con amigos y musica.
21;Hombre;A) Salir a beber con amigos y fiestas.;C) Descansar en casa, planeando mi tiempo y gastos.;D) Solo cuando hay un evento importante.;8;C) Tranquilo, en casa y preparando la semana.
30;Mujer;B) Gimnasio, comida y salud.;C) Descansar en casa, planeando mi tiempo y gastos.;B) 1 o 2 veces.;1;C) Tranquilo, en casa y preparando la semana.
39;Hombre;B) Gimnasio, comida y salud.;C) Descansar en casa, planeando mi tiempo y gastos.;D) Solo cuando hay un evento importante.;7;A) Improvisado, con amigos y musica.
25;Hombre;C) Ahorrando o invirtiendolo.;B) Hacer ejercicio y meditar.;B) 1 o 2 veces.;6;C) Tranquilo, en casa y preparando la semana.
29;Hombre;C) Ahorrando o invirtiendolo.;D) Buscar nuevas actividades o viajando.;D) Solo cuando hay un evento importante.;2;C) Tranquilo, en casa y preparando la semana.
19;Mujer;D) Viajes, conciertos, cursos.;C) Descansar en casa, planeando mi tiempo y gastos.;C) Casi nunca.;2;B) Activo, haciendo deporte y comiendo.
25;Mujer;D) Viajes, conciertos, cursos.;B) Hacer ejercicio y meditar.;C) Casi nunca.;4;C) Tranquilo, en casa y preparando la semana.
13;Mujer;C) Ahorrando o invirtiendolo.;A) Salir a desconectarme, beber y socializar.;B) 1 o 2 veces.;7;B) Activo, haciendo deporte y comiendo.
22;Hombre;C) Ahorrando o invirtiendolo.;D) Buscar nuevas actividades o viajando.;C) Casi nunca.;4;D) Visitando un lugar nuevo o una actividad nueva.
23;Hombre;B) Gimnasio, comida y salud.;D) Buscar nuevas actividades o viajando.;C) Casi nunca.;3;C) Tranquilo, en casa y preparando la semana.
14;Hombre;A) Salir a beber con amigos y fiestas.;C) Descansar en casa, planeando mi tiempo y gastos.;C) Casi nunca.;4;B) Activo, haciendo deporte y comiendo.
22;Hombre;D) Viajes, conciertos, cursos.;C) Descansar en casa, planeando mi tiempo y gastos.;D) Solo cuando hay un evento importante.;1;C) Tranquilo, en casa y preparando la semana.
24;Mujer;A) Salir a beber con amigos y fiestas.;B) Hacer ejercicio y meditar.;D) Solo cuando hay un evento importante.;7;C) Tranquilo, en casa y preparando la semana.
32;Mujer;B) Gimnasio, comida y salud.;C) Descansar en casa, planeando mi tiempo y gastos.;A) 4 o mas veces.;1;C) Tranquilo, en casa y preparando la semana.
20;Mujer;B) Gimnasio, comida y salud.;D) Buscar nuevas actividades o viajando.;B) 1 o 2 veces.;4;A) Improvisado, con amigos y musica.
14;Hombre;C) Ahorrando o invirtiendolo.;A) Salir a desconectarme, beber y socializar.;C) Casi nunca.;6;C) Tranquilo, en casa y preparando la semana.
47;Mujer;C) Ahorrando o invirtiendolo.;D) Buscar nuevas actividades o viajando.;D) Solo cuando hay un evento importante.;4;C) Tranquilo, en casa y preparando la semana.
13;Hombre;C) Ahorrando o invirtiendolo.;B) Hacer ejercicio y meditar.;D) Solo cuando hay un evento importante.;9;C) Tranquilo, en casa y preparando la semana.
49;Hombre;A) Salir a beber con amigos y fiestas.;C) Descansar en casa, planeando mi tiempo y gastos.;C) Casi nunca.;2;C) Tranquilo, en casa y preparando la semana.
28;Mujer;B) Gimnasio, comida y salud.;C) Descansar en casa, planeando mi tiempo y gastos.;B) 1 o 2 veces.;10;D) Visitando un lugar nuevo o una actividad nueva.
20;Mujer;C) Ahorrando o invirtiendolo.;D) Buscar nuevas actividades o viajando.;B) 1 o 2 veces.;6;C) Tranquilo, en casa y preparando la semana.
31;Hombre;B) Gimnasio, comida y salud.;A) Salir a desconectarme, beber y socializar.;D) Solo cuando hay un evento importante.;4;B) Activo, haciendo deporte y comiendo.
24;Hombre;C) Ahorrando o invirtiendolo.;B) Hacer ejercicio y meditar.;C) Casi nunca.;2;B) Activo, haciendo deporte y comiendo.
18;Hombre;C) Ahorrando o invirtiendolo.;A) Salir a desconectarme, beber y socializar.;C) Casi nunca.;1;A) Improvisado, con amigos y musica.
25;Hombre;C) Ahorrando o invirtiendolo.;B) Hacer ejercicio y meditar.;D) Solo cuando hay un evento importante.;2;B) Activo, haciendo deporte y comiendo.
24;Mujer;B) Gimnasio, comida y salud.;A) Salir a desconectarme, beber y socializar.;B) 1 o 2 veces.;1;A) Improvisado, con amigos y musica.
28;Mujer;D) Viajes, conciertos, cursos.;C) Descansar en casa, planeando mi tiempo y gastos.;A) 4 o mas veces.;6;C) Tranquilo, en casa y preparando la semana.
19;Hombre;B) Gimnasio, comida y salud.;B) Hacer ejercicio y meditar.;A) 4 o mas veces.;8;A) Improvisado, con amigos y musica.
39;Hombre;B) Gimnasio, comida y salud.;C) Descansar en casa, planeando mi tiempo y gastos.;C) Casi nunca.;5;C) Tranquilo, en casa y preparando la semana.
33;Mujer;B) Gimnasio, comida y salud.;B) Hacer ejercicio y meditar.;B) 1 o 2 veces.;5;A) Improvisado, con amigos y musica.
24;Mujer;C) Ahorrando o invirtiendolo.;C) Descansar en casa, planeando mi tiempo y gastos.;D) Solo cuando hay un evento importante.;3;B) Activo, haciendo deporte y comiendo.
68;Mujer;B) Gimnasio, comida y salud.;A) Salir a desconectarme, beber y socializar.;C) Casi nunca.;7;D) Visitando un lugar nuevo o una actividad nueva.
16;Hombre;C) Ahorrando o invirtiendolo.;C) Descansar en casa, planeando mi tiempo y gastos.;B) 1 o 2 veces.;8;C) Tranquilo, en casa y preparando la semana.
13;Mujer;B) Gimnasio, comida y salud.;D) Buscar nuevas actividades o viajando.;D) Solo cuando hay un evento importante.;3;C) Tranquilo, en casa y preparando la semana.
13;Hombre;C) Ahorrando o invirtiendolo.;C) Descansar en casa, planeando mi tiempo y gastos.;C) Casi nunca.;6;D) Visitando un lugar nuevo o una actividad nueva.
15;Mujer;B) Gimnasio, comida y salud.;C) Descansar en casa, planeando mi tiempo y gastos.;D) Solo cuando hay un evento importante.;7;B) Activo, haciendo deporte y comiendo.
42;Mujer;C) Ahorrando o invirtiendolo.;C) Descansar en casa, planeando mi tiempo y gastos.;B) 1 o 2 veces.;8;B) Activo, haciendo deporte y comiendo.
30;Hombre;A) Salir a beber con amigos y fiestas.;B) Hacer ejercicio y meditar.;C) Casi nunca.;5;A) Improvisado, con amigos y musica.
13;Mujer;A) Salir a beber con amigos y fiestas.;C) Descansar en casa, planeando mi tiempo y gastos.;C) Casi nunca.;4;C) Tranquilo, en casa y preparando la semana.
34;Hombre;D) Viajes, conciertos, cursos.;B) Hacer ejercicio y meditar.;B) 1 o 2 veces.;6;C) Tranquilo, en casa y preparando la semana.
20;Hombre;C) Ahorrando o invirtiendolo.;C) Descansar en casa, planeando mi tiempo y gastos.;C) Casi nunca.;6;C) Tranquilo, en casa y preparando la semana.
41;Hombre;C) Ahorrando o invirtiendolo.;D) Buscar nuevas actividades o viajando.;D) Solo cuando hay un evento importante.;7;A) Improvisado, con amigos y musica.
13;Mujer;B) Gimnasio, comida y salud.;C) Descansar en casa, planeando mi tiempo y gastos.;B) 1 o 2 veces.;1;C) Tranquilo, en casa y preparando la semana.
23;Hombre;C) Ahorrando o invirtiendolo.;C) Descansar en casa, planeando mi tiempo y gastos.;B) 1 o 2 veces.;3;C) Tranquilo, en casa y preparando la semana.
44;Mujer;B) Gimnasio, comida y salud.;C) Descansar en casa, planeando mi tiempo y gastos.;C) Casi nunca.;4;A) Improvisado, con amigos y musica.
55;Mujer;D) Viajes, conciertos, cursos.;D) Buscar nuevas actividades o viajando.;B) 1 o 2 veces.;1;A) Improvisado, con amigos y musica.
37;Mujer;B) Gimnasio, comida y salud.;C) Descansar en casa, planeando mi tiempo y gastos.;D) Solo cuando hay un evento importante.;9;C) Tranquilo, en casa y preparando la semana.
13;Hombre;B) Gimnasio, comida y salud.;B) Hacer ejercicio y meditar.;D) Solo cuando hay un evento importante.;8;A) Improvisado, con amigos y musica.
28;Hombre;B) Gimnasio, comida y salud.;C) Descansar en casa, planeando mi tiempo y gastos.;B) 1 o 2 veces.;5;D) Visitando un lugar nuevo o una actividad nueva.
18;Hombre;D) Viajes, conciertos, cursos.;C) Descansar en casa, planeando mi tiempo y gastos.;D) Solo cuando hay un evento importante.;10;C) Tranquilo, en casa y preparando la semana.
27;Mujer;B) Gimnasio, comida y salud.;D) Buscar nuevas actividades o viajando.;C) Casi nunca.;7;C) Tranquilo, en casa y preparando la semana.
26;Mujer;A) Salir a beber con amigos y fiestas.;B) Hacer ejercicio y meditar.;D) Solo cuando hay un evento importante.;10;B) Activo, haciendo deporte y comiendo.
13;Hombre;A) Salir a beber con amigos y fiestas.;D) Buscar nuevas actividades o viajando.;C) Casi nunca.;5;C) Tranquilo, en casa y preparando la semana.
36;Hombre;C) Ahorrando o invirtiendolo.;B) Hacer ejercicio y meditar.;C) Casi nunca.;8;C) Tranquilo, en casa y preparando la semana.
17;Hombre;C) Ahorrando o invirtiendolo.;D) Buscar nuevas actividades o viajando.;D) Solo cuando hay un evento importante.;2;C) Tranquilo, en casa y preparando la semana.
15;Mujer;C) Ahorrando o invirtiendolo.;A) Salir a desconectarme, beber y socializar.;C) Casi nunca.;5;B) Activo, haciendo deporte y comiendo.
24;Mujer;C) Ahorrando o invirtiendolo.;B) Hacer ejercicio y meditar.;D) Solo cuando hay un evento importante.;4;C) Tranquilo, en casa y preparando la semana.
17;Mujer;A) Salir a beber con amigos y fiestas.;A) Salir a desconectarme, beber y socializar.;C) Casi nunca.;6;C) Tranquilo, en casa y preparando la semana.
34;Hombre;D) Viajes, conciertos, cursos.;C) Descansar en casa, planeando mi tiempo y gastos.;B) 1 o 2 veces.;5;C) Tranquilo, en casa y preparando la semana.
28;Hombre;D) Viajes, conciertos, cursos.;B) Hacer ejercicio y meditar.;B) 1 o 2 veces.;3;A) Improvisado, con amigos y musica.
13;Mujer;C) Ahorrando o invirtiendolo.;C) Descansar en casa, planeando mi tiempo y gastos.;B) 1 o 2 veces.;7;A) Improvisado, con amigos y musica.
26;Mujer;B) Gimnasio, comida y salud.;A) Salir a desconectarme, beber y socializar.;C) Casi nunca.;6;A) Improvisado, con amigos y musica.
13;Mujer;B) Gimnasio, comida y salud.;B) Hacer ejercicio y meditar.;B) 1 o 2 veces.;1;D) Visitando un lugar nuevo o una actividad nueva.
37;Hombre;D) Viajes, conciertos, cursos.;A) Salir a desconectarme, beber y socializar.;B) 1 o 2 veces.;4;B) Activo, haciendo deporte y comiendo.
35;Hombre;B) Gimnasio, comida y salud.;C) Descansar en casa, planeando mi tiempo y gastos.;C) Casi nunca.;10;C) Tranquilo, en casa y preparando la semana.
27;Mujer;C) Ahorrando o invirtiendolo.;C) Descansar en casa, planeando mi tiempo y gastos.;C) Casi nunca.;4;B) Activo, haciendo deporte y comiendo.
19;Mujer;C) Ahorrando o invirtiendolo.;C) Descansar en casa, planeando mi tiempo y gastos.;C) Casi nunca.;3;D) Visitando un lugar nuevo o una actividad nueva.
29;Hombre;C) Ahorrando o invirtiendolo.;B) Hacer ejercicio y meditar.;C) Casi nunca.;5;C) Tranquilo, en casa y preparando la semana.
21;Mujer;D) Viajes, conciertos, cursos.;B) Hacer ejercicio y meditar.;D) Solo cuando hay un evento importante.;6;C) Tranquilo, en casa y preparando la semana.
13;Hombre;A) Salir a beber con amigos y fiestas.;B) Hacer ejercicio y meditar.;C) Casi nunca.;4;C) Tranquilo, en casa y preparando la semana.
23;Mujer;B) Gimnasio, comida y salud.;A) Salir a desconectarme, beber y socializar.;C) Casi nunca.;5;A) Improvisado, con amigos y musica.
18;Hombre;B) Gimnasio, comida y salud.;D) Buscar nuevas actividades o viajando.;D) Solo cuando hay un evento importante.;2;D) Visitando un lugar nuevo o una actividad nueva.
56;Mujer;A) Salir a beber con amigos y fiestas.;B) Hacer ejercicio y meditar.;C) Casi nunca.;1;B) Activo, haciendo deporte y comiendo.
27;Mujer;A) Salir a beber con amigos y fiestas.;A) Salir a desconectarme, beber y socializar.;C) Casi nunca.;8;C) Tranquilo, en casa y preparando la semana.
13;Hombre;D) Viajes, conciertos, cursos.;B) Hacer ejercicio y meditar.;D) Solo cuando hay un evento importante.;2;C) Tranquilo, en casa y preparando la semana.
39;Hombre;A) Salir a beber con amigos y fiestas.;B) Hacer ejercicio y meditar.;B) 1 o 2 veces.;8;A) Improvisado, con amigos y musica.
28;Hombre;C) Ahorrando o invirtiendolo.;D) Buscar nuevas actividades o viajando.;D) Solo cuando hay un evento importante.;8;A) Improvisado, con amigos y musica.
24;Hombre;A) Salir a beber con amigos y fiestas.;C) Descansar en casa, planeando mi tiempo y gastos.;B) 1 o 2 veces.;1;C) Tranquilo, en casa y preparando la semana.
26;Mujer;C) Ahorrando o invirtiendolo.;A) Salir a desconectarme, beber y socializar.;C) Casi nunca.;4;A) Improvisado, con amigos y musica.
24;Mujer;C) Ahorrando o invirtiendolo.;D) Buscar nuevas actividades o viajando.;C) Casi nunca.;3;C) Tranquilo, en casa y preparando la semana.
28;Hombre;A) Salir a beber con amigos y fiestas.;B) Hacer ejercicio y meditar.;B) 1 o 2 veces.;8;A) Improvisado, con amigos y musica.
35;Hombre;D) Viajes, conciertos, cursos.;A) Salir a desconectarme, beber y socializar.;D) Solo cuando hay un evento importante.;3;B) Activo, haciendo deporte y comiendo.
20;Mujer;B) Gimnasio, comida y salud.;B) Hacer ejercicio y meditar.;C) Casi nunca.;7;C) Tranquilo, en casa y preparando la semana.
22;Mujer;D) Viajes, conciertos, cursos.;C) Descansar en casa, planeando mi tiempo y gastos.;D) Solo cuando hay un evento importante.;10;C) Tranquilo, en casa y preparando la semana.
13;Mujer;B) Gimnasio, comida y salud.;B) Hacer ejercicio y meditar.;C) Casi nunca.;4;C) Tranquilo, en casa y preparando la semana.
13;Hombre;D) Viajes, conciertos, cursos.;C) Descansar en casa, planeando mi tiempo y gastos.;C) Casi nunca.;4;C) Tranquilo, en casa y preparando la semana.
68;Mujer;B) Gimnasio, comida y salud.;A) Salir a desconectarme, beber y socializar.;B) 1 o 2 veces.;7;D) Visitando un lugar nuevo o una actividad nueva.
13;Hombre;B) Gimnasio, comida y salud.;B) Hacer ejercicio y meditar.;B) 1 o 2 veces.;5;B) Activo, haciendo deporte y comiendo.
19;Mujer;A) Salir a beber con amigos y fiestas.;A) Salir a desconectarme, beber y socializar.;C) Casi nunca.;6;C) Tranquilo, en casa y preparando la semana.
18;Mujer;C) Ahorrando o invirtiendolo.;C) Descansar en casa, planeando mi tiempo y gastos.;B) 1 o 2 veces.;2;A) Improvisado, con amigos y musica.
13;Hombre;C) Ahorrando o invirtiendolo.;C) Descansar en casa, planeando mi tiempo y gastos.;B) 1 o 2 veces.;4;A) Improvisado, con amigos y musica.
31;Hombre;A) Salir a beber con amigos y fiestas.;B) Hacer ejercicio y meditar.;B) 1 o 2 veces.;7;A) Improvisado, con amigos y musica.
32;Hombre;B) Gimnasio, comida y salud.;B) Hacer ejercicio y meditar.;D) Solo cuando hay un evento importante.;2;C) Tranquilo, en casa y preparando la semana.
33;Mujer;B) Gimnasio, comida y salud.;C) Descansar en casa, planeando mi tiempo y gastos.;C) Casi nunca.;7;A) Improvisado, con amigos y musica.
18;Mujer;C) Ahorrando o invirtiendolo.;C) Descansar en casa, planeando mi tiempo y gastos.;D) Solo cuando hay un evento importante.;6;B) Activo, haciendo deporte y comiendo.
33;Hombre;A) Salir a beber con amigos y fiestas.;D) Buscar nuevas actividades o viajando.;D) Solo cuando hay un evento importante.;2;C) Tranquilo, en casa y preparando la semana.
19;Hombre;A) Salir a beber con amigos y fiestas.;B) Hacer ejercicio y meditar.;D) Solo cuando hay un evento importante.;7;C) Tranquilo, en casa y preparando la semana.
34;Mujer;A) Salir a beber con amigos y fiestas.;C) Descansar en casa, planeando mi tiempo y gastos.;B) 1 o 2 veces.;5;C) Tranquilo, en casa y preparando la semana.
21;Mujer;B) Gimnasio, comida y salud.;D) Buscar nuevas actividades o viajando.;D) Solo cuando hay un evento importante.;4;A) Improvisado, con amigos y musica.
20;Hombre;C) Ahorrando o invirtiendolo.;A) Salir a desconectarme, beber y socializar.;C) Casi nunca.;7;C) Tranquilo, en casa y preparando la semana.
13;Mujer;B) Gimnasio, comida y salud.;C) Descansar en casa, planeando mi tiempo y gastos.;D) Solo cuando hay un evento importante.;4;C) Tranquilo, en casa y preparando la semana.
41;Mujer;B) Gimnasio, comida y salud.;C) Descansar en casa, planeando mi tiempo y gastos.;D) Solo cuando hay un evento importante.;1;D) Visitando un lugar nuevo o una actividad nueva.
41;Hombre;C) Ahorrando o invirtiendolo.;C) Descansar en casa, planeando mi tiempo y gastos.;B) 1 o 2 veces.;6;C) Tranquilo, en casa y preparando la semana.
20;Hombre;C) Ahorrando o invirtiendolo.;B) Hacer ejercicio y meditar.;C) Casi nunca.;7;A) Improvisado, con amigos y musica.
16;Mujer;C) Ahorrando o invirtiendolo.;B) Hacer ejercicio y meditar.;B) 1 o 2 veces.;4;B) Activo, haciendo deporte y comiendo.
19;Hombre;A) Salir a beber con amigos y fiestas.;D) Buscar nuevas actividades o viajando.;B) 1 o 2 veces.;6;C) Tranquilo, en casa y preparando la semana.
24;Mujer;B) Gimnasio, comida y salud.;B) Hacer ejercicio y meditar.;D) Solo cuando hay un evento importante.;5;A) Improvisado, con amigos y musica.
22;Mujer;C) Ahorrando o invirtiendolo.;B) Hacer ejercicio y meditar.;C) Casi nunca.;5;A) Improvisado, con amigos y musica.
35;Mujer;C) Ahorrando o invirtiendolo.;C) Descansar en casa, planeando mi tiempo y gastos.;C) Casi nunca.;8;C) Tranquilo, en casa y preparando la semana.
13;Hombre;C) Ahorrando o invirtiendolo.;C) Descansar en casa, planeando mi tiempo y gastos.;D) Solo cuando hay un evento importante.;8;A) Improvisado, con amigos y musica.
14;Mujer;C) Ahorrando o invirtiendolo.;B) Hacer ejercicio y meditar.;D) Solo cuando hay un evento importante.;5;D) Visitando un lugar nuevo o una actividad nueva.
14;Hombre;B) Gimnasio, comida y salud.;C) Descansar en casa, planeando mi tiempo y gastos.;D) Solo cuando hay un evento importante.;8;B) Activo, haciendo deporte y comiendo.
13;Hombre;D) Viajes, conciertos, cursos.;C) Descansar en casa, planeando mi tiempo y gastos.;C) Casi nunca.;8;C) Tranquilo, en casa y preparando la semana.
33;Hombre;C) Ahorrando o invirtiendolo.;C) Descansar en casa, planeando mi tiempo y gastos.;C) Casi nunca.;6;C) Tranquilo, en casa y preparando la semana.
22;Mujer;A) Salir a beber con amigos y fiestas.;B) Hacer ejercicio y meditar.;D) Solo cuando hay un evento importante.;6;C) Tranquilo, en casa y preparando la semana.
13;Mujer;C) Ahorrando o invirtiendolo.;C) Descansar en casa, planeando mi tiempo y gastos.;A) 4 o mas veces.;9;A) Improvisado, con amigos y musica.
25;Mujer;D) Viajes, conciertos, cursos.;B) Hacer ejercicio y meditar.;A) 4 o mas veces.;1;C) Tranquilo, en casa y preparando la semana.
15;Mujer;B) Gimnasio, comida y salud.;A) Salir a desconectarme, beber y socializar.;D) Solo cuando hay un evento importante.;3;C) Tranquilo, en casa y preparando la semana.
26;Mujer;C) Ahorrando o invirtiendolo.;B) Hacer ejercicio y meditar.;D) Solo cuando hay un evento importante.;4;C) Tranquilo, en casa y preparando la semana.
21;Mujer;C) Ahorrando o invirtiendolo.;C) Descansar en casa, planeando mi tiempo y gastos.;D) Solo cuando hay un evento importante.;5;C) Tranquilo, en casa y preparando la semana.
20;Hombre;B) Gimnasio, comida y salud.;D) Buscar nuevas actividades o viajando.;D) Solo cuando hay un evento importante.;8;C) Tranquilo, en casa y preparando la semana.
23;Mujer;B) Gimnasio, comida y salud.;A) Salir a desconectarme, beber y socializar.;C) Casi nunca.;5;C) Tranquilo, en casa y preparando la semana.
24;Mujer;C) Ahorrando o invirtiendolo.;C) Descansar en casa, planeando mi tiempo y gastos.;B) 1 o 2 veces.;8;C) Tranquilo, en casa y preparando la semana.
21;Mujer;A) Salir a beber con amigos y fiestas.;C) Descansar en casa, planeando mi tiempo y gastos.;B) 1 o 2 veces.;3;C) Tranquilo, en casa y preparando la semana.
13;Hombre;C) Ahorrando o invirtiendolo.;D) Buscar nuevas actividades o viajando.;C) Casi nunca.;9;C) Tranquilo, en casa y preparando la semana.
20;Mujer;A) Salir a beber con amigos y fiestas.;C) Descansar en casa, planeando mi tiempo y gastos.;D) Solo cuando hay un evento importante.;5;A) Improvisado, con amigos y musica.
45;Mujer;B) Gimnasio, comida y salud.;A) Salir a desconectarme, beber y socializar.;D) Solo cuando hay un evento importante.;3;B) Activo, haciendo deporte y comiendo.
19;Mujer;C) Ahorrando o invirtiendolo.;A) Salir a desconectarme, beber y socializar.;C) Casi nunca.;9;A) Improvisado, con amigos y musica.
19;Hombre;A) Salir a beber con amigos y fiestas.;D) Buscar nuevas actividades o viajando.;C) Casi nunca.;4;A) Improvisado, con amigos y musica.
30;Hombre;A) Salir a beber con amigos y fiestas.;A) Salir a desconectarme, beber y socializar.;D) Solo cuando hay un evento importante.;5;A) Improvisado, con amigos y musica.
21;Mujer;C) Ahorrando o invirtiendolo.;D) Buscar nuevas actividades o viajando.;C) Casi nunca.;1;A) Improvisado, con amigos y musica.
25;Mujer;B) Gimnasio, comida y salud.;C) Descansar en casa, planeando mi tiempo y gastos.;B) 1 o 2 veces.;2;A) Improvisado, con amigos y musica.
24;Mujer;C) Ahorrando o invirtiendolo.;B) Hacer ejercicio y meditar.;D) Solo cuando hay un evento importante.;4;C) Tranquilo, en casa y preparando la semana.
13;Mujer;A) Salir a beber con amigos y fiestas.;D) Buscar nuevas actividades o viajando.;B) 1 o 2 veces.;5;C) Tranquilo, en casa y preparando la semana.
13;Mujer;B) Gimnasio, comida y salud.;C) Descansar en casa, planeando mi tiempo y gastos.;B) 1 o 2 veces.;4;C) Tranquilo, en casa y preparando la semana.
29;Mujer;A) Salir a beber con amigos y fiestas.;B) Hacer ejercicio y meditar.;B) 1 o 2 veces.;4;C) Tranquilo, en casa y preparando la semana.
25;Mujer;B) Gimnasio, comida y salud.;A) Salir a desconectarme, beber y socializar.;C) Casi nunca.;3;A) Improvisado, con amigos y musica.
44;Mujer;C) Ahorrando o invirtiendolo.;B) Hacer ejercicio y meditar.;C) Casi nunca.;1;C) Tranquilo, en casa y preparando la semana.
48;Hombre;D) Viajes, conciertos, cursos.;B) Hacer ejercicio y meditar.;D) Solo cuando hay un evento importante.;1;D) Visitando un lugar nuevo o una actividad nueva.
13;Mujer;B) Gimnasio, comida y salud.;B) Hacer ejercicio y meditar.;C) Casi nunca.;5;B) Activo, haciendo deporte y comiendo.
59;Hombre;A) Salir a beber con amigos y fiestas.;B) Hacer ejercicio y meditar.;A) 4 o mas veces.;3;A) Improvisado, con amigos y musica.
22;Hombre;A) Salir a beber con amigos y fiestas.;A) Salir a desconectarme, beber y socializar.;D) Solo cuando hay un evento importante.;3;A) Improvisado, con amigos y musica.
20;Mujer;B) Gimnasio, comida y salud.;B) Hacer ejercicio y meditar.;D) Solo cuando hay un evento importante.;7;C) Tranquilo, en casa y preparando la semana.
13;Hombre;C) Ahorrando o invirtiendolo.;D) Buscar nuevas actividades o viajando.;D) Solo cuando hay un evento importante.;8;C) Tranquilo, en casa y preparando la semana.
25;Hombre;C) Ahorrando o invirtiendolo.;D) Buscar nuevas actividades o viajando.;C) Casi nunca.;6;D) Visitando un lugar nuevo o una actividad nueva.
27;Hombre;C) Ahorrando o invirtiendolo.;A) Salir a desconectarme, beber y socializar.;D) Solo cuando hay un evento importante.;7;C) Tranquilo, en casa y preparando la semana.
26;Mujer;C) Ahorrando o invirtiendolo.;B) Hacer ejercicio y meditar.;C) Casi nunca.;4;B) Activo, haciendo deporte y comiendo.
13;Mujer;A) Salir a beber con amigos y fiestas.;C) Descansar en casa, planeando mi tiempo y gastos.;B) 1 o 2 veces.;6;C) Tranquilo, en casa y preparando la semana.
17;Mujer;A) Salir a beber con amigos y fiestas.;B) Hacer ejercicio y meditar.;C) Casi nunca.;10;A) Improvisado, con amigos y musica.
46;Mujer;C) Ahorrando o invirtiendolo.;C) Descansar en casa, planeando mi tiempo y gastos.;C) Casi nunca.;6;C) Tranquilo, en casa y preparando la semana.
20;Hombre;A) Salir a beber con amigos y fiestas.;B) Hacer ejercicio y meditar.;B) 1 o 2 veces.;2;A) Improvisado, con amigos y musica.
17;Hombre;B) Gimnasio, comida y salud.;A) Salir a desconectarme, beber y socializar.;B) 1 o 2 veces.;9;D) Visitando un lugar nuevo o una actividad nueva.
17;Mujer;A) Salir a beber con amigos y fiestas.;A) Salir a desconectarme, beber y socializar.;B) 1 o 2 veces.;3;C) Tranquilo, en casa y preparando la semana.
13;Mujer;A) Salir a beber con amigos y fiestas.;C) Descansar en casa, planeando mi tiempo y gastos.;B) 1 o 2 veces.;1;C) Tranquilo, en casa y preparando la semana.
22;Hombre;A) Salir a beber con amigos y fiestas.;D) Buscar nuevas actividades o viajando.;C) Casi nunca.;7;B) Activo, haciendo deporte y comiendo.
24;Mujer;C) Ahorrando o invirtiendolo.;B) Hacer ejercicio y meditar.;C) Casi nunca.;6;C) Tranquilo, en casa y preparando la semana.
13;Hombre;B) Gimnasio, comida y salud.;A) Salir a desconectarme, beber y socializar.;D) Solo cuando hay un evento importante.;6;B) Activo, haciendo deporte y comiendo.
15;Mujer;D) Viajes, conciertos, cursos.;D) Buscar nuevas actividades o viajando.;D) Solo cuando hay un evento importante.;3;C) Tranquilo, en casa y preparando la semana.
14;Mujer;B) Gimnasio, comida y salud.;C) Descansar en casa, planeando mi tiempo y gastos.;C) Casi nunca.;8;C) Tranquilo, en casa y preparando la semana.
25;Hombre;D) Viajes, conciertos, cursos.;B) Hacer ejercicio y meditar.;C) Casi nunca.;6;C) Tranquilo, en casa y preparando la semana.
42;Mujer;C) Ahorrando o invirtiendolo.;B) Hacer ejercicio y meditar.;D) Solo cuando hay un evento importante.;1;A) Improvisado, con amigos y musica.
54;Mujer;A) Salir a beber con amigos y fiestas.;A) Salir a desconectarme, beber y socializar.;C) Casi nunca.;9;B) Activo, haciendo deporte y comiendo.
14;Mujer;A) Salir a beber con amigos y fiestas.;B) Hacer ejercicio y meditar.;D) Solo cuando hay un evento importante.;7;C) Tranquilo, en casa y preparando la semana.
17;Hombre;D) Viajes, conciertos, cursos.;C) Descansar en casa, planeando mi tiempo y gastos.;A) 4 o mas veces.;6;C) Tranquilo, en casa y preparando la semana.
46;Mujer;A) Salir a beber con amigos y fiestas.;A) Salir a desconectarme, beber y socializar.;B) 1 o 2 veces.;6;C) Tranquilo, en casa y preparando la semana.
20;Hombre;B) Gimnasio, comida y salud.;B) Hacer ejercicio y meditar.;C) Casi nunca.;5;A) Improvisado, con amigos y musica.
39;Mujer;C) Ahorrando o invirtiendolo.;B) Hacer ejercicio y meditar.;D) Solo cuando hay un evento importante.;7;C) Tranquilo, en casa y preparando la semana.
39;Mujer;A) Salir a beber con amigos y fiestas.;C) Descansar en casa, planeando mi tiempo y gastos.;C) Casi nunca.;2;A) Improvisado, con amigos y musica.
30;Mujer;D) Viajes, conciertos, cursos.;A) Salir a desconectarme, beber y socializar.;C) Casi nunca.;8;C) Tranquilo, en casa y preparando la semana.
28;Mujer;C) Ahorrando o invirtiendolo.;A) Salir a desconectarme, beber y socializar.;D) Solo cuando hay un evento importante.;4;A) Improvisado, con amigos y musica.
24;Mujer;D) Viajes, conciertos, cursos.;B) Hacer ejercicio y meditar.;C) Casi nunca.;3;C) Tranquilo, en casa y preparando la semana.
13;Mujer;C) Ahorrando o invirtiendolo.;C) Descansar en casa, planeando mi tiempo y gastos.;B) 1 o 2 veces.;2;C) Tranquilo, en casa y preparando la semana.
19;Hombre;B) Gimnasio, comida y salud.;C) Descansar en casa, planeando mi tiempo y gastos.;B) 1 o 2 veces.;7;A) Improvisado, con amigos y musica.
25;Hombre;D) Viajes, conciertos, cursos.;D) Buscar nuevas actividades o viajando.;A) 4 o mas veces.;7;A) Improvisado, con amigos y musica.
17;Mujer;C) Ahorrando o invirtiendolo.;B) Hacer ejercicio y meditar.;B) 1 o 2 veces.;7;C) Tranquilo, en casa y preparando la semana.
21;Mujer;B) Gimnasio, comida y salud.;D) Buscar nuevas actividades o viajando.;D) Solo cuando hay un evento importante.;7;C) Tranquilo, en casa y preparando la semana.
13;Mujer;D) Viajes, conciertos, cursos.;A) Salir a desconectarme, beber y socializar.;D) Solo cuando hay un evento importante.;7;C) Tranquilo, en casa y preparando la semana.
38;Mujer;D) Viajes, conciertos, cursos.;A) Salir a desconectarme, beber y socializar.;A) 4 o mas veces.;4;C) Tranquilo, en casa y preparando la semana.
51;Mujer;B) Gimnasio, comida y salud.;B) Hacer ejercicio y meditar.;B) 1 o 2 veces.;1;C) Tranquilo, en casa y preparando la semana.
17;Hombre;C) Ahorrando o invirtiendolo.;C) Descansar en casa, planeando mi tiempo y gastos.;D) Solo cuando hay un evento importante.;8;C) Tranquilo, en casa y preparando la semana.
20;Hombre;C) Ahorrando o invirtiendolo.;B) Hacer ejercicio y meditar.;D) Solo cuando hay un evento importante.;7;C) Tranquilo, en casa y preparando la semana.
23;Mujer;B) Gimnasio, comida y salud.;D) Buscar nuevas actividades o viajando.;C) Casi nunca.;1;B) Activo, haciendo deporte y comiendo.
13;Hombre;D) Viajes, conciertos, cursos.;B) Hacer ejercicio y meditar.;B) 1 o 2 veces.;7;C) Tranquilo, en casa y preparando la semana.
33;Mujer;C) Ahorrando o invirtiendolo.;C) Descansar en casa, planeando mi tiempo y gastos.;A) 4 o mas veces.;3;A) Improvisado, con amigos y musica.
31;Hombre;A) Salir a beber con amigos y fiestas.;C) Descansar en casa, planeando mi tiempo y gastos.;B) 1 o 2 veces.;3;C) Tranquilo, en casa y preparando la semana.
51;Hombre;D) Viajes, conciertos, cursos.;D) Buscar nuevas actividades o viajando.;B) 1 o 2 veces.;1;C) Tranquilo, en casa y preparando la semana.
29;Hombre;A) Salir a beber con amigos y fiestas.;A) Salir a desconectarme, beber y socializar.;B) 1 o 2 veces.;2;C) Tranquilo, en casa y preparando la semana.
37;Mujer;B) Gimnasio, comida y salud.;B) Hacer ejercicio y meditar.;B) 1 o 2 veces.;3;C) Tranquilo, en casa y preparando la semana.
15;Hombre;D) Viajes, conciertos, cursos.;A) Salir a desconectarme, beber y socializar.;C) Casi nunca.;10;D) Visitando un lugar nuevo o una actividad nueva.
13;Mujer;C) Ahorrando o invirtiendolo.;C) Descansar en casa, planeando mi tiempo y gastos.;C) Casi nunca.;3;C) Tranquilo, en casa y preparando la semana.
28;Hombre;D) Viajes, conciertos, cursos.;C) Descansar en casa, planeando mi tiempo y gastos.;B) 1 o 2 veces.;8;C) Tranquilo, en casa y preparando la semana.
50;Mujer;B) Gimnasio, comida y salud.;C) Descansar en casa, planeando mi tiempo y gastos.;D) Solo cuando hay un evento importante.;4;C) Tranquilo, en casa y preparando la semana.
16;Mujer;D) Viajes, conciertos, cursos.;A) Salir a desconectarme, beber y socializar.;C) Casi nunca.;9;C) Tranquilo, en casa y preparando la semana.
29;Mujer;C) Ahorrando o invirtiendolo.;C) Descansar en casa, planeando mi tiempo y gastos.;B) 1 o 2 veces.;2;A) Improvisado, con amigos y musica.
27;Hombre;C) Ahorrando o invirtiendolo.;C) Descansar en casa, planeando mi tiempo y gastos.;C) Casi nunca.;8;C) Tranquilo, en casa y preparando la semana.
16;Mujer;D) Viajes, conciertos, cursos.;C) Descansar en casa, planeando mi tiempo y gastos.;B) 1 o 2 veces.;10;D) Visitando un lugar nuevo o una actividad nueva.
13;Hombre;C) Ahorrando o invirtiendolo.;D) Buscar nuevas actividades o viajando.;A) 4 o mas veces.;4;C) Tranquilo, en casa y preparando la semana.
17;Mujer;D) Viajes, conciertos, cursos.;C) Descansar en casa, planeando mi tiempo y gastos.;C) Casi nunca.;10;C) Tranquilo, en casa y preparando la semana.
38;Hombre;D) Viajes, conciertos, cursos.;C) Descansar en casa, planeando mi tiempo y gastos.;A) 4 o mas veces.;10;C) Tranquilo, en casa y preparando la semana.
16;Hombre;C) Ahorrando o invirtiendolo.;B) Hacer ejercicio y meditar.;B) 1 o 2 veces.;5;B) Activo, haciendo deporte y comiendo.
23;Mujer;B) Gimnasio, comida y salud.;C) Descansar en casa, planeando mi tiempo y gastos.;C) Casi nunca.;9;C) Tranquilo, en casa y preparando la semana.
26;Mujer;B) Gimnasio, comida y salud.;C) Descansar en casa, planeando mi tiempo y gastos.;A) 4 o mas veces.;4;C) Tranquilo, en casa y preparando la semana.
13;Mujer;B) Gimnasio, comida y salud.;D) Buscar nuevas actividades o viajando.;A) 4 o mas veces.;5;A) Improvisado, con amigos y musica.
37;Mujer;B) Gimnasio, comida y salud.;A) Salir a desconectarme, beber y socializar.;C) Casi nunca.;3;C) Tranquilo, en casa y preparando la semana.
19;Mujer;B) Gimnasio, comida y salud.;B) Hacer ejercicio y meditar.;C) Casi nunca.;5;A) Improvisado, con amigos y musica.
23;Hombre;C) Ahorrando o invirtiendolo.;B) Hacer ejercicio y meditar.;C) Casi nunca.;2;C) Tranquilo, en casa y preparando la semana.
33;Hombre;C) Ahorrando o invirtiendolo.;C) Descansar en casa, planeando mi tiempo y gastos.;B) 1 o 2 veces.;1;C) Tranquilo, en casa y preparando la semana.
18;Mujer;A) Salir a beber con amigos y fiestas.;C) Descansar en casa, planeando mi tiempo y gastos.;C) Casi nunca.;4;A) Improvisado, con amigos y musica.
34;Hombre;B) Gimnasio, comida y salud.;D) Buscar nuevas actividades o viajando.;D) Solo cuando hay un evento importante.;6;B) Activo, haciendo deporte y comiendo.
26;Hombre;B) Gimnasio, comida y salud.;D) Buscar nuevas actividades o viajando.;B) 1 o 2 veces.;4;C) Tranquilo, en casa y preparando la semana.
35;Mujer;B) Gimnasio, comida y salud.;D) Buscar nuevas actividades o viajando.;C) Casi nunca.;6;C) Tranquilo, en casa y preparando la semana.
22;Hombre;A) Salir a beber con amigos y fiestas.;D) Buscar nuevas actividades o viajando.;C) Casi nunca.;7;A) Improvisado, con amigos y musica.
13;Mujer;D) Viajes, conciertos, cursos.;B) Hacer ejercicio y meditar.;B) 1 o 2 veces.;8;A) Improvisado, con amigos y musica.
27;Mujer;B) Gimnasio, comida y salud.;B) Hacer ejercicio y meditar.;C) Casi nunca.;4;A) Improvisado, con amigos y musica.
40;Mujer;D) Viajes, conciertos, cursos.;C) Descansar en casa, planeando mi tiempo y gastos.;D) Solo cuando hay un evento importante.;5;C) Tranquilo, en casa y preparando la semana.
31;Mujer;B) Gimnasio, comida y salud.;D) Buscar nuevas actividades o viajando.;D) Solo cuando hay un evento importante.;4;C) Tranquilo, en casa y preparando la semana.
21;Hombre;B) Gimnasio, comida y salud.;C) Descansar en casa, planeando mi tiempo y gastos.;C) Casi nunca.;10;C) Tranquilo, en casa y preparando la semana.
22;Mujer;A) Salir a beber con amigos y fiestas.;B) Hacer ejercicio y meditar.;C) Casi nunca.;3;A) Improvisado, con amigos y musica.
34;Mujer;C) Ahorrando o invirtiendolo.;A) Salir a desconectarme, beber y socializar.;C) Casi nunca.;4;B) Activo, haciendo deporte y comiendo.
23;Hombre;D) Viajes, conciertos, cursos.;A) Salir a desconectarme, beber y socializar.;D) Solo cuando hay un evento importante.;1;D) Visitando un lugar nuevo o una actividad nueva.
17;Mujer;B) Gimnasio, comida y salud.;B) Hacer ejercicio y meditar.;D) Solo cuando hay un evento importante.;5;D) Visitando un lugar nuevo o una actividad nueva.
13;Mujer;A) Salir a beber con amigos y fiestas.;C) Descansar en casa, planeando mi tiempo y gastos.;B) 1 o 2 veces.;4;C) Tranquilo, en casa y preparando la semana.
31;Mujer;A) Salir a beber con amigos y fiestas.;D) Buscar nuevas actividades o viajando.;B) 1 o 2 veces.;1;C) Tranquilo, en casa y preparando la semana.
56;Hombre;A) Salir a beber con amigos y fiestas.;D) Buscar nuevas actividades o viajando.;C) Casi nunca.;5;B) Activo, haciendo deporte y comiendo.
26;Mujer;C) Ahorrando o invirtiendolo.;C) Descansar en casa, planeando mi tiempo y gastos.;C) Casi nunca.;4;C) Tranquilo, en casa y preparando la semana.
23;Hombre;A) Salir a beber con amigos y fiestas.;C) Descansar en casa, planeando mi tiempo y gastos.;C) Casi nunca.;3;A) Improvisado, con amigos y musica.
34;Mujer;B) Gimnasio, comida y salud.;C) Descansar en casa, planeando mi tiempo y gastos.;B) 1 o 2 veces.;6;A) Improvisado, con amigos y musica.
30;Hombre;A) Salir a beber con amigos y fiestas.;C) Descansar en casa, planeando mi tiempo y gastos.;B) 1 o 2 veces.;3;C) Tranquilo, en casa y preparando la semana.
37;Mujer;B) Gimnasio, comida y salud.;C) Descansar en casa, planeando mi tiempo y gastos.;C) Casi nunca.;7;A) Improvisado, con amigos y musica.
32;Hombre;C) Ahorrando o invirtiendolo.;C) Descansar en casa, planeando mi tiempo y gastos.;C) Casi nunca.;1;A) Improvisado, con amigos y musica.
15;Hombre;A) Salir a beber con amigos y fiestas.;C) Descansar en casa, planeando mi tiempo y gastos.;C) Casi nunca.;7;C) Tranquilo, en casa y preparando la semana.
33;Mujer;C) Ahorrando o invirtiendolo.;D) Buscar nuevas actividades o viajando.;B) 1 o 2 veces.;7;C) Tranquilo, en casa y preparando la semana.
38;Hombre;D) Viajes, conciertos, cursos.;B) Hacer ejercicio y meditar.;B) 1 o 2 veces.;8;C) Tranquilo, en casa y preparando la semana.
16;Mujer;C) Ahorrando o invirtiendolo.;B) Hacer ejercicio y meditar.;C) Casi nunca.;2;D) Visitando un lugar nuevo o una actividad nueva.
52;Mujer;A) Salir a beber con amigos y fiestas.;C) Descansar en casa, planeando mi tiempo y gastos.;B) 1 o 2 veces.;10;A) Improvisado, con amigos y musica.
13;Hombre;A) Salir a beber con amigos y fiestas.;C) Descansar en casa, planeando mi tiempo y gastos.;C) Casi nunca.;5;C) Tranquilo, en casa y preparando la semana.
40;Hombre;B) Gimnasio, comida y salud.;A) Salir a desconectarme, beber y socializar.;C) Casi nunca.;3;A) Improvisado, con amigos y musica.
36;Mujer;C) Ahorrando o invirtiendolo.;A) Salir a desconectarme, beber y socializar.;D) Solo cuando hay un evento importante.;2;C) Tranquilo, en casa y preparando la semana.
30;Mujer;D) Viajes, conciertos, cursos.;B) Hacer ejercicio y meditar.;B) 1 o 2 veces.;6;B) Activo, haciendo deporte y comiendo.
16;Hombre;B) Gimnasio, comida y salud.;B) Hacer ejercicio y meditar.;D) Solo cuando hay un evento importante.;6;C) Tranquilo, en casa y preparando la semana.
15;Mujer;B) Gimnasio, comida y salud.;C) Descansar en casa, planeando mi tiempo y gastos.;D) Solo cuando hay un evento importante.;6;C) Tranquilo, en casa y preparando la semana.
22;Mujer;B) Gimnasio, comida y salud.;D) Buscar nuevas actividades o viajando.;D) Solo cuando hay un evento importante.;6;C) Tranquilo, en casa y preparando la semana.
18;Mujer;B) Gimnasio, comida y salud.;C) Descansar en casa, planeando mi tiempo y gastos.;B) 1 o 2 veces.;6;C) Tranquilo, en casa y preparando la semana.
17;Mujer;C) Ahorrando o invirtiendolo.;D) Buscar nuevas actividades o viajando.;D) Solo cuando hay un evento importante.;6;C) Tranquilo, en casa y preparando la semana.
23;Mujer;B) Gimnasio, comida y salud.;B) Hacer ejercicio y meditar.;B) 1 o 2 veces.;5;D) Visitando un lugar nuevo o una actividad nueva.
13;Mujer;A) Salir a beber con amigos y fiestas.;C) Descansar en casa, planeando mi tiempo y gastos.;C) Casi nunca.;4;C) Tranquilo, en casa y preparando la semana.
24;Mujer;A) Salir a beber con amigos y fiestas.;B) Hacer ejercicio y meditar.;C) Casi nunca.;4;C) Tranquilo, en casa y preparando la semana.
28;Mujer;D) Viajes, conciertos, cursos.;A) Salir a desconectarme, beber y socializar.;D) Solo cuando hay un evento importante.;6;A) Improvisado, con amigos y musica.
35;Hombre;B) Gimnasio, comida y salud.;C) Descansar en casa, planeando mi tiempo y gastos.;D) Solo cuando hay un evento importante.;8;C) Tranquilo, en casa y preparando la semana.
16;Hombre;C) Ahorrando o invirtiendolo.;D) Buscar nuevas actividades o viajando.;B) 1 o 2 veces.;4;C) Tranquilo, en casa y preparando la semana.
13;Mujer;B) Gimnasio, comida y salud.;C) Descansar en casa, planeando mi tiempo y gastos.;B) 1 o 2 veces.;4;A) Improvisado, con amigos y musica.
22;Hombre;B) Gimnasio, comida y salud.;B) Hacer ejercicio y meditar.;D) Solo cuando hay un evento importante.;5;D) Visitando un lugar nuevo o una actividad nueva.
21;Hombre;A) Salir a beber con amigos y fiestas.;C) Descansar en casa, planeando mi tiempo y gastos.;B) 1 o 2 veces.;10;A) Improvisado, con amigos y musica.
21;Mujer;B) Gimnasio, comida y salud.;C) Descansar en casa, planeando mi tiempo y gastos.;C) Casi nunca.;8;C) Tranquilo, en casa y preparando la semana.
24;Hombre;D) Viajes, conciertos, cursos.;A) Salir a desconectarme, beber y socializar.;B) 1 o 2 veces.;5;C) Tranquilo, en casa y preparando la semana.
25;Mujer;A) Salir a beber con amigos y fiestas.;C) Descansar en casa, planeando mi tiempo y gastos.;A) 4 o mas veces.;4;A) Improvisado, con amigos y musica.
36;Hombre;B) Gimnasio, comida y salud.;A) Salir a desconectarme, beber y socializar.;D) Solo cuando hay un evento importante.;5;C) Tranquilo, en casa y preparando la semana.
27;Mujer;B) Gimnasio, comida y salud.;C) Descansar en casa, planeando mi tiempo y gastos.;C) Casi nunca.;7;D) Visitando un lugar nuevo o una actividad nueva.
60;Hombre;A) Salir a beber con amigos y fiestas.;D) Buscar nuevas actividades o viajando.;D) Solo cuando hay un evento importante.;1;C) Tranquilo, en casa y preparando la semana.
38;Mujer;C) Ahorrando o invirtiendolo.;A) Salir a desconectarme, beber y socializar.;C) Casi nunca.;4;A) Improvisado, con amigos y musica.
17;Hombre;B) Gimnasio, comida y salud.;B) Hacer ejercicio y meditar.;B) 1 o 2 veces.;1;C) Tranquilo, en casa y preparando la semana.
20;Hombre;C) Ahorrando o invirtiendolo.;C) Descansar en casa, planeando mi tiempo y gastos.;D) Solo cuando hay un evento importante.;5;C) Tranquilo, en casa y preparando la semana.
15;Hombre;C) Ahorrando o invirtiendolo.;B) Hacer ejercicio y meditar.;B) 1 o 2 veces.;2;C) Tranquilo, en casa y preparando la semana.
31;Hombre;B) Gimnasio, comida y salud.;B) Hacer ejercicio y meditar.;C) Casi nunca.;1;C) Tranquilo, en casa y preparando la semana.
14;Mujer;D) Viajes, conciertos, cursos.;D) Buscar nuevas actividades o viajando.;C) Casi nunca.;5;A) Improvisado, con amigos y musica.
27;Mujer;C) Ahorrando o invirtiendolo.;C) Descansar en casa, planeando mi tiempo y gastos.;B) 1 o 2 veces.;3;D) Visitando un lugar nuevo o una actividad nueva.
29;Hombre;C) Ahorrando o invirtiendolo.;C) Descansar en casa, planeando mi tiempo y gastos.;B) 1 o 2 veces.;5;C) Tranquilo, en casa y preparando la semana.
18;Mujer;A) Salir a beber con amigos y fiestas.;B) Hacer ejercicio y meditar.;B) 1 o 2 veces.;5;B) Activo, haciendo deporte y comiendo.
20;Mujer;B) Gimnasio, comida y salud.;B) Hacer ejercicio y meditar.;A) 4 o mas veces.;4;C) Tranquilo, en casa y preparando la semana.
22;Mujer;D) Viajes, conciertos, cursos.;C) Descansar en casa, planeando mi tiempo y gastos.;D) Solo cuando hay un evento importante.;6;C) Tranquilo, en casa y preparando la semana.
30;Hombre;C) Ahorrando o invirtiendolo.;D) Buscar nuevas actividades o viajando.;B) 1 o 2 veces.;3;D) Visitando un lugar nuevo o una actividad nueva.
32;Mujer;A) Salir a beber con amigos y fiestas.;C) Descansar en casa, planeando mi tiempo y gastos.;D) Solo cuando hay un evento importante.;1;A) Improvisado, con amigos y musica.
30;Hombre;A) Salir a beber con amigos y fiestas.;A) Salir a desconectarme, beber y socializar.;C) Casi nunca.;5;D) Visitando un lugar nuevo o una actividad nueva.
24;Mujer;C) Ahorrando o invirtiendolo.;A) Salir a desconectarme, beber y socializar.;C) Casi nunca.;5;C) Tranquilo, en casa y preparando la semana.
19;Mujer;B) Gimnasio, comida y salud.;C) Descansar en casa, planeando mi tiempo y gastos.;B) 1 o 2 veces.;4;C) Tranquilo, en casa y preparando la semana.
33;Hombre;C) Ahorrando o invirtiendolo.;A) Salir a desconectarme, beber y socializar.;A) 4 o mas veces.;2;B) Activo, haciendo deporte y comiendo.
23;Hombre;D) Viajes, conciertos, cursos.;D) Buscar nuevas actividades o viajando.;B) 1 o 2 veces.;4;C) Tranquilo, en casa y preparando la semana.
23;Mujer;C) Ahorrando o invirtiendolo.;C) Descansar en casa, planeando mi tiempo y gastos.;B) 1 o 2 veces.;10;C) Tranquilo, en casa y preparando la semana.
36;Mujer;D) Viajes, conciertos, cursos.;D) Buscar nuevas actividades o viajando.;C) Casi nunca.;7;A) Improvisado, con amigos y musica.
23;Hombre;D) Viajes, conciertos, cursos.;B) Hacer ejercicio y meditar.;C) Casi nunca.;5;C) Tranquilo, en casa y preparando la semana.
21;Hombre;B) Gimnasio, comida y salud.;C) Descansar en casa, planeando mi tiempo y gastos.;C) Casi nunca.;7;C) Tranquilo, en casa y preparando la semana.
34;Hombre;B) Gimnasio, comida y salud.;B) Hacer ejercicio y meditar.;D) Solo cuando hay un evento importante.;8;C) Tranquilo, en casa y preparando la semana.
14;Hombre;B) Gimnasio, comida y salud.;B) Hacer ejercicio y meditar.;C) Casi nunca.;3;C) Tranquilo, en casa y preparando la semana.
30;Mujer;B) Gimnasio, comida y salud.;D) Buscar nuevas actividades o viajando.;D) Solo cuando hay un evento importante.;9;B) Activo, haciendo deporte y comiendo.
26;Hombre;B) Gimnasio, comida y salud.;C) Descansar en casa, planeando mi tiempo y gastos.;C) Casi nunca.;7;C) Tranquilo, en casa y preparando la semana.
13;Mujer;A) Salir a beber con amigos y fiestas.;A) Salir a desconectarme, beber y socializar.;C) Casi nunca.;10;A) Improvisado, con amigos y musica.
13;Mujer;D) Viajes, conciertos, cursos.;C) Descansar en casa, planeando mi tiempo y gastos.;D) Solo cuando hay un evento importante.;4;C) Tranquilo, en casa y preparando la semana.
31;Hombre;D) Viajes, conciertos, cursos.;B) Hacer ejercicio y meditar.;B) 1 o 2 veces.;5;C) Tranquilo, en casa y preparando la semana.
17;Hombre;B) Gimnasio, comida y salud.;A) Salir a desconectarme, beber y socializar.;B) 1 o 2 veces.;3;A) Improvisado, con amigos y musica.
24;Hombre;C) Ahorrando o invirtiendolo.;B) Hacer ejercicio y meditar.;C) Casi nunca.;10;C) Tranquilo, en casa y preparando la semana.
20;Mujer;B) Gimnasio, comida y salud.;D) Buscar nuevas actividades o viajando.;B) 1 o 2 veces.;7;B) Activo, haciendo deporte y comiendo.
22;Hombre;A) Salir a beber con amigos y fiestas.;B) Hacer ejercicio y meditar.;C) Casi nunca.;9;C) Tranquilo, en casa y preparando la semana.
19;Mujer;B) Gimnasio, comida y salud.;C) Descansar en casa, planeando mi tiempo y gastos.;B) 1 o 2 veces.;6;C) Tranquilo, en casa y preparando la semana.
29;Mujer;B) Gimnasio, comida y salud.;C) Descansar en casa, planeando mi tiempo y gastos.;B) 1 o 2 veces.;3;C) Tranquilo, en casa y preparando la semana.
13;Mujer;B) Gimnasio, comida y salud.;D) Buscar nuevas actividades o viajando.;A) 4 o mas veces.;1;B) Activo, haciendo deporte y comiendo.
22;Hombre;B) Gimnasio, comida y salud.;B) Hacer ejercicio y meditar.;B) 1 o 2 veces.;1;C) Tranquilo, en casa y preparando la semana.
24;Mujer;B) Gimnasio, comida y salud.;C) Descansar en casa, planeando mi tiempo y gastos.;B) 1 o 2 veces.;1;C) Tranquilo, en casa y preparando la semana.
13;Hombre;D) Viajes, conciertos, cursos.;D) Buscar nuevas actividades o viajando.;D) Solo cuando hay un evento importante.;6;A) Improvisado, con amigos y musica.
15;Mujer;C) Ahorrando o invirtiendolo.;C) Descansar en casa, planeando mi tiempo y gastos.;D) Solo cuando hay un evento importante.;8;A) Improvisado, con amigos y musica.
23;Hombre;C) Ahorrando o invirtiendolo.;C) Descansar en casa, planeando mi tiempo y gastos.;B) 1 o 2 veces.;6;C) Tranquilo, en casa y preparando la semana.
30;Hombre;B) Gimnasio, comida y salud.;B) Hacer ejercicio y meditar.;B) 1 o 2 veces.;5;C) Tranquilo, en casa y preparando la semana.
13;Mujer;D) Viajes, conciertos, cursos.;D) Buscar nuevas actividades o viajando.;B) 1 o 2 veces.;4;A) Improvisado, con amigos y musica.
26;Mujer;B) Gimnasio, comida y salud.;A) Salir a desconectarme, beber y socializar.;A) 4 o mas veces.;4;A) Improvisado, con amigos y musica.
29;Hombre;B) Gimnasio, comida y salud.;D) Buscar nuevas actividades o viajando.;C) Casi nunca.;6;A) Improvisado, con amigos y musica.
46;Mujer;D) Viajes, conciertos, cursos.;A) Salir a desconectarme, beber y socializar.;D) Solo cuando hay un evento importante.;7;B) Activo, haciendo deporte y comiendo.
19;Hombre;A) Salir a beber con amigos y fiestas.;C) Descansar en casa, planeando mi tiempo y gastos.;D) Solo cuando hay un evento importante.;5;C) Tranquilo, en casa y preparando la semana.
21;Hombre;C) Ahorrando o invirtiendolo.;C) Descansar en casa, planeando mi tiempo y gastos.;C) Casi nunca.;8;C) Tranquilo, en casa y preparando la semana.
22;Mujer;B) Gimnasio, comida y salud.;B) Hacer ejercicio y meditar.;C) Casi nunca.;8;A) Improvisado, con amigos y musica.
33;Mujer;A) Salir a beber con amigos y fiestas.;B) Hacer ejercicio y meditar.;B) 1 o 2 veces.;1;C) Tranquilo, en casa y preparando la semana.
25;Hombre;B) Gimnasio, comida y salud.;C) Descansar en casa, planeando mi tiempo y gastos.;C) Casi nunca.;3;C) Tranquilo, en casa y preparando la semana.
32;Mujer;D) Viajes, conciertos, cursos.;C) Descansar en casa, planeando mi tiempo y gastos.;B) 1 o 2 veces.;7;A) Improvisado, con amigos y musica.
17;Mujer;B) Gimnasio, comida y salud.;C) Descansar en casa, planeando mi tiempo y gastos.;B) 1 o 2 veces.;5;C) Tranquilo, en casa y preparando la semana.
13;Hombre;C) Ahorrando o invirtiendolo.;B) Hacer ejercicio y meditar.;B) 1 o 2 veces.;7;C) Tranquilo, en casa y preparando la semana.
34;Hombre;B) Gimnasio, comida y salud.;A) Salir a desconectarme, beber y socializar.;A) 4 o mas veces.;4;B) Activo, haciendo deporte y comiendo.
31;Hombre;C) Ahorrando o invirtiendolo.;B) Hacer ejercicio y meditar.;D) Solo cuando hay un evento importante.;6;C) Tranquilo, en casa y preparando la semana.
22;Hombre;A) Salir a beber con amigos y fiestas.;B) Hacer ejercicio y meditar.;B) 1 o 2 veces.;5;A) Improvisado, con amigos y musica.
20;Mujer;B) Gimnasio, comida y salud.;A) Salir a desconectarme, beber y socializar.;D) Solo cuando hay un evento importante.;7;C) Tranquilo, en casa y preparando la semana.
35;Mujer;D) Viajes, conciertos, cursos.;D) Buscar nuevas actividades o viajando.;B) 1 o 2 veces.;8;B) Activo, haciendo deporte y comiendo.
45;Mujer;B) Gimnasio, comida y salud.;B) Hacer ejercicio y meditar.;C) Casi nunca.;5;C) Tranquilo, en casa y preparando la semana.
24;Mujer;B) Gimnasio, comida y salud.;B) Hacer ejercicio y meditar.;D) Solo cuando hay un evento importante.;10;C) Tranquilo, en casa y preparando la semana.
13;Mujer;A) Salir a beber con amigos y fiestas.;C) Descansar en casa, planeando mi tiempo y gastos.;C) Casi nunca.;5;C) Tranquilo, en casa y preparando la semana.
42;Mujer;C) Ahorrando o invirtiendolo.;C) Descansar en casa, planeando mi tiempo y gastos.;A) 4 o mas veces.;3;C) Tranquilo, en casa y preparando la semana.
13;Mujer;B) Gimnasio, comida y salud.;B) Hacer ejercicio y meditar.;C) Casi nunca.;4;C) Tranquilo, en casa y preparando la semana.
38;Hombre;A) Salir a beber con amigos y fiestas.;C) Descansar en casa, planeando mi tiempo y gastos.;B) 1 o 2 veces.;4;A) Improvisado, con amigos y musica.
18;Mujer;D) Viajes, conciertos, cursos.;B) Hacer ejercicio y meditar.;C) Casi nunca.;7;C) Tranquilo, en casa y preparando la semana.
19;Mujer;B) Gimnasio, comida y salud.;B) Hacer ejercicio y meditar.;B) 1 o 2 veces.;2;A) Improvisado, con amigos y musica.
21;Hombre;B) Gimnasio, comida y salud.;A) Salir a desconectarme, beber y socializar.;B) 1 o 2 veces.;4;C) Tranquilo, en casa y preparando la semana.
19;Mujer;A) Salir a beber con amigos y fiestas.;D) Buscar nuevas actividades o viajando.;B) 1 o 2 veces.;5;C) Tranquilo, en casa y preparando la semana.
20;Mujer;A) Salir a beber con amigos y fiestas.;B) Hacer ejercicio y meditar.;B) 1 o 2 veces.;3;C) Tranquilo, en casa y preparando la semana.
39;Hombre;B) Gimnasio, comida y salud.;C) Descansar en casa, planeando mi tiempo y gastos.;C) Casi nunca.;8;C) Tranquilo, en casa y preparando la semana.
27;Mujer;A) Salir a beber con amigos y fiestas.;C) Descansar en casa, planeando mi tiempo y gastos.;B) 1 o 2 veces.;3;C) Tranquilo, en casa y preparando la semana.
29;Hombre;A) Salir a beber con amigos y fiestas.;C) Descansar en casa, planeando mi tiempo y gastos.;B) 1 o 2 veces.;5;C) Tranquilo, en casa y preparando la semana.
27;Mujer;B) Gimnasio, comida y salud.;A) Salir a desconectarme, beber y socializar.;C) Casi nunca.;8;C) Tranquilo, en casa y preparando la semana.
39;Mujer;C) Ahorrando o invirtiendolo.;C) Descansar en casa, planeando mi tiempo y gastos.;B) 1 o 2 veces.;4;C) Tranquilo, en casa y preparando la semana.
21;Mujer;A) Salir a beber con amigos y fiestas.;B) Hacer ejercicio y meditar.;B) 1 o 2 veces.;6;A) Improvisado, con amigos y musica.
25;Hombre;B) Gimnasio, comida y salud.;C) Descansar en casa, planeando mi tiempo y gastos.;B) 1 o 2 veces.;3;C) Tranquilo, en casa y preparando la semana.
40;Hombre;C) Ahorrando o invirtiendolo.;C) Descansar en casa, planeando mi tiempo y gastos.;C) Casi nunca.;2;C) Tranquilo, en casa y preparando la semana.
13;Hombre;C) Ahorrando o invirtiendolo.;B) Hacer ejercicio y meditar.;B) 1 o 2 veces.;6;D) Visitando un lugar nuevo o una actividad nueva.
36;Mujer;B) Gimnasio, comida y salud.;C) Descansar en casa, planeando mi tiempo y gastos.;B) 1 o 2 veces.;2;B) Activo, haciendo deporte y comiendo.
27;Mujer;C) Ahorrando o invirtiendolo.;B) Hacer ejercicio y meditar.;C) Casi nunca.;9;D) Visitando un lugar nuevo o una actividad nueva.
35;Hombre;A) Salir a beber con amigos y fiestas.;B) Hacer ejercicio y meditar.;B) 1 o 2 veces.;5;C) Tranquilo, en casa y preparando la semana.
31;Hombre;B) Gimnasio, comida y salud.;B) Hacer ejercicio y meditar.;B) 1 o 2 veces.;2;D) Visitando un lugar nuevo o una actividad nueva.
21;Hombre;B) Gimnasio, comida y salud.;C) Descansar en casa, planeando mi tiempo y gastos.;C) Casi nunca.;1;C) Tranquilo, en casa y preparando la semana.
27;Mujer;C) Ahorrando o invirtiendolo.;D) Buscar nuevas actividades o viajando.;C) Casi nunca.;9;C) Tranquilo, en casa y preparando la semana.
13;Hombre;C) Ahorrando o invirtiendolo.;B) Hacer ejercicio y meditar.;B) 1 o 2 veces.;8;C) Tranquilo, en casa y preparando la semana.
23;Mujer;C) Ahorrando o invirtiendolo.;D) Buscar nuevas actividades o viajando.;D) Solo cuando hay un evento importante.;3;A) Improvisado, con amigos y musica.
14;Hombre;A) Salir a beber con amigos y fiestas.;B) Hacer ejercicio y meditar.;B) 1 o 2 veces.;5;A) Improvisado, con amigos y musica.
20;Mujer;C) Ahorrando o invirtiendolo.;D) Buscar nuevas actividades o viajando.;D) Solo cuando hay un evento importante.;3;C) Tranquilo, en casa y preparando la semana.
30;Mujer;B) Gimnasio, comida y salud.;B) Hacer ejercicio y meditar.;B) 1 o 2 veces.;6;C) Tranquilo, en casa y preparando la semana.
13;Mujer;C) Ahorrando o invirtiendolo.;D) Buscar nuevas actividades o viajando.;A) 4 o mas veces.;3;C) Tranquilo, en casa y preparando la semana.
24;Hombre;D) Viajes, conciertos, cursos.;B) Hacer ejercicio y meditar.;C) Casi nunca.;9;C) Tranquilo, en casa y preparando la semana.
13;Hombre;B) Gimnasio, comida y salud.;B) Hacer ejercicio y meditar.;D) Solo cuando hay un evento importante.;8;A) Improvisado, con amigos y musica.
13;Hombre;C) Ahorrando o invirtiendolo.;C) Descansar en casa, planeando mi tiempo y gastos.;C) Casi nunca.;5;C) Tranquilo, en casa y preparando la semana.
25;Mujer;B) Gimnasio, comida y salud.;B) Hacer ejercicio y meditar.;B) 1 o 2 veces.;4;C) Tranquilo, en casa y preparando la semana.
13;Hombre;C) Ahorrando o invirtiendolo.;B) Hacer ejercicio y meditar.;B) 1 o 2 veces.;7;A) Improvisado, con amigos y musica.
26;Mujer;A) Salir a beber con amigos y fiestas.;C) Descansar en casa, planeando mi tiempo y gastos.;B) 1 o 2 veces.;10;C) Tranquilo, en casa y preparando la semana.
15;Mujer;C) Ahorrando o invirtiendolo.;C) Descansar en casa, planeando mi tiempo y gastos.;C) Casi nunca.;4;C) Tranquilo, en casa y preparando la semana.
38;Mujer;B) Gimnasio, comida y salud.;C) Descansar en casa, planeando mi tiempo y gastos.;B) 1 o 2 veces.;5;C) Tranquilo, en casa y preparando la semana.
15;Mujer;B) Gimnasio, comida y salud.;D) Buscar nuevas actividades o viajando.;B) 1 o 2 veces.;1;C) Tranquilo, en casa y preparando la semana.
20;Mujer;B) Gimnasio, comida y salud.;C) Descansar en casa, planeando mi tiempo y gastos.;B) 1 o 2 veces.;10;A) Improvisado, con amigos y musica.
17;Hombre;D) Viajes, conciertos, cursos.;A) Salir a desconectarme, beber y socializar.;C) Casi nunca.;1;C) Tranquilo, en casa y preparando la semana.
41;Mujer;B) Gimnasio, comida y salud.;C) Descansar en casa, planeando mi tiempo y gastos.;A) 4 o mas veces.;8;B) Activo, haciendo deporte y comiendo.
20;Mujer;A) Salir a beber con amigos y fiestas.;B) Hacer ejercicio y meditar.;D) Solo cuando hay un evento importante.;7;C) Tranquilo, en casa y preparando la semana.
31;Mujer;B) Gimnasio, comida y salud.;C) Descansar en casa, planeando mi tiempo y gastos.;B) 1 o 2 veces.;2;D) Visitando un lugar nuevo o una actividad nueva.
13;Mujer;C) Ahorrando o invirtiendolo.;B) Hacer ejercicio y meditar.;C) Casi nunca.;8;A) Improvisado, con amigos y musica.
14;Hombre;B) Gimnasio, comida y salud.;B) Hacer ejercicio y meditar.;C) Casi nunca.;5;B) Activo, haciendo deporte y comiendo.
13;Hombre;B) Gimnasio, comida y salud.;D) Buscar nuevas actividades o viajando.;D) Solo cuando hay un evento importante.;4;B) Activo, haciendo deporte y comiendo.
28;Mujer;B) Gimnasio, comida y salud.;A) Salir a desconectarme, beber y socializar.;C) Casi nunca.;7;C) Tranquilo, en casa y preparando la semana.
43;Mujer;C) Ahorrando o invirtiendolo.;C) Descansar en casa, planeando mi tiempo y gastos.;C) Casi nunca.;6;A) Improvisado, con amigos y musica.
38;Hombre;B) Gimnasio, comida y salud.;A) Salir a desconectarme, beber y socializar.;B) 1 o 2 veces.;6;C) Tranquilo, en casa y preparando la semana.
17;Mujer;B) Gimnasio, comida y salud.;C) Descansar en casa, planeando mi tiempo y gastos.;B) 1 o 2 veces.;7;C) Tranquilo, en casa y preparando la semana.
25;Mujer;C) Ahorrando o invirtiendolo.;D) Buscar nuevas actividades o viajando.;D) Solo cuando hay un evento importante.;6;B) Activo, haciendo deporte y comiendo.
19;Hombre;D) Viajes, conciertos, cursos.;A) Salir a desconectarme, beber y socializar.;C) Casi nunca.;3;B) Activo, haciendo deporte y comiendo.
16;Hombre;C) Ahorrando o invirtiendolo.;B) Hacer ejercicio y meditar.;C) Casi nunca.;3;C) Tranquilo, en casa y preparando la semana.
17;Mujer;B) Gimnasio, comida y salud.;B) Hacer ejercicio y meditar.;C) Casi nunca.;6;C) Tranquilo, en casa y preparando la semana.
15;Hombre;B) Gimnasio, comida y salud.;B) Hacer ejercicio y meditar.;D) Solo cuando hay un evento importante.;4;C) Tranquilo, en casa y preparando la semana.
20;Mujer;B) Gimnasio, comida y salud.;D) Buscar nuevas actividades o viajando.;B) 1 o 2 veces.;3;A) Improvisado, con amigos y musica.
33;Mujer;B) Gimnasio, comida y salud.;B) Hacer ejercicio y meditar.;D) Solo cuando hay un evento importante.;6;C) Tranquilo, en casa y preparando la semana.
23;Hombre;C) Ahorrando o invirtiendolo.;A) Salir a desconectarme, beber y socializar.;A) 4 o mas veces.;4;A) Improvisado, con amigos y musica.
24;Mujer;A) Salir a beber con amigos y fiestas.;C) Descansar en casa, planeando mi tiempo y gastos.;C) Casi nunca.;3;B) Activo, haciendo deporte y comiendo.
33;Hombre;D) Viajes, conciertos, cursos.;B) Hacer ejercicio y meditar.;C) Casi nunca.;1;D) Visitando un lugar nuevo o una actividad nueva.
30;Hombre;D) Viajes, conciertos, cursos.;C) Descansar en casa, planeando mi tiempo y gastos.;D) Solo cuando hay un evento importante.;1;C) Tranquilo, en casa y preparando la semana.
22;Hombre;D) Viajes, conciertos, cursos.;A) Salir a desconectarme, beber y socializar.;C) Casi nunca.;4;D) Visitando un lugar nuevo o una actividad nueva.
20;Hombre;D) Viajes, conciertos, cursos.;A) Salir a desconectarme, beber y socializar.;C) Casi nunca.;4;C) Tranquilo, en casa y preparando la semana.
28;Mujer;B) Gimnasio, comida y salud.;B) Hacer ejercicio y meditar.;D) Solo cuando hay un evento importante.;5;C) Tranquilo, en casa y preparando la semana.
36;Mujer;B) Gimnasio, comida y salud.;B) Hacer ejercicio y meditar.;C) Casi nunca.;9;A) Improvisado, con amigos y musica.
24;Hombre;B) Gimnasio, comida y salud.;C) Descansar en casa, planeando mi tiempo y gastos.;A) 4 o mas veces.;2;C) Tranquilo, en casa y preparando la semana.
13;Hombre;B) Gimnasio, comida y salud.;C) Descansar en casa, planeando mi tiempo y gastos.;D) Solo cuando hay un evento importante.;7;C) Tranquilo, en casa y preparando la semana.
51;Hombre;C) Ahorrando o invirtiendolo.;C) Descansar en casa, planeando mi tiempo y gastos.;C) Casi nunca.;1;A) Improvisado, con amigos y musica.
46;Mujer;C) Ahorrando o invirtiendolo.;C) Descansar en casa, planeando mi tiempo y gastos.;C) Casi nunca.;9;C) Tranquilo, en casa y preparando la semana.
25;Mujer;B) Gimnasio, comida y salud.;C) Descansar en casa, planeando mi tiempo y gastos.;B) 1 o 2 veces.;6;B) Activo, haciendo deporte y comiendo.
27;Mujer;C) Ahorrando o invirtiendolo.;B) Hacer ejercicio y meditar.;C) Casi nunca.;1;C) Tranquilo, en casa y preparando la semana.
28;Hombre;B) Gimnasio, comida y salud.;C) Descansar en casa, planeando mi tiempo y gastos.;D) Solo cuando hay un evento importante.;8;C) Tranquilo, en casa y preparando la semana.
23;Mujer;D) Viajes, conciertos, cursos.;C) Descansar en casa, planeando mi tiempo y gastos.;A) 4 o mas veces.;6;C) Tranquilo, en casa y preparando la semana.
27;Hombre;C) Ahorrando o invirtiendolo.;C) Descansar en casa, planeando mi tiempo y gastos.;D) Solo cuando hay un evento importante.;10;C) Tranquilo, en casa y preparando la semana.
13;Hombre;A) Salir a beber con amigos y fiestas.;D) Buscar nuevas actividades o viajando.;D) Solo cuando hay un evento importante.;4;C) Tranquilo, en casa y preparando la semana.
19;Mujer;C) Ahorrando o invirtiendolo.;D) Buscar nuevas actividades o viajando.;B) 1 o 2 veces.;3;C) Tranquilo, en casa y preparando la semana.
17;Mujer;A) Salir a beber con amigos y fiestas.;D) Buscar nuevas actividades o viajando.;C) Casi nunca.;10;C) Tranquilo, en casa y preparando la semana.
35;Mujer;C) Ahorrando o invirtiendolo.;B) Hacer ejercicio y meditar.;C) Casi nunca.;5;C) Tranquilo, en casa y preparando la semana.
31;Mujer;C) Ahorrando o invirtiendolo.;C) Descansar en casa, planeando mi tiempo y gastos.;C) Casi nunca.;4;B) Activo, haciendo deporte y comiendo.
24;Hombre;B) Gimnasio, comida y salud.;B) Hacer ejercicio y meditar.;C) Casi nunca.;4;C) Tranquilo, en casa y preparando la semana.
22;Hombre;A) Salir a beber con amigos y fiestas.;B) Hacer ejercicio y meditar.;B) 1 o 2 veces.;5;C) Tranquilo, en casa y preparando la semana.
18;Hombre;A) Salir a beber con amigos y fiestas.;D) Buscar nuevas actividades o viajando.;C) Casi nunca.;5;C) Tranquilo, en casa y preparando la semana.
17;Mujer;A) Salir a beber con amigos y fiestas.;D) Buscar nuevas actividades o viajando.;C) Casi nunca.;6;C) Tranquilo, en casa y preparando la semana.
13;Hombre;D) Viajes, conciertos, cursos.;A) Salir a desconectarme, beber y socializar.;B) 1 o 2 veces.;1;C) Tranquilo, en casa y preparando la semana.
48;Mujer;A) Salir a beber con amigos y fiestas.;B) Hacer ejercicio y meditar.;C) Casi nunca.;4;C) Tranquilo, en casa y preparando la semana.
28;Mujer;A) Salir a beber con amigos y fiestas.;B) Hacer ejercicio y meditar.;B) 1 o 2 veces.;7;C) Tranquilo, en casa y preparando la semana.
32;Mujer;B) Gimnasio, comida y salud.;A) Salir a desconectarme, beber y socializar.;D) Solo cuando hay un evento importante.;6;C) Tranquilo, en casa y preparando la semana.
13;Mujer;B) Gimnasio, comida y salud.;A) Salir a desconectarme, beber y socializar.;B) 1 o 2 veces.;3;A) Improvisado, con amigos y musica.
32;Hombre;B) Gimnasio, comida y salud.;C) Descansar en casa, planeando mi tiempo y gastos.;B) 1 o 2 veces.;3;A) Improvisado, con amigos y musica.
38;Hombre;B) Gimnasio, comida y salud.;B) Hacer ejercicio y meditar.;B) 1 o 2 veces.;5;C) Tranquilo, en casa y preparando la semana.
48;Mujer;B) Gimnasio, comida y salud.;C) Descansar en casa, planeando mi tiempo y gastos.;C) Casi nunca.;3;C) Tranquilo, en casa y preparando la semana.
24;Hombre;C) Ahorrando o invirtiendolo.;B) Hacer ejercicio y meditar.;A) 4 o mas veces.;6;B) Activo, haciendo deporte y comiendo.
32;Mujer;B) Gimnasio, comida y salud.;C) Descansar en casa, planeando mi tiempo y gastos.;D) Solo cuando hay un evento importante.;8;C) Tranquilo, en casa y preparando la semana.
36;Mujer;B) Gimnasio, comida y salud.;C) Descansar en casa, planeando mi tiempo y gastos.;C) Casi nunca.;6;D) Visitando un lugar nuevo o una actividad nueva.
34;Hombre;A) Salir a beber con amigos y fiestas.;C) Descansar en casa, planeando mi tiempo y gastos.;D) Solo cuando hay un evento importante.;5;A) Improvisado, con amigos y musica.
69;Mujer;C) Ahorrando o invirtiendolo.;D) Buscar nuevas actividades o viajando.;B) 1 o 2 veces.;10;C) Tranquilo, en casa y preparando la semana.
20;Hombre;C) Ahorrando o invirtiendolo.;D) Buscar nuevas actividades o viajando.;B) 1 o 2 veces.;2;C) Tranquilo, en casa y preparando la semana.
18;Mujer;B) Gimnasio, comida y salud.;C) Descansar en casa, planeando mi tiempo y gastos.;C) Casi nunca.;2;C) Tranquilo, en casa y preparando la semana.
23;Mujer;D) Viajes, conciertos, cursos.;C) Descansar en casa, planeando mi tiempo y gastos.;D) Solo cuando hay un evento importante.;5;C) Tranquilo, en casa y preparando la semana.
22;Hombre;B) Gimnasio, comida y salud.;C) Descansar en casa, planeando mi tiempo y gastos.;D) Solo cuando hay un evento importante.;1;C) Tranquilo, en casa y preparando la semana.
13;Mujer;A) Salir a beber con amigos y fiestas.;B) Hacer ejercicio y meditar.;B) 1 o 2 veces.;2;C) Tranquilo, en casa y preparando la semana.
32;Hombre;B) Gimnasio, comida y salud.;A) Salir a desconectarme, beber y socializar.;C) Casi nunca.;8;C) Tranquilo, en casa y preparando la semana.
19;Hombre;D) Viajes, conciertos, cursos.;C) Descansar en casa, planeando mi tiempo y gastos.;B) 1 o 2 veces.;4;A) Improvisado, con amigos y musica.
19;Mujer;D) Viajes, conciertos, cursos.;B) Hacer ejercicio y meditar.;D) Solo cuando hay un evento importante.;5;C) Tranquilo, en casa y preparando la semana.
22;Mujer;B) Gimnasio, comida y salud.;C) Descansar en casa, planeando mi tiempo y gastos.;C) Casi nunca.;5;A) Improvisado, con amigos y musica.
13;Mujer;D) Viajes, conciertos, cursos.;C) Descansar en casa, planeando mi tiempo y gastos.;C) Casi nunca.;6;B) Activo, haciendo deporte y comiendo.
13;Mujer;B) Gimnasio, comida y salud.;D) Buscar nuevas actividades o viajando.;B) 1 o 2 veces.;2;B) Activo, haciendo deporte y comiendo.
18;Mujer;A) Salir a beber con amigos y fiestas.;C) Descansar en casa, planeando mi tiempo y gastos.;C) Casi nunca.;8;C) Tranquilo, en casa y preparando la semana.
14;Hombre;D) Viajes, conciertos, cursos.;B) Hacer ejercicio y meditar.;B) 1 o 2 veces.;9;C) Tranquilo, en casa y preparando la semana.
14;Hombre;A) Salir a beber con amigos y fiestas.;C) Descansar en casa, planeando mi tiempo y gastos.;B) 1 o 2 veces.;6;B) Activo, haciendo deporte y comiendo.
20;Mujer;B) Gimnasio, comida y salud.;C) Descansar en casa, planeando mi tiempo y gastos.;D) Solo cuando hay un evento importante.;7;C) Tranquilo, en casa y preparando la semana.
34;Mujer;A) Salir a beber con amigos y fiestas.;A) Salir a desconectarme, beber y socializar.;D) Solo cuando hay un evento importante.;6;A) Improvisado, con amigos y musica.
27;Hombre;C) Ahorrando o invirtiendolo.;A) Salir a desconectarme, beber y socializar.;D) Solo cuando hay un evento importante.;6;C) Tranquilo, en casa y preparando la semana.
34;Mujer;A) Salir a beber con amigos y fiestas.;D) Buscar nuevas actividades o viajando.;D) Solo cuando hay un evento importante.;2;C) Tranquilo, en casa y preparando la semana.
17;Mujer;B) Gimnasio, comida y salud.;C) Descansar en casa, planeando mi tiempo y gastos.;A) 4 o mas veces.;6;C) Tranquilo, en casa y preparando la semana.
13;Hombre;C) Ahorrando o invirtiendolo.;A) Salir a desconectarme, beber y socializar.;C) Casi nunca.;9;C) Tranquilo, en casa y preparando la semana.
18;Mujer;D) Viajes, conciertos, cursos.;B) Hacer ejercicio y meditar.;C) Casi nunca.;7;A) Improvisado, con amigos y musica.
13;Mujer;A) Salir a beber con amigos y fiestas.;C) Descansar en casa, planeando mi tiempo y gastos.;C) Casi nunca.;1;C) Tranquilo, en casa y preparando la semana.
32;Mujer;B) Gimnasio, comida y salud.;B) Hacer ejercicio y meditar.;D) Solo cuando hay un evento importante.;1;C) Tranquilo, en casa y preparando la semana.
28;Mujer;C) Ahorrando o invirtiendolo.;C) Descansar en casa, planeando mi tiempo y gastos.;B) 1 o 2 veces.;4;C) Tranquilo, en casa y preparando la semana.
26;Hombre;C) Ahorrando o invirtiendolo.;C) Descansar en casa, planeando mi tiempo y gastos.;A) 4 o mas veces.;1;C) Tranquilo, en casa y preparando la semana.
22;Mujer;B) Gimnasio, comida y salud.;C) Descansar en casa, planeando mi tiempo y gastos.;D) Solo cuando hay un evento importante.;7;A) Improvisado, con amigos y musica.
24;Mujer;D) Viajes, conciertos, cursos.;B) Hacer ejercicio y meditar.;C) Casi nunca.;8;A) Improvisado, con amigos y musica.
13;Mujer;A) Salir a beber con amigos y fiestas.;A) Salir a desconectarme, beber y socializar.;C) Casi nunca.;7;C) Tranquilo, en casa y preparando la semana.
13;Hombre;C) Ahorrando o invirtiendolo.;D) Buscar nuevas actividades o viajando.;B) 1 o 2 veces.;7;A) Improvisado, con amigos y musica.
23;Hombre;A) Salir a beber con amigos y fiestas.;B) Hacer ejercicio y meditar.;A) 4 o mas veces.;6;C) Tranquilo, en casa y preparando la semana.
30;Mujer;A) Salir a beber con amigos y fiestas.;D) Buscar nuevas actividades o viajando.;A) 4 o mas veces.;7;B) Activo, haciendo deporte y comiendo.
18;Mujer;C) Ahorrando o invirtiendolo.;C) Descansar en casa, planeando mi tiempo y gastos.;C) Casi nunca.;2;C) Tranquilo, en casa y preparando la semana.
37;Mujer;D) Viajes, conciertos, cursos.;B) Hacer ejercicio y meditar.;C) Casi nunca.;3;A) Improvisado, con amigos y musica.
21;Mujer;D) Viajes, conciertos, cursos.;C) Descansar en casa, planeando mi tiempo y gastos.;D) Solo cuando hay un evento importante.;3;C) Tranquilo, en casa y preparando la semana.
16;Hombre;A) Salir a beber con amigos y fiestas.;C) Descansar en casa, planeando mi tiempo y gastos.;D) Solo cuando hay un evento importante.;6;A) Improvisado, con amigos y musica.
23;Hombre;B) Gimnasio, comida y salud.;C) Descansar en casa, planeando mi tiempo y gastos.;D) Solo cuando hay un evento importante.;5;A) Improvisado, con amigos y musica.
16;Hombre;C) Ahorrando o invirtiendolo.;D) Buscar nuevas actividades o viajando.;D) Solo cuando hay un evento importante.;4;D) Visitando un lugar nuevo o una actividad nueva.
58;Mujer;A) Salir a beber con amigos y fiestas.;D) Buscar nuevas actividades o viajando.;A) 4 o mas veces.;9;B) Activo, haciendo deporte y comiendo.
27;Hombre;D) Viajes, conciertos, cursos.;A) Salir a desconectarme, beber y socializar.;A) 4 o mas veces.;3;C) Tranquilo, en casa y preparando la semana.
29;Hombre;A) Salir a beber con amigos y fiestas.;C) Descansar en casa, planeando mi tiempo y gastos.;C) Casi nunca.;5;B) Activo, haciendo deporte y comiendo.
17;Hombre;B) Gimnasio, comida y salud.;C) Descansar en casa, planeando mi tiempo y gastos.;B) 1 o 2 veces.;5;B) Activo, haciendo deporte y comiendo.
13;Mujer;D) Viajes, conciertos, cursos.;A) Salir a desconectarme, beber y socializar.;C) Casi nunca.;6;C) Tranquilo, en casa y preparando la semana.
14;Hombre;C) Ahorrando o invirtiendolo.;A) Salir a desconectarme, beber y socializar.;D) Solo cuando hay un evento importante.;8;D) Visitando un lugar nuevo o una actividad nueva.
13;Mujer;A) Salir a beber con amigos y fiestas.;C) Descansar en casa, planeando mi tiempo y gastos.;B) 1 o 2 veces.;9;A) Improvisado, con amigos y musica.
35;Mujer;B) Gimnasio, comida y salud.;B) Hacer ejercicio y meditar.;C) Casi nunca.;7;A) Improvisado, con amigos y musica.
23;Hombre;C) Ahorrando o invirtiendolo.;B) Hacer ejercicio y meditar.;A) 4 o mas veces.;5;C) Tranquilo, en casa y preparando la semana.
29;Hombre;A) Salir a beber con amigos y fiestas.;B) Hacer ejercicio y meditar.;D) Solo cuando hay un evento importante.;6;A) Improvisado, con amigos y musica.
30;Mujer;A) Salir a beber con amigos y fiestas.;B) Hacer ejercicio y meditar.;D) Solo cuando hay un evento importante.;3;C) Tranquilo, en casa y preparando la semana.
22;Mujer;B) Gimnasio, comida y salud.;B) Hacer ejercicio y meditar.;A) 4 o mas veces.;4;A) Improvisado, con amigos y musica.
24;Mujer;C) Ahorrando o invirtiendolo.;B) Hacer ejercicio y meditar.;A) 4 o mas veces.;3;B) Activo, haciendo deporte y comiendo.
13;Mujer;A) Salir a beber con amigos y fiestas.;B) Hacer ejercicio y meditar.;D) Solo cuando hay un evento importante.;6;A) Improvisado, con amigos y musica.
13;Mujer;C) Ahorrando o invirtiendolo.;B) Hacer ejercicio y meditar.;D) Solo cuando hay un evento importante.;9;C) Tranquilo, en casa y preparando la semana.
36;Mujer;B) Gimnasio, comida y salud.;A) Salir a desconectarme, beber y socializar.;C) Casi nunca.;2;C) Tranquilo, en casa y preparando la semana.
24;Hombre;C) Ahorrando o invirtiendolo.;D) Buscar nuevas actividades o viajando.;D) Solo cuando hay un evento importante.;7;C) Tranquilo, en casa y preparando la semana.
32;Mujer;D) Viajes, conciertos, cursos.;A) Salir a desconectarme, beber y socializar.;B) 1 o 2 veces.;5;C) Tranquilo, en casa y preparando la semana.
19;Mujer;B) Gimnasio, comida y salud.;C) Descansar en casa, planeando mi tiempo y gastos.;B) 1 o 2 veces.;8;C) Tranquilo, en casa y preparando la semana.
28;Mujer;D) Viajes, conciertos, cursos.;A) Salir a desconectarme, beber y socializar.;B) 1 o 2 veces.;6;C) Tranquilo, en casa y preparando la semana.
21;Hombre;C) Ahorrando o invirtiendolo.;C) Descansar en casa, planeando mi tiempo y gastos.;C) Casi nunca.;6;C) Tranquilo, en casa y preparando la semana.
22;Hombre;B) Gimnasio, comida y salud.;B) Hacer ejercicio y meditar.;D) Solo cuando hay un evento importante.;2;C) Tranquilo, en casa y preparando la semana.
23;Mujer;B) Gimnasio, comida y salud.;C) Descansar en casa, planeando mi tiempo y gastos.;D) Solo cuando hay un evento importante.;6;A) Improvisado, con amigos y musica.
25;Hombre;D) Viajes, conciertos, cursos.;C) Descansar en casa, planeando mi tiempo y gastos.;B) 1 o 2 veces.;4;C) Tranquilo, en casa y preparando la semana.
13;Hombre;A) Salir a beber con amigos y fiestas.;C) Descansar en casa, planeando mi tiempo y gastos.;C) Casi nunca.;7;C) Tranquilo, en casa y preparando la semana.
22;Mujer;C) Ahorrando o invirtiendolo.;B) Hacer ejercicio y meditar.;D) Solo cuando hay un evento importante.;10;D) Visitando un lugar nuevo o una actividad nueva.
34;Mujer;C) Ahorrando o invirtiendolo.;A) Salir a desconectarme, beber y socializar.;A) 4 o mas veces.;7;A) Improvisado, con amigos y musica.
14;Hombre;A) Salir a beber con amigos y fiestas.;C) Descansar en casa, planeando mi tiempo y gastos.;B) 1 o 2 veces.;2;D) Visitando un lugar nuevo o una actividad nueva.
15;Mujer;A) Salir a beber con amigos y fiestas.;C) Descansar en casa, planeando mi tiempo y gastos.;C) Casi nunca.;9;C) Tranquilo, en casa y preparando la semana.
13;Mujer;C) Ahorrando o invirtiendolo.;A) Salir a desconectarme, beber y socializar.;C) Casi nunca.;9;C) Tranquilo, en casa y preparando la semana.
38;Mujer;C) Ahorrando o invirtiendolo.;B) Hacer ejercicio y meditar.;B) 1 o 2 veces.;7;A) Improvisado, con amigos y musica.
35;Hombre;D) Viajes, conciertos, cursos.;B) Hacer ejercicio y meditar.;B) 1 o 2 veces.;7;A) Improvisado, con amigos y musica.
33;Hombre;D) Viajes, conciertos, cursos.;D) Buscar nuevas actividades o viajando.;C) Casi nunca.;2;C) Tranquilo, en casa y preparando la semana.
26;Mujer;C) Ahorrando o invirtiendolo.;C) Descansar en casa, planeando mi tiempo y gastos.;D) Solo cuando hay un evento importante.;9;D) Visitando un lugar nuevo o una actividad nueva.
39;Hombre;C) Ahorrando o invirtiendolo.;C) Descansar en casa, planeando mi tiempo y gastos.;D) Solo cuando hay un evento importante.;6;A) Improvisado, con amigos y musica.
16;Mujer;C) Ahorrando o invirtiendolo.;B) Hacer ejercicio y meditar.;D) Solo cuando hay un evento importante.;5;B) Activo, haciendo deporte y comiendo.
26;Mujer;C) Ahorrando o invirtiendolo.;C) Descansar en casa, planeando mi tiempo y gastos.;C) Casi nunca.;2;C) Tranquilo, en casa y preparando la semana.
50;Mujer;A) Salir a beber con amigos y fiestas.;A) Salir a desconectarme, beber y socializar.;C) Casi nunca.;6;C) Tranquilo, en casa y preparando la semana.
25;Mujer;D) Viajes, conciertos, cursos.;B) Hacer ejercicio y meditar.;C) Casi nunca.;4;C) Tranquilo, en casa y preparando la semana.
29;Mujer;B) Gimnasio, comida y salud.;D) Buscar nuevas actividades o viajando.;C) Casi nunca.;8;C) Tranquilo, en casa y preparando la semana.
24;Mujer;A) Salir a beber con amigos y fiestas.;B) Hacer ejercicio y meditar.;C) Casi nunca.;3;B) Activo, haciendo deporte y comiendo.
29;Mujer;B) Gimnasio, comida y salud.;C) Descansar en casa, planeando mi tiempo y gastos.;D) Solo cuando hay un evento importante.;4;C) Tranquilo, en casa y preparando la semana.
26;Mujer;B) Gimnasio, comida y salud.;B) Hacer ejercicio y meditar.;C) Casi nunca.;5;A) Improvisado, con amigos y musica.
27;Mujer;A) Salir a beber con amigos y fiestas.;B) Hacer ejercicio y meditar.;B) 1 o 2 veces.;4;A) Improvisado, con amigos y musica.
37;Hombre;C) Ahorrando o invirtiendolo.;A) Salir a desconectarme, beber y socializar.;B) 1 o 2 veces.;4;C) Tranquilo, en casa y preparando la semana.
35;Mujer;A) Salir a beber con amigos y fiestas.;B) Hacer ejercicio y meditar.;B) 1 o 2 veces.;9;C) Tranquilo, en casa y preparando la semana.
29;Hombre;B) Gimnasio, comida y salud.;A) Salir a desconectarme, beber y socializar.;C) Casi nunca.;2;C) Tranquilo, en casa y preparando la semana.
13;Mujer;C) Ahorrando o invirtiendolo.;C) Descansar en casa, planeando mi tiempo y gastos.;D) Solo cuando hay un evento importante.;7;C) Tranquilo, en casa y preparando la semana.
24;Mujer;B) Gimnasio, comida y salud.;C) Descansar en casa, planeando mi tiempo y gastos.;C) Casi nunca.;4;C) Tranquilo, en casa y preparando la semana.
52;Mujer;A) Salir a beber con amigos y fiestas.;D) Buscar nuevas actividades o viajando.;B) 1 o 2 veces.;3;C) Tranquilo, en casa y preparando la semana.
27;Hombre;B) Gimnasio, comida y salud.;B) Hacer ejercicio y meditar.;B) 1 o 2 veces.;10;C) Tranquilo, en casa y preparando la semana.
13;Mujer;B) Gimnasio, comida y salud.;C) Descansar en casa, planeando mi tiempo y gastos.;D) Solo cuando hay un evento importante.;3;C) Tranquilo, en casa y preparando la semana.
15;Mujer;D) Viajes, conciertos, cursos.;D) Buscar nuevas actividades o viajando.;C) Casi nunca.;7;C) Tranquilo, en casa y preparando la semana.
16;Mujer;D) Viajes, conciertos, cursos.;B) Hacer ejercicio y meditar.;B) 1 o 2 veces.;5;C) Tranquilo, en casa y preparando la semana.
39;Hombre;C) Ahorrando o invirtiendolo.;C) Descansar en casa, planeando mi tiempo y gastos.;D) Solo cuando hay un evento importante.;8;C) Tranquilo, en casa y preparando la semana.
20;Hombre;C) Ahorrando o invirtiendolo.;B) Hacer ejercicio y meditar.;C) Casi nunca.;8;C) Tranquilo, en casa y preparando la semana.
16;Hombre;D) Viajes, conciertos, cursos.;B) Hacer ejercicio y meditar.;C) Casi nunca.;8;C) Tranquilo, en casa y preparando la semana.
17;Mujer;B) Gimnasio, comida y salud.;C) Descansar en casa, planeando mi tiempo y gastos.;B) 1 o 2 veces.;4;B) Activo, haciendo deporte y comiendo.
28;Mujer;B) Gimnasio, comida y salud.;A) Salir a desconectarme, beber y socializar.;D) Solo cuando hay un evento importante.;10;D) Visitando un lugar nuevo o una actividad nueva.
13;Mujer;A) Salir a beber con amigos y fiestas.;C) Descansar en casa, planeando mi tiempo y gastos.;D) Solo cuando hay un evento importante.;7;A) Improvisado, con amigos y musica.
20;Mujer;B) Gimnasio, comida y salud.;A) Salir a desconectarme, beber y socializar.;B) 1 o 2 veces.;4;C) Tranquilo, en casa y preparando la semana.
37;Mujer;C) Ahorrando o invirtiendolo.;A) Salir a desconectarme, beber y socializar.;C) Casi nunca.;1;B) Activo, haciendo deporte y comiendo.
20;Mujer;C) Ahorrando o invirtiendolo.;C) Descansar en casa, planeando mi tiempo y gastos.;C) Casi nunca.;6;B) Activo, haciendo deporte y comiendo.
29;Mujer;A) Salir a beber con amigos y fiestas.;C) Descansar en casa, planeando mi tiempo y gastos.;C) Casi nunca.;1;A) Improvisado, con amigos y musica.
13;Hombre;B) Gimnasio, comida y salud.;C) Descansar en casa, planeando mi tiempo y gastos.;D) Solo cuando hay un evento importante.;3;A) Improvisado, con amigos y musica.
18;Hombre;C) Ahorrando o invirtiendolo.;C) Descansar en casa, planeando mi tiempo y gastos.;A) 4 o mas veces.;7;C) Tranquilo, en casa y preparando la semana.
34;Mujer;B) Gimnasio, comida y salud.;D) Buscar nuevas actividades o viajando.;C) Casi nunca.;8;B) Activo, haciendo deporte y comiendo.
46;Mujer;A) Salir a beber con amigos y fiestas.;B) Hacer ejercicio y meditar.;D) Solo cuando hay un evento importante.;1;C) Tranquilo, en casa y preparando la semana.
13;Hombre;C) Ahorrando o invirtiendolo.;B) Hacer ejercicio y meditar.;C) Casi nunca.;3;C) Tranquilo, en casa y preparando la semana.
29;Mujer;A) Salir a beber con amigos y fiestas.;B) Hacer ejercicio y meditar.;B) 1 o 2 veces.;8;A) Improvisado, con amigos y musica.
44;Hombre;B) Gimnasio, comida y salud.;A) Salir a desconectarme, beber y socializar.;B) 1 o 2 veces.;1;A) Improvisado, con amigos y musica.
13;Mujer;B) Gimnasio, comida y salud.;C) Descansar en casa, planeando mi tiempo y gastos.;C) Casi nunca.;10;A) Improvisado, con amigos y musica.
14;Hombre;C) Ahorrando o invirtiendolo.;B) Hacer ejercicio y meditar.;B) 1 o 2 veces.;4;A) Improvisado, con amigos y musica.
23;Mujer;C) Ahorrando o invirtiendolo.;D) Buscar nuevas actividades o viajando.;C) Casi nunca.;4;B) Activo, haciendo deporte y comiendo.
16;Mujer;A) Salir a beber con amigos y fiestas.;B) Hacer ejercicio y meditar.;C) Casi nunca.;5;A) Improvisado, con amigos y musica.
26;Hombre;B) Gimnasio, comida y salud.;C) Descansar en casa, planeando mi tiempo y gastos.;A) 4 o mas veces.;10;B) Activo, haciendo deporte y comiendo.
22;Hombre;C) Ahorrando o invirtiendolo.;D) Buscar nuevas actividades o viajando.;D) Solo cuando hay un evento importante.;10;C) Tranquilo, en casa y preparando la semana.
23;Hombre;C) Ahorrando o invirtiendolo.;B) Hacer ejercicio y meditar.;C) Casi nunca.;10;D) Visitando un lugar nuevo o una actividad nueva.
28;Mujer;B) Gimnasio, comida y salud.;B) Hacer ejercicio y meditar.;D) Solo cuando hay un evento importante.;6;C) Tranquilo, en casa y preparando la semana.
15;Hombre;C) Ahorrando o invirtiendolo.;D) Buscar nuevas actividades o viajando.;C) Casi nunca.;4;C) Tranquilo, en casa y preparando la semana.
20;Mujer;D) Viajes, conciertos, cursos.;B) Hacer ejercicio y meditar.;D) Solo cuando hay un evento importante.;1;C) Tranquilo, en casa y preparando la semana.
39;Mujer;B) Gimnasio, comida y salud.;C) Descansar en casa, planeando mi tiempo y gastos.;C) Casi nunca.;5;C) Tranquilo, en casa y preparando la semana.
33;Hombre;A) Salir a beber con amigos y fiestas.;B) Hacer ejercicio y meditar.;C) Casi nunca.;1;C) Tranquilo, en casa y preparando la semana.
38;Hombre;C) Ahorrando o invirtiendolo.;B) Hacer ejercicio y meditar.;B) 1 o 2 veces.;7;C) Tranquilo, en casa y preparando la semana.
29;Mujer;D) Viajes, conciertos, cursos.;B) Hacer ejercicio y meditar.;D) Solo cuando hay un evento importante.;6;C) Tranquilo, en casa y preparando la semana.
13;Mujer;B) Gimnasio, comida y salud.;D) Buscar nuevas actividades o viajando.;B) 1 o 2 veces.;4;C) Tranquilo, en casa y preparando la semana.
13;Hombre;B) Gimnasio, comida y salud.;B) Hacer ejercicio y meditar.;B) 1 o 2 veces.;5;B) Activo, haciendo deporte y comiendo.
13;Hombre;A) Salir a beber con amigos y fiestas.;C) Descansar en casa, planeando mi tiempo y gastos.;A) 4 o mas veces.;10;C) Tranquilo, en casa y preparando la semana.
35;Mujer;B) Gimnasio, comida y salud.;A) Salir a desconectarme, beber y socializar.;D) Solo cuando hay un evento importante.;4;C) Tranquilo, en casa y preparando la semana.
34;Mujer;A) Salir a beber con amigos y fiestas.;C) Descansar en casa, planeando mi tiempo y gastos.;B) 1 o 2 veces.;6;A) Improvisado, con amigos y musica.
28;Mujer;C) Ahorrando o invirtiendolo.;C) Descansar en casa, planeando mi tiempo y gastos.;B) 1 o 2 veces.;4;C) Tranquilo, en casa y preparando la semana.
22;Mujer;A) Salir a beber con amigos y fiestas.;B) Hacer ejercicio y meditar.;A) 4 o mas veces.;4;C) Tranquilo, en casa y preparando la semana.
22;Mujer;B) Gimnasio, comida y salud.;C) Descansar en casa, planeando mi tiempo y gastos.;D) Solo cuando hay un evento importante.;7;C) Tranquilo, en casa y preparando la semana.
13;Mujer;B) Gimnasio, comida y salud.;B) Hacer ejercicio y meditar.;B) 1 o 2 veces.;7;A) Improvisado, con amigos y musica.
35;Mujer;C) Ahorrando o invirtiendolo.;C) Descansar en casa, planeando mi tiempo y gastos.;C) Casi nunca.;6;C) Tranquilo, en casa y preparando la semana.
41;Hombre;D) Viajes, conciertos, cursos.;A) Salir a desconectarme, beber y socializar.;A) 4 o mas veces.;6;C) Tranquilo, en casa y preparando la semana.
40;Mujer;B) Gimnasio, comida y salud.;D) Buscar nuevas actividades o viajando.;C) Casi nunca.;1;C) Tranquilo, en casa y preparando la semana.
13;Hombre;D) Viajes, conciertos, cursos.;B) Hacer ejercicio y meditar.;D) Solo cuando hay un evento importante.;8;A) Improvisado, con amigos y musica.
13;Hombre;B) Gimnasio, comida y salud.;A) Salir a desconectarme, beber y socializar.;B) 1 o 2 veces.;3;A) Improvisado, con amigos y musica.
16;Hombre;A) Salir a beber con amigos y fiestas.;C) Descansar en casa, planeando mi tiempo y gastos.;C) Casi nunca.;5;C) Tranquilo, en casa y preparando la semana.
13;Hombre;D) Viajes, conciertos, cursos.;B) Hacer ejercicio y meditar.;D) Solo cuando hay un evento importante.;4;C) Tranquilo, en casa y preparando la semana.
15;Mujer;B) Gimnasio, comida y salud.;C) Descansar en casa, planeando mi tiempo y gastos.;C) Casi nunca.;4;C) Tranquilo, en casa y preparando la semana.
13;Mujer;B) Gimnasio, comida y salud.;A) Salir a desconectarme, beber y socializar.;C) Casi nunca.;6;C) Tranquilo, en casa y preparando la semana.
13;Hombre;D) Viajes, conciertos, cursos.;A) Salir a desconectarme, beber y socializar.;B) 1 o 2 veces.;10;C) Tranquilo, en casa y preparando la semana.
31;Mujer;A) Salir a beber con amigos y fiestas.;B) Hacer ejercicio y meditar.;D) Solo cuando hay un evento importante.;10;A) Improvisado, con amigos y musica.
20;Mujer;C) Ahorrando o invirtiendolo.;C) Descansar en casa, planeando mi tiempo y gastos.;C) Casi nunca.;7;C) Tranquilo, en casa y preparando la semana.
13;Hombre;A) Salir a beber con amigos y fiestas.;B) Hacer ejercicio y meditar.;D) Solo cuando hay un evento importante.;5;B) Activo, haciendo deporte y comiendo.
31;Hombre;C) Ahorrando o invirtiendolo.;B) Hacer ejercicio y meditar.;D) Solo cuando hay un evento importante.;5;C) Tranquilo, en casa y preparando la semana.
24;Hombre;D) Viajes, conciertos, cursos.;A) Salir a desconectarme, beber y socializar.;C) Casi nunca.;10;B) Activo, haciendo deporte y comiendo.
26;Mujer;B) Gimnasio, comida y salud.;B) Hacer ejercicio y meditar.;C) Casi nunca.;7;C) Tranquilo, en casa y preparando la semana.
26;Hombre;B) Gimnasio, comida y salud.;A) Salir a desconectarme, beber y socializar.;A) 4 o mas veces.;6;D) Visitando un lugar nuevo o una actividad nueva.
31;Mujer;B) Gimnasio, comida y salud.;A) Salir a desconectarme, beber y socializar.;D) Solo cuando hay un evento importante.;8;C) Tranquilo, en casa y preparando la semana.
25;Mujer;B) Gimnasio, comida y salud.;D) Buscar nuevas actividades o viajando.;C) Casi nunca.;1;A) Improvisado, con amigos y musica.
31;Mujer;A) Salir a beber con amigos y fiestas.;C) Descansar en casa, planeando mi tiempo y gastos.;C) Casi nunca.;8;C) Tranquilo, en casa y preparando la semana.
20;Hombre;C) Ahorrando o invirtiendolo.;A) Salir a desconectarme, beber y socializar.;A) 4 o mas veces.;9;C) Tranquilo, en casa y preparando la semana.
32;Hombre;A) Salir a beber con amigos y fiestas.;B) Hacer ejercicio y meditar.;D) Solo cuando hay un evento importante.;5;A) Improvisado, con amigos y musica.
27;Hombre;A) Salir a beber con amigos y fiestas.;D) Buscar nuevas actividades o viajando.;B) 1 o 2 veces.;3;C) Tranquilo, en casa y preparando la semana.
20;Mujer;C) Ahorrando o invirtiendolo.;B) Hacer ejercicio y meditar.;C) Casi nunca.;1;A) Improvisado, con amigos y musica.
13;Mujer;D) Viajes, conciertos, cursos.;B) Hacer ejercicio y meditar.;C) Casi nunca.;5;D) Visitando un lugar nuevo o una actividad nueva.
29;Hombre;A) Salir a beber con amigos y fiestas.;B) Hacer ejercicio y meditar.;A) 4 o mas veces.;5;A) Improvisado, con amigos y musica.
16;Hombre;C) Ahorrando o invirtiendolo.;A) Salir a desconectarme, beber y socializar.;D) Solo cuando hay un evento importante.;6;C) Tranquilo, en casa y preparando la semana.
52;Hombre;D) Viajes, conciertos, cursos.;A) Salir a desconectarme, beber y socializar.;B) 1 o 2 veces.;5;A) Improvisado, con amigos y musica.
19;Mujer;B) Gimnasio, comida y salud.;A) Salir a desconectarme, beber y socializar.;C) Casi nunca.;5;B) Activo, haciendo deporte y comiendo.
22;Mujer;C) Ahorrando o invirtiendolo.;D) Buscar nuevas actividades o viajando.;C) Casi nunca.;9;C) Tranquilo, en casa y preparando la semana.
39;Mujer;A) Salir a beber con amigos y fiestas.;B) Hacer ejercicio y meditar.;D) Solo cuando hay un evento importante.;1;B) Activo, haciendo deporte y comiendo.
32;Mujer;A) Salir a beber con amigos y fiestas.;B) Hacer ejercicio y meditar.;C) Casi nunca.;5;D) Visitando un lugar nuevo o una actividad nueva.
24;Hombre;B) Gimnasio, comida y salud.;D) Buscar nuevas actividades o viajando.;B) 1 o 2 veces.;6;C) Tranquilo, en casa y preparando la semana.
53;Hombre;A) Salir a beber con amigos y fiestas.;D) Buscar nuevas actividades o viajando.;B) 1 o 2 veces.;4;B) Activo, haciendo deporte y comiendo.
20;Hombre;B) Gimnasio, comida y salud.;B) Hacer ejercicio y meditar.;C) Casi nunca.;4;C) Tranquilo, en casa y preparando la semana.
34;Hombre;B) Gimnasio, comida y salud.;A) Salir a desconectarme, beber y socializar.;B) 1 o 2 veces.;4;A) Improvisado, con amigos y musica.
13;Mujer;B) Gimnasio, comida y salud.;B) Hacer ejercicio y meditar.;B) 1 o 2 veces.;3;B) Activo, haciendo deporte y comiendo.
13;Mujer;C) Ahorrando o invirtiendolo.;B) Hacer ejercicio y meditar.;C) Casi nunca.;6;D) Visitando un lugar nuevo o una actividad nueva.
19;Hombre;B) Gimnasio, comida y salud.;A) Salir a desconectarme, beber y socializar.;D) Solo cuando hay un evento importante.;1;C) Tranquilo, en casa y preparando la semana.
45;Mujer;A) Salir a beber con amigos y fiestas.;C) Descansar en casa, planeando mi tiempo y gastos.;D) Solo cuando hay un evento importante.;10;C) Tranquilo, en casa y preparando la semana.
30;Mujer;D) Viajes, conciertos, cursos.;C) Descansar en casa, planeando mi tiempo y gastos.;C) Casi nunca.;10;C) Tranquilo, en casa y preparando la semana.
18;Mujer;B) Gimnasio, comida y salud.;A) Salir a desconectarme, beber y socializar.;C) Casi nunca.;5;C) Tranquilo, en casa y preparando la semana.
16;Mujer;B) Gimnasio, comida y salud.;A) Salir a desconectarme, beber y socializar.;C) Casi nunca.;7;C) Tranquilo, en casa y preparando la semana.
27;Mujer;A) Salir a beber con amigos y fiestas.;C) Descansar en casa, planeando mi tiempo y gastos.;C) Casi nunca.;4;C) Tranquilo, en casa y preparando la semana.
25;Mujer;D) Viajes, conciertos, cursos.;B) Hacer ejercicio y meditar.;C) Casi nunca.;5;A) Improvisado, con amigos y musica.
13;Hombre;D) Viajes, conciertos, cursos.;D) Buscar nuevas actividades o viajando.;B) 1 o 2 veces.;6;C) Tranquilo, en casa y preparando la semana.
13;Hombre;A) Salir a beber con amigos y fiestas.;C) Descansar en casa, planeando mi tiempo y gastos.;C) Casi nunca.;6;C) Tranquilo, en casa y preparando la semana.
21;Mujer;C) Ahorrando o invirtiendolo.;B) Hacer ejercicio y meditar.;A) 4 o mas veces.;5;D) Visitando un lugar nuevo o una actividad nueva.
21;Hombre;D) Viajes, conciertos, cursos.;A) Salir a desconectarme, beber y socializar.;C) Casi nunca.;8;A) Improvisado, con amigos y musica.
40;Mujer;C) Ahorrando o invirtiendolo.;A) Salir a desconectarme, beber y socializar.;A) 4 o mas veces.;5;A) Improvisado, con amigos y musica.
27;Hombre;D) Viajes, conciertos, cursos.;B) Hacer ejercicio y meditar.;C) Casi nunca.;5;C) Tranquilo, en casa y preparando la semana.
28;Mujer;B) Gimnasio, comida y salud.;B) Hacer ejercicio y meditar.;B) 1 o 2 veces.;7;C) Tranquilo, en casa y preparando la semana.
35;Mujer;D) Viajes, conciertos, cursos.;A) Salir a desconectarme, beber y socializar.;C) Casi nunca.;6;C) Tranquilo, en casa y preparando la semana.
18;Mujer;C) Ahorrando o invirtiendolo.;A) Salir a desconectarme, beber y socializar.;A) 4 o mas veces.;1;C) Tranquilo, en casa y preparando la semana.
17;Mujer;C) Ahorrando o invirtiendolo.;D) Buscar nuevas actividades o viajando.;D) Solo cuando hay un evento importante.;4;D) Visitando un lugar nuevo o una actividad nueva.
13;Hombre;A) Salir a beber con amigos y fiestas.;C) Descansar en casa, planeando mi tiempo y gastos.;B) 1 o 2 veces.;5;C) Tranquilo, en casa y preparando la semana.
27;Hombre;D) Viajes, conciertos, cursos.;D) Buscar nuevas actividades o viajando.;C) Casi nunca.;4;A) Improvisado, con amigos y musica.
49;Hombre;B) Gimnasio, comida y salud.;C) Descansar en casa, planeando mi tiempo y gastos.;D) Solo cuando hay un evento importante.;8;D) Visitando un lugar nuevo o una actividad nueva.
13;Mujer;B) Gimnasio, comida y salud.;B) Hacer ejercicio y meditar.;C) Casi nunca.;6;D) Visitando un lugar nuevo o una actividad nueva.
24;Hombre;B) Gimnasio, comida y salud.;C) Descansar en casa, planeando mi tiempo y gastos.;C) Casi nunca.;7;C) Tranquilo, en casa y preparando la semana.
20;Mujer;C) Ahorrando o invirtiendolo.;D) Buscar nuevas actividades o viajando.;B) 1 o 2 veces.;5;B) Activo, haciendo deporte y comiendo.
22;Hombre;A) Salir a beber con amigos y fiestas.;B) Hacer ejercicio y meditar.;B) 1 o 2 veces.;5;B) Activo, haciendo deporte y comiendo.
34;Mujer;D) Viajes, conciertos, cursos.;C) Descansar en casa, planeando mi tiempo y gastos.;D) Solo cuando hay un evento importante.;9;C) Tranquilo, en casa y preparando la semana.
17;Hombre;B) Gimnasio, comida y salud.;D) Buscar nuevas actividades o viajando.;D) Solo cuando hay un evento importante.;7;A) Improvisado, con amigos y musica.
13;Mujer;A) Salir a beber con amigos y fiestas.;C) Descansar en casa, planeando mi tiempo y gastos.;D) Solo cuando hay un evento importante.;1;C) Tranquilo, en casa y preparando la semana.
29;Mujer;C) Ahorrando o invirtiendolo.;C) Descansar en casa, planeando mi tiempo y gastos.;D) Solo cuando hay un evento importante.;8;C) Tranquilo, en casa y preparando la semana.
26;Hombre;B) Gimnasio, comida y salud.;D) Buscar nuevas actividades o viajando.;C) Casi nunca.;8;C) Tranquilo, en casa y preparando la semana.
38;Mujer;B) Gimnasio, comida y salud.;B) Hacer ejercicio y meditar.;B) 1 o 2 veces.;9;C) Tranquilo, en casa y preparando la semana.
21;Mujer;C) Ahorrando o invirtiendolo.;B) Hacer ejercicio y meditar.;B) 1 o 2 veces.;1;C) Tranquilo, en casa y preparando la semana.
20;Mujer;B) Gimnasio, comida y salud.;C) Descansar en casa, planeando mi tiempo y gastos.;D) Solo cuando hay un evento importante.;3;C) Tranquilo, en casa y preparando la semana.
29;Mujer;D) Viajes, conciertos, cursos.;B) Hacer ejercicio y meditar.;D) Solo cuando hay un evento importante.;10;B) Activo, haciendo deporte y comiendo.
26;Mujer;C) Ahorrando o invirtiendolo.;D) Buscar nuevas actividades o viajando.;D) Solo cuando hay un evento importante.;3;A) Improvisado, con amigos y musica.
38;Mujer;D) Viajes, conciertos, cursos.;B) Hacer ejercicio y meditar.;B) 1 o 2 veces.;7;C) Tranquilo, en casa y preparando la semana.
40;Hombre;C) Ahorrando o invirtiendolo.;A) Salir a desconectarme, beber y socializar.;C) Casi nunca.;5;C) Tranquilo, en casa y preparando la semana.
29;Mujer;D) Viajes, conciertos, cursos.;C) Descansar en casa, planeando mi tiempo y gastos.;C) Casi nunca.;5;C) Tranquilo, en casa y preparando la semana.
32;Hombre;A) Salir a beber con amigos y fiestas.;C) Descansar en casa, planeando mi tiempo y gastos.;C) Casi nunca.;9;A) Improvisado, con amigos y musica.
19;Mujer;A) Salir a beber con amigos y fiestas.;C) Descansar en casa, planeando mi tiempo y gastos.;D) Solo cuando hay un evento importante.;8;C) Tranquilo, en casa y preparando la semana.
30;Mujer;B) Gimnasio, comida y salud.;D) Buscar nuevas actividades o viajando.;D) Solo cuando hay un evento importante.;10;A) Improvisado, con amigos y musica.
28;Mujer;A) Salir a beber con amigos y fiestas.;D) Buscar nuevas actividades o viajando.;A) 4 o mas veces.;8;B) Activo, haciendo deporte y comiendo.
31;Hombre;A) Salir a beber con amigos y fiestas.;A) Salir a desconectarme, beber y socializar.;C) Casi nunca.;6;C) Tranquilo, en casa y preparando la semana.
16;Hombre;A) Salir a beber con amigos y fiestas.;A) Salir a desconectarme, beber y socializar.;C) Casi nunca.;9;C) Tranquilo, en casa y preparando la semana.
24;Mujer;B) Gimnasio, comida y salud.;C) Descansar en casa, planeando mi tiempo y gastos.;C) Casi nunca.;7;C) Tranquilo, en casa y preparando la semana.
13;Mujer;A) Salir a beber con amigos y fiestas.;B) Hacer ejercicio y meditar.;D) Solo cuando hay un evento importante.;4;C) Tranquilo, en casa y preparando la semana.
25;Hombre;B) Gimnasio, comida y salud.;B) Hacer ejercicio y meditar.;A) 4 o mas veces.;2;A) Improvisado, con amigos y musica.
28;Hombre;D) Viajes, conciertos, cursos.;B) Hacer ejercicio y meditar.;B) 1 o 2 veces.;9;A) Improvisado, con amigos y musica.
63;Hombre;C) Ahorrando o invirtiendolo.;D) Buscar nuevas actividades o viajando.;C) Casi nunca.;10;B) Activo, haciendo deporte y comiendo.
30;Mujer;C) Ahorrando o invirtiendolo.;B) Hacer ejercicio y meditar.;C) Casi nunca.;5;A) Improvisado, con amigos y musica.
43;Mujer;A) Salir a beber con amigos y fiestas.;A) Salir a desconectarme, beber y socializar.;B) 1 o 2 veces.;4;C) Tranquilo, en casa y preparando la semana.
17;Mujer;D) Viajes, conciertos, cursos.;B) Hacer ejercicio y meditar.;D) Solo cuando hay un evento importante.;5;C) Tranquilo, en casa y preparando la semana.
20;Hombre;A) Salir a beber con amigos y fiestas.;B) Hacer ejercicio y meditar.;A) 4 o mas veces.;6;C) Tranquilo, en casa y preparando la semana.
13;Mujer;C) Ahorrando o invirtiendolo.;A) Salir a desconectarme, beber y socializar.;C) Casi nunca.;8;A) Improvisado, con amigos y musica.
19;Hombre;A) Salir a beber con amigos y fiestas.;C) Descansar en casa, planeando mi tiempo y gastos.;C) Casi nunca.;3;C) Tranquilo, en casa y preparando la semana.
23;Mujer;A) Salir a beber con amigos y fiestas.;B) Hacer ejercicio y meditar.;D) Solo cuando hay un evento importante.;5;A) Improvisado, con amigos y musica.
15;Mujer;A) Salir a beber con amigos y fiestas.;C) Descansar en casa, planeando mi tiempo y gastos.;B) 1 o 2 veces.;4;D) Visitando un lugar nuevo o una actividad nueva.
35;Hombre;B) Gimnasio, comida y salud.;B) Hacer ejercicio y meditar.;A) 4 o mas veces.;4;C) Tranquilo, en casa y preparando la semana.
21;Mujer;C) Ahorrando o invirtiendolo.;B) Hacer ejercicio y meditar.;B) 1 o 2 veces.;7;C) Tranquilo, en casa y preparando la semana.
26;Mujer;B) Gimnasio, comida y salud.;B) Hacer ejercicio y meditar.;C) Casi nunca.;5;A) Improvisado, con amigos y musica.
14;Mujer;B) Gimnasio, comida y salud.;B) Hacer ejercicio y meditar.;B) 1 o 2 veces.;2;D) Visitando un lugar nuevo o una actividad nueva.
22;Hombre;B) Gimnasio, comida y salud.;C) Descansar en casa, planeando mi tiempo y gastos.;C) Casi nunca.;7;C) Tranquilo, en casa y preparando la semana.
69;Mujer;B) Gimnasio, comida y salud.;D) Buscar nuevas actividades o viajando.;D) Solo cuando hay un evento importante.;10;B) Activo, haciendo deporte y comiendo.
13;Hombre;B) Gimnasio, comida y salud.;B) Hacer ejercicio y meditar.;A) 4 o mas veces.;1;D) Visitando un lugar nuevo o una actividad nueva.
69;Mujer;A) Salir a beber con amigos y fiestas.;D) Buscar nuevas actividades o viajando.;A) 4 o mas veces.;1;C) Tranquilo, en casa y preparando la semana.
23;Hombre;A) Salir a beber con amigos y fiestas.;D) Buscar nuevas actividades o viajando.;C) Casi nunca.;1;B) Activo, haciendo deporte y comiendo.
23;Hombre;B) Gimnasio, comida y salud.;C) Descansar en casa, planeando mi tiempo y gastos.;C) Casi nunca.;3;A) Improvisado, con amigos y musica.
20;Hombre;C) Ahorrando o invirtiendolo.;C) Descansar en casa, planeando mi tiempo y gastos.;B) 1 o 2 veces.;6;C) Tranquilo, en casa y preparando la semana.
31;Mujer;C) Ahorrando o invirtiendolo.;D) Buscar nuevas actividades o viajando.;C) Casi nunca.;7;B) Activo, haciendo deporte y comiendo.
19;Hombre;C) Ahorrando o invirtiendolo.;B) Hacer ejercicio y meditar.;D) Solo cuando hay un evento importante.;10;C) Tranquilo, en casa y preparando la semana.
32;Hombre;B) Gimnasio, comida y salud.;C) Descansar en casa, planeando mi tiempo y gastos.;D) Solo cuando hay un evento importante.;7;C) Tranquilo, en casa y preparando la semana.
21;Hombre;B) Gimnasio, comida y salud.;B) Hacer ejercicio y meditar.;B) 1 o 2 veces.;6;C) Tranquilo, en casa y preparando la semana.
45;Mujer;C) Ahorrando o invirtiendolo.;B) Hacer ejercicio y meditar.;D) Solo cuando hay un evento importante.;5;C) Tranquilo, en casa y preparando la semana.
13;Hombre;D) Viajes, conciertos, cursos.;C) Descansar en casa, planeando mi tiempo y gastos.;B) 1 o 2 veces.;4;C) Tranquilo, en casa y preparando la semana.
13;Mujer;B) Gimnasio, comida y salud.;A) Salir a desconectarme, beber y socializar.;D) Solo cuando hay un evento importante.;7;C) Tranquilo, en casa y preparando la semana.
21;Mujer;B) Gimnasio, comida y salud.;D) Buscar nuevas actividades o viajando.;C) Casi nunca.;5;C) Tranquilo, en casa y preparando la semana.
34;Mujer;B) Gimnasio, comida y salud.;C) Descansar en casa, planeando mi tiempo y gastos.;B) 1 o 2 veces.;3;C) Tranquilo, en casa y preparando la semana.
23;Hombre;C) Ahorrando o invirtiendolo.;A) Salir a desconectarme, beber y socializar.;C) Casi nunca.;1;A) Improvisado, con amigos y musica.
25;Mujer;B) Gimnasio, comida y salud.;B) Hacer ejercicio y meditar.;D) Solo cuando hay un evento importante.;10;C) Tranquilo, en casa y preparando la semana.
18;Mujer;B) Gimnasio, comida y salud.;C) Descansar en casa, planeando mi tiempo y gastos.;D) Solo cuando hay un evento importante.;1;C) Tranquilo, en casa y preparando la semana.
27;Mujer;B) Gimnasio, comida y salud.;D) Buscar nuevas actividades o viajando.;B) 1 o 2 veces.;2;C) Tranquilo, en casa y preparando la semana.
50;Mujer;C) Ahorrando o invirtiendolo.;B) Hacer ejercicio y meditar.;C) Casi nunca.;1;A) Improvisado, con amigos y musica.
24;Mujer;B) Gimnasio, comida y salud.;B) Hacer ejercicio y meditar.;D) Solo cuando hay un evento importante.;7;A) Improvisado, con amigos y musica.
22;Mujer;A) Salir a beber con amigos y fiestas.;C) Descansar en casa, planeando mi tiempo y gastos.;B) 1 o 2 veces.;7;B) Activo, haciendo deporte y comiendo.
30;Hombre;A) Salir a beber con amigos y fiestas.;C) Descansar en casa, planeando mi tiempo y gastos.;B) 1 o 2 veces.;3;C) Tranquilo, en casa y preparando la semana.
20;Mujer;B) Gimnasio, comida y salud.;B) Hacer ejercicio y meditar.;D) Solo cuando hay un evento importante.;9;C) Tranquilo, en casa y preparando la semana.
20;Hombre;C) Ahorrando o invirtiendolo.;C) Descansar en casa, planeando mi tiempo y gastos.;C) Casi nunca.;7;C) Tranquilo, en casa y preparando la semana.
13;Mujer;B) Gimnasio, comida y salud.;A) Salir a desconectarme, beber y socializar.;C) Casi nunca.;7;C) Tranquilo, en casa y preparando la semana.
13;Mujer;C) Ahorrando o invirtiendolo.;D) Buscar nuevas actividades o viajando.;C) Casi nunca.;9;C) Tranquilo, en casa y preparando la semana.
26;Mujer;A) Salir a beber con amigos y fiestas.;A) Salir a desconectarme, beber y socializar.;C) Casi nunca.;5;B) Activo, haciendo deporte y comiendo.
19;Hombre;A) Salir a beber con amigos y fiestas.;B) Hacer ejercicio y meditar.;B) 1 o 2 veces.;3;A) Improvisado, con amigos y musica.
15;Mujer;B) Gimnasio, comida y salud.;A) Salir a desconectarme, beber y socializar.;C) Casi nunca.;2;A) Improvisado, con amigos y musica.
30;Mujer;C) Ahorrando o invirtiendolo.;C) Descansar en casa, planeando mi tiempo y gastos.;C) Casi nunca.;6;A) Improvisado, con amigos y musica.
21;Mujer;A) Salir a beber con amigos y fiestas.;C) Descansar en casa, planeando mi tiempo y gastos.;B) 1 o 2 veces.;8;A) Improvisado, con amigos y musica.
35;Hombre;C) Ahorrando o invirtiendolo.;A) Salir a desconectarme, beber y socializar.;D) Solo cuando hay un evento importante.;8;C) Tranquilo, en casa y preparando la semana.
19;Mujer;B) Gimnasio, comida y salud.;B) Hacer ejercicio y meditar.;B) 1 o 2 veces.;10;C) Tranquilo, en casa y preparando la semana.
13;Mujer;A) Salir a beber con amigos y fiestas.;A) Salir a desconectarme, beber y socializar.;D) Solo cuando hay un evento importante.;8;C) Tranquilo, en casa y preparando la semana.
14;Hombre;C) Ahorrando o invirtiendolo.;B) Hacer ejercicio y meditar.;B) 1 o 2 veces.;6;C) Tranquilo, en casa y preparando la semana.
33;Mujer;A) Salir a beber con amigos y fiestas.;A) Salir a desconectarme, beber y socializar.;C) Casi nunca.;6;A) Improvisado, con amigos y musica.
13;Mujer;B) Gimnasio, comida y salud.;B) Hacer ejercicio y meditar.;C) Casi nunca.;8;C) Tranquilo, en casa y preparando la semana.
19;Mujer;B) Gimnasio, comida y salud.;A) Salir a desconectarme, beber y socializar.;C) Casi nunca.;6;C) Tranquilo, en casa y preparando la semana.
41;Mujer;D) Viajes, conciertos, cursos.;A) Salir a desconectarme, beber y socializar.;C) Casi nunca.;5;C) Tranquilo, en casa y preparando la semana.
25;Mujer;B) Gimnasio, comida y salud.;C) Descansar en casa, planeando mi tiempo y gastos.;B) 1 o 2 veces.;10;C) Tranquilo, en casa y preparando la semana.
69;Hombre;B) Gimnasio, comida y salud.;A) Salir a desconectarme, beber y socializar.;A) 4 o mas veces.;1;C) Tranquilo, en casa y preparando la semana.
27;Hombre;D) Viajes, conciertos, cursos.;C) Descansar en casa, planeando mi tiempo y gastos.;C) Casi nunca.;6;C) Tranquilo, en casa y preparando la semana.
14;Hombre;B) Gimnasio, comida y salud.;D) Buscar nuevas actividades o viajando.;C) Casi nunca.;5;C) Tranquilo, en casa y preparando la semana.
13;Mujer;C) Ahorrando o invirtiendolo.;B) Hacer ejercicio y meditar.;C) Casi nunca.;6;C) Tranquilo, en casa y preparando la semana.
47;Mujer;D) Viajes, conciertos, cursos.;C) Descansar en casa, planeando mi tiempo y gastos.;B) 1 o 2 veces.;8;A) Improvisado, con amigos y musica.
13;Mujer;B) Gimnasio, comida y salud.;A) Salir a desconectarme, beber y socializar.;C) Casi nunca.;7;D) Visitando un lugar nuevo o una actividad nueva.
32;Mujer;B) Gimnasio, comida y salud.;C) Descansar en casa, planeando mi tiempo y gastos.;C) Casi nunca.;7;C) Tranquilo, en casa y preparando la semana.
13;Mujer;B) Gimnasio, comida y salud.;D) Buscar nuevas actividades o viajando.;B) 1 o 2 veces.;4;C) Tranquilo, en casa y preparando la semana.
23;Mujer;B) Gimnasio, comida y salud.;C) Descansar en casa, planeando mi tiempo y gastos.;D) Solo cuando hay un evento importante.;4;C) Tranquilo, en casa y preparando la semana.
60;Hombre;B) Gimnasio, comida y salud.;B) Hacer ejercicio y meditar.;A) 4 o mas veces.;10;D) Visitando un lugar nuevo o una actividad nueva.
13;Hombre;C) Ahorrando o invirtiendolo.;C) Descansar en casa, planeando mi tiempo y gastos.;D) Solo cuando hay un evento importante.;6;A) Improvisado, con amigos y musica.
27;Mujer;C) Ahorrando o invirtiendolo.;D) Buscar nuevas actividades o viajando.;D) Solo cuando hay un evento importante.;2;C) Tranquilo, en casa y preparando la semana.
13;Mujer;B) Gimnasio, comida y salud.;A) Salir a desconectarme, beber y socializar.;D) Solo cuando hay un evento importante.;7;D) Visitando un lugar nuevo o una actividad nueva.
23;Mujer;C) Ahorrando o invirtiendolo.;C) Descansar en casa, planeando mi tiempo y gastos.;C) Casi nunca.;2;C) Tranquilo, en casa y preparando la semana.
28;Mujer;D) Viajes, conciertos, cursos.;B) Hacer ejercicio y meditar.;B) 1 o 2 veces.;6;A) Improvisado, con amigos y musica.
33;Mujer;C) Ahorrando o invirtiendolo.;C) Descansar en casa, planeando mi tiempo y gastos.;D) Solo cuando hay un evento importante.;4;C) Tranquilo, en casa y preparando la semana.
32;Mujer;D) Viajes, conciertos, cursos.;B) Hacer ejercicio y meditar.;B) 1 o 2 veces.;8;C) Tranquilo, en casa y preparando la semana.
27;Hombre;B) Gimnasio, comida y salud.;C) Descansar en casa, planeando mi tiempo y gastos.;B) 1 o 2 veces.;8;D) Visitando un lugar nuevo o una actividad nueva.
22;Mujer;A) Salir a beber con amigos y fiestas.;C) Descansar en casa, planeando mi tiempo y gastos.;B) 1 o 2 veces.;3;A) Improvisado, con amigos y musica.
16;Mujer;B) Gimnasio, comida y salud.;D) Buscar nuevas actividades o viajando.;B) 1 o 2 veces.;9;C) Tranquilo, en casa y preparando la semana.
19;Mujer;A) Salir a beber con amigos y fiestas.;C) Descansar en casa, planeando mi tiempo y gastos.;C) Casi nunca.;6;C) Tranquilo, en casa y preparando la semana.
24;Mujer;B) Gimnasio, comida y salud.;B) Hacer ejercicio y meditar.;D) Solo cuando hay un evento importante.;3;C) Tranquilo, en casa y preparando la semana.
15;Mujer;C) Ahorrando o invirtiendolo.;A) Salir a desconectarme, beber y socializar.;B) 1 o 2 veces.;7;C) Tranquilo, en casa y preparando la semana.
18;Mujer;B) Gimnasio, comida y salud.;B) Hacer ejercicio y meditar.;C) Casi nunca.;4;C) Tranquilo, en casa y preparando la semana.
41;Hombre;D) Viajes, conciertos, cursos.;C) Descansar en casa, planeando mi tiempo y gastos.;C) Casi nunca.;5;C) Tranquilo, en casa y preparando la semana.
21;Mujer;B) Gimnasio, comida y salud.;C) Descansar en casa, planeando mi tiempo y gastos.;D) Solo cuando hay un evento importante.;10;C) Tranquilo, en casa y preparando la semana.
36;Hombre;C) Ahorrando o invirtiendolo.;C) Descansar en casa, planeando mi tiempo y gastos.;D) Solo cuando hay un evento importante.;1;C) Tranquilo, en casa y preparando la semana.
37;Mujer;A) Salir a beber con amigos y fiestas.;C) Descansar en casa, planeando mi tiempo y gastos.;C) Casi nunca.;9;C) Tranquilo, en casa y preparando la semana.
17;Mujer;C) Ahorrando o invirtiendolo.;C) Descansar en casa, planeando mi tiempo y gastos.;C) Casi nunca.;7;A) Improvisado, con amigos y musica.
15;Hombre;A) Salir a beber con amigos y fiestas.;B) Hacer ejercicio y meditar.;C) Casi nunca.;7;A) Improvisado, con amigos y musica.
20;Mujer;D) Viajes, conciertos, cursos.;C) Descansar en casa, planeando mi tiempo y gastos.;B) 1 o 2 veces.;4;C) Tranquilo, en casa y preparando la semana.
27;Mujer;B) Gimnasio, comida y salud.;C) Descansar en casa, planeando mi tiempo y gastos.;B) 1 o 2 veces.;8;C) Tranquilo, en casa y preparando la semana.
25;Hombre;B) Gimnasio, comida y salud.;C) Descansar en casa, planeando mi tiempo y gastos.;B) 1 o 2 veces.;3;A) Improvisado, con amigos y musica.
41;Mujer;C) Ahorrando o invirtiendolo.;B) Hacer ejercicio y meditar.;B) 1 o 2 veces.;4;C) Tranquilo, en casa y preparando la semana.
23;Mujer;D) Viajes, conciertos, cursos.;D) Buscar nuevas actividades o viajando.;B) 1 o 2 veces.;2;C) Tranquilo, en casa y preparando la semana.
54;Mujer;D) Viajes, conciertos, cursos.;D) Buscar nuevas actividades o viajando.;B) 1 o 2 veces.;3;A) Improvisado, con amigos y musica.
31;Mujer;D) Viajes, conciertos, cursos.;C) Descansar en casa, planeando mi tiempo y gastos.;B) 1 o 2 veces.;9;C) Tranquilo, en casa y preparando la semana.
13;Mujer;B) Gimnasio, comida y salud.;B) Hacer ejercicio y meditar.;C) Casi nunca.;8;D) Visitando un lugar nuevo o una actividad nueva.
16;Mujer;A) Salir a beber con amigos y fiestas.;B) Hacer ejercicio y meditar.;C) Casi nunca.;5;C) Tranquilo, en casa y preparando la semana.
67;Mujer;B) Gimnasio, comida y salud.;C) Descansar en casa, planeando mi tiempo y gastos.;D) Solo cuando hay un evento importante.;9;A) Improvisado, con amigos y musica.
33;Mujer;A) Salir a beber con amigos y fiestas.;C) Descansar en casa, planeando mi tiempo y gastos.;C) Casi nunca.;5;D) Visitando un lugar nuevo o una actividad nueva.
15;Mujer;B) Gimnasio, comida y salud.;C) Descansar en casa, planeando mi tiempo y gastos.;C) Casi nunca.;8;D) Visitando un lugar nuevo o una actividad nueva.
25;Mujer;C) Ahorrando o invirtiendolo.;A) Salir a desconectarme, beber y socializar.;D) Solo cuando hay un evento importante.;10;C) Tranquilo, en casa y preparando la semana.
25;Hombre;C) Ahorrando o invirtiendolo.;C) Descansar en casa, planeando mi tiempo y gastos.;D) Solo cuando hay un evento importante.;3;C) Tranquilo, en casa y preparando la semana.
35;Hombre;B) Gimnasio, comida y salud.;A) Salir a desconectarme, beber y socializar.;C) Casi nunca.;7;A) Improvisado, con amigos y musica.
36;Hombre;B) Gimnasio, comida y salud.;C) Descansar en casa, planeando mi tiempo y gastos.;C) Casi nunca.;4;C) Tranquilo, en casa y preparando la semana.
26;Mujer;B) Gimnasio, comida y salud.;C) Descansar en casa, planeando mi tiempo y gastos.;D) Solo cuando hay un evento importante.;5;C) Tranquilo, en casa y preparando la semana.
24;Hombre;C) Ahorrando o invirtiendolo.;C) Descansar en casa, planeando mi tiempo y gastos.;B) 1 o 2 veces.;4;C) Tranquilo, en casa y preparando la semana.
15;Hombre;C) Ahorrando o invirtiendolo.;A) Salir a desconectarme, beber y socializar.;C) Casi nunca.;5;C) Tranquilo, en casa y preparando la semana.
15;Hombre;A) Salir a beber con amigos y fiestas.;A) Salir a desconectarme, beber y socializar.;C) Casi nunca.;5;C) Tranquilo, en casa y preparando la semana.
18;Hombre;B) Gimnasio, comida y salud.;C) Descansar en casa, planeando mi tiempo y gastos.;C) Casi nunca.;2;C) Tranquilo, en casa y preparando la semana.
19;Mujer;D) Viajes, conciertos, cursos.;A) Salir a desconectarme, beber y socializar.;D) Solo cuando hay un evento importante.;6;C) Tranquilo, en casa y preparando la semana.
41;Hombre;D) Viajes, conciertos, cursos.;B) Hacer ejercicio y meditar.;A) 4 o mas veces.;10;C) Tranquilo, en casa y preparando la semana.
13;Mujer;B) Gimnasio, comida y salud.;B) Hacer ejercicio y meditar.;D) Solo cuando hay un evento importante.;7;C) Tranquilo, en casa y preparando la semana.
43;Hombre;B) Gimnasio, comida y salud.;C) Descansar en casa, planeando mi tiempo y gastos.;B) 1 o 2 veces.;6;A) Improvisado, con amigos y musica.
14;Hombre;B) Gimnasio, comida y salud.;B) Hacer ejercicio y meditar.;C) Casi nunca.;5;C) Tranquilo, en casa y preparando la semana.
13;Mujer;B) Gimnasio, comida y salud.;D) Buscar nuevas actividades o viajando.;A) 4 o mas veces.;9;C) Tranquilo, en casa y preparando la semana.
20;Mujer;D) Viajes, conciertos, cursos.;A) Salir a desconectarme, beber y socializar.;C) Casi nunca.;5;C) Tranquilo, en casa y preparando la semana.
20;Hombre;B) Gimnasio, comida y salud.;C) Descansar en casa, planeando mi tiempo y gastos.;B) 1 o 2 veces.;7;C) Tranquilo, en casa y preparando la semana.
19;Mujer;A) Salir a beber con amigos y fiestas.;B) Hacer ejercicio y meditar.;A) 4 o mas veces.;9;C) Tranquilo, en casa y preparando la semana.
31;Mujer;A) Salir a beber con amigos y fiestas.;D) Buscar nuevas actividades o viajando.;C) Casi nunca.;5;C) Tranquilo, en casa y preparando la semana.
20;Mujer;A) Salir a beber con amigos y fiestas.;D) Buscar nuevas actividades o viajando.;C) Casi nunca.;6;C) Tranquilo, en casa y preparando la semana.
47;Mujer;B) Gimnasio, comida y salud.;C) Descansar en casa, planeando mi tiempo y gastos.;C) Casi nunca.;10;C) Tranquilo, en casa y preparando la semana.
20;Hombre;A) Salir a beber con amigos y fiestas.;B) Hacer ejercicio y meditar.;C) Casi nunca.;5;D) Visitando un lugar nuevo o una actividad nueva.
13;Hombre;B) Gimnasio, comida y salud.;D) Buscar nuevas actividades o viajando.;C) Casi nunca.;8;C) Tranquilo, en casa y preparando la semana.
38;Mujer;B) Gimnasio, comida y salud.;A) Salir a desconectarme, beber y socializar.;C) Casi nunca.;5;B) Activo, haciendo deporte y comiendo.
31;Hombre;B) Gimnasio, comida y salud.;B) Hacer ejercicio y meditar.;C) Casi nunca.;4;C) Tranquilo, en casa y preparando la semana.
13;Mujer;B) Gimnasio, comida y salud.;A) Salir a desconectarme, beber y socializar.;C) Casi nunca.;5;C) Tranquilo, en casa y preparando la semana.
19;Hombre;A) Salir a beber con amigos y fiestas.;C) Descansar en casa, planeando mi tiempo y gastos.;D) Solo cuando hay un evento importante.;2;C) Tranquilo, en casa y preparando la semana.
13;Hombre;A) Salir a beber con amigos y fiestas.;D) Buscar nuevas actividades o viajando.;C) Casi nunca.;6;C) Tranquilo, en casa y preparando la semana.
29;Mujer;A) Salir a beber con amigos y fiestas.;C) Descansar en casa, planeando mi tiempo y gastos.;D) Solo cuando hay un evento importante.;6;C) Tranquilo, en casa y preparando la semana.
35;Mujer;B) Gimnasio, comida y salud.;A) Salir a desconectarme, beber y socializar.;D) Solo cuando hay un evento importante.;7;C) Tranquilo, en casa y preparando la semana.
23;Hombre;B) Gimnasio, comida y salud.;C) Descansar en casa, planeando mi tiempo y gastos.;B) 1 o 2 veces.;4;C) Tranquilo, en casa y preparando la semana.
24;Mujer;D) Viajes, conciertos, cursos.;C) Descansar en casa, planeando mi tiempo y gastos.;D) Solo cuando hay un evento importante.;9;C) Tranquilo, en casa y preparando la semana.
17;Mujer;B) Gimnasio, comida y salud.;C) Descansar en casa, planeando mi tiempo y gastos.;D) Solo cuando hay un evento importante.;4;C) Tranquilo, en casa y preparando la semana.
17;Hombre;B) Gimnasio, comida y salud.;B) Hacer ejercicio y meditar.;A) 4 o mas veces.;9;B) Activo, haciendo deporte y comiendo.
22;Mujer;B) Gimnasio, comida y salud.;C) Descansar en casa, planeando mi tiempo y gastos.;D) Solo cuando hay un evento importante.;2;C) Tranquilo, en casa y preparando la semana.
13;Mujer;B) Gimnasio, comida y salud.;C) Descansar en casa, planeando mi tiempo y gastos.;D) Solo cuando hay un evento importante.;3;C) Tranquilo, en casa y preparando la semana.
31;Mujer;C) Ahorrando o invirtiendolo.;A) Salir a desconectarme, beber y socializar.;D) Solo cuando hay un evento importante.;6;C) Tranquilo, en casa y preparando la semana.
32;Mujer;B) Gimnasio, comida y salud.;B) Hacer ejercicio y meditar.;C) Casi nunca.;6;C) Tranquilo, en casa y preparando la semana.
30;Hombre;C) Ahorrando o invirtiendolo.;C) Descansar en casa, planeando mi tiempo y gastos.;C) Casi nunca.;3;C) Tranquilo, en casa y preparando la semana.
29;Mujer;C) Ahorrando o invirtiendolo.;A) Salir a desconectarme, beber y socializar.;C) Casi nunca.;3;C) Tranquilo, en casa y preparando la semana.
19;Hombre;B) Gimnasio, comida y salud.;B) Hacer ejercicio y meditar.;D) Solo cuando hay un evento importante.;6;C) Tranquilo, en casa y preparando la semana.
18;Hombre;B) Gimnasio, comida y salud.;B) Hacer ejercicio y meditar.;C) Casi nunca.;6;C) Tranquilo, en casa y preparando la semana.
24;Mujer;C) Ahorrando o invirtiendolo.;A) Salir a desconectarme, beber y socializar.;B) 1 o 2 veces.;8;B) Activo, haciendo deporte y comiendo.
22;Mujer;B) Gimnasio, comida y salud.;C) Descansar en casa, planeando mi tiempo y gastos.;C) Casi nunca.;7;C) Tranquilo, en casa y preparando la semana.
25;Mujer;B) Gimnasio, comida y salud.;A) Salir a desconectarme, beber y socializar.;B) 1 o 2 veces.;7;C) Tranquilo, en casa y preparando la semana.
20;Hombre;C) Ahorrando o invirtiendolo.;C) Descansar en casa, planeando mi tiempo y gastos.;C) Casi nunca.;5;B) Activo, haciendo deporte y comiendo.
39;Mujer;B) Gimnasio, comida y salud.;B) Hacer ejercicio y meditar.;C) Casi nunca.;4;B) Activo, haciendo deporte y comiendo.
19;Mujer;A) Salir a beber con amigos y fiestas.;B) Hacer ejercicio y meditar.;B) 1 o 2 veces.;8;A) Improvisado, con amigos y musica.
16;Hombre;A) Salir a beber con amigos y fiestas.;A) Salir a desconectarme, beber y socializar.;D) Solo cuando hay un evento importante.;4;C) Tranquilo, en casa y preparando la semana.
22;Mujer;B) Gimnasio, comida y salud.;B) Hacer ejercicio y meditar.;B) 1 o 2 veces.;5;C) Tranquilo, en casa y preparando la semana.
39;Mujer;B) Gimnasio, comida y salud.;D) Buscar nuevas actividades o viajando.;C) Casi nunca.;4;C) Tranquilo, en casa y preparando la semana.
34;Mujer;C) Ahorrando o invirtiendolo.;B) Hacer ejercicio y meditar.;C) Casi nunca.;6;A) Improvisado, con amigos y musica.
43;Hombre;B) Gimnasio, comida y salud.;A) Salir a desconectarme, beber y socializar.;D) Solo cuando hay un evento importante.;6;C) Tranquilo, en casa y preparando la semana.
25;Hombre;C) Ahorrando o invirtiendolo.;C) Descansar en casa, planeando mi tiempo y gastos.;C) Casi nunca.;2;B) Activo, haciendo deporte y comiendo.
13;Hombre;B) Gimnasio, comida y salud.;C) Descansar en casa, planeando mi tiempo y gastos.;A) 4 o mas veces.;5;C) Tranquilo, en casa y preparando la semana.
21;Mujer;D) Viajes, conciertos, cursos.;B) Hacer ejercicio y meditar.;D) Solo cuando hay un evento importante.;6;C) Tranquilo, en casa y preparando la semana.
32;Hombre;C) Ahorrando o invirtiendolo.;B) Hacer ejercicio y meditar.;C) Casi nunca.;6;A) Improvisado, con amigos y musica.
19;Hombre;C) Ahorrando o invirtiendolo.;D) Buscar nuevas actividades o viajando.;D) Solo cuando hay un evento importante.;1;C) Tranquilo, en casa y preparando la semana.
13;Mujer;A) Salir a beber con amigos y fiestas.;C) Descansar en casa, planeando mi tiempo y gastos.;C) Casi nunca.;4;C) Tranquilo, en casa y preparando la semana.
17;Mujer;C) Ahorrando o invirtiendolo.;A) Salir a desconectarme, beber y socializar.;D) Solo cuando hay un evento importante.;7;A) Improvisado, con amigos y musica.
13;Mujer;A) Salir a beber con amigos y fiestas.;A) Salir a desconectarme, beber y socializar.;D) Solo cuando hay un evento importante.;10;D) Visitando un lugar nuevo o una actividad nueva.
23;Mujer;B) Gimnasio, comida y salud.;B) Hacer ejercicio y meditar.;C) Casi nunca.;6;B) Activo, haciendo deporte y comiendo.
29;Mujer;A) Salir a beber con amigos y fiestas.;D) Buscar nuevas actividades o viajando.;D) Solo cuando hay un evento importante.;10;C) Tranquilo, en casa y preparando la semana.
50;Hombre;C) Ahorrando o invirtiendolo.;A) Salir a desconectarme, beber y socializar.;A) 4 o mas veces.;5;A) Improvisado, con amigos y musica.
29;Hombre;B) Gimnasio, comida y salud.;D) Buscar nuevas actividades o viajando.;C) Casi nunca.;8;C) Tranquilo, en casa y preparando la semana.
28;Hombre;C) Ahorrando o invirtiendolo.;C) Descansar en casa, planeando mi tiempo y gastos.;B) 1 o 2 veces.;5;C) Tranquilo, en casa y preparando la semana.
22;Hombre;A) Salir a beber con amigos y fiestas.;B) Hacer ejercicio y meditar.;A) 4 o mas veces.;6;D) Visitando un lugar nuevo o una actividad nueva.
13;Mujer;C) Ahorrando o invirtiendolo.;C) Descansar en casa, planeando mi tiempo y gastos.;D) Solo cuando hay un evento importante.;1;A) Improvisado, con amigos y musica.
32;Mujer;B) Gimnasio, comida y salud.;A) Salir a desconectarme, beber y socializar.;A) 4 o mas veces.;7;C) Tranquilo, en casa y preparando la semana.
13;Mujer;B) Gimnasio, comida y salud.;B) Hacer ejercicio y meditar.;B) 1 o 2 veces.;4;A) Improvisado, con amigos y musica.
36;Hombre;B) Gimnasio, comida y salud.;C) Descansar en casa, planeando mi tiempo y gastos.;C) Casi nunca.;2;C) Tranquilo, en casa y preparando la semana.
36;Mujer;A) Salir a beber con amigos y fiestas.;C) Descansar en casa, planeando mi tiempo y gastos.;B) 1 o 2 veces.;7;A) Improvisado, con amigos y musica.
31;Mujer;B) Gimnasio, comida y salud.;A) Salir a desconectarme, beber y socializar.;B) 1 o 2 veces.;5;C) Tranquilo, en casa y preparando la semana.
13;Mujer;B) Gimnasio, comida y salud.;A) Salir a desconectarme, beber y socializar.;C) Casi nunca.;9;C) Tranquilo, en casa y preparando la semana.
26;Hombre;C) Ahorrando o invirtiendolo.;B) Hacer ejercicio y meditar.;B) 1 o 2 veces.;6;B) Activo, haciendo deporte y comiendo.
22;Mujer;C) Ahorrando o invirtiendolo.;B) Hacer ejercicio y meditar.;D) Solo cuando hay un evento importante.;2;C) Tranquilo, en casa y preparando la semana.
21;Mujer;C) Ahorrando o invirtiendolo.;C) Descansar en casa, planeando mi tiempo y gastos.;D) Solo cuando hay un evento importante.;5;C) Tranquilo, en casa y preparando la semana.
26;Mujer;A) Salir a beber con amigos y fiestas.;D) Buscar nuevas actividades o viajando.;D) Solo cuando hay un evento importante.;9;A) Improvisado, con amigos y musica.
23;Mujer;A) Salir a beber con amigos y fiestas.;A) Salir a desconectarme, beber y socializar.;C) Casi nunca.;4;C) Tranquilo, en casa y preparando la semana.
21;Hombre;A) Salir a beber con amigos y fiestas.;B) Hacer ejercicio y meditar.;D) Solo cuando hay un evento importante.;10;C) Tranquilo, en casa y preparando la semana.
19;Mujer;B) Gimnasio, comida y salud.;C) Descansar en casa, planeando mi tiempo y gastos.;D) Solo cuando hay un evento importante.;7;B) Activo, haciendo deporte y comiendo.
32;Hombre;B) Gimnasio, comida y salud.;C) Descansar en casa, planeando mi tiempo y gastos.;D) Solo cuando hay un evento importante.;7;C) Tranquilo, en casa y preparando la semana.
13;Mujer;B) Gimnasio, comida y salud.;B) Hacer ejercicio y meditar.;D) Solo cuando hay un evento importante.;6;C) Tranquilo, en casa y preparando la semana.
20;Mujer;B) Gimnasio, comida y salud.;A) Salir a desconectarme, beber y socializar.;D) Solo cuando hay un evento importante.;6;C) Tranquilo, en casa y preparando la semana.
63;Hombre;D) Viajes, conciertos, cursos.;D) Buscar nuevas actividades o viajando.;B) 1 o 2 veces.;5;C) Tranquilo, en casa y preparando la semana.
13;Mujer;B) Gimnasio, comida y salud.;D) Buscar nuevas actividades o viajando.;C) Casi nunca.;10;A) Improvisado, con amigos y musica.
50;Hombre;C) Ahorrando o invirtiendolo.;B) Hacer ejercicio y meditar.;D) Solo cuando hay un evento importante.;8;A) Improvisado, con amigos y musica.
15;Mujer;B) Gimnasio, comida y salud.;A) Salir a desconectarme, beber y socializar.;B) 1 o 2 veces.;2;C) Tranquilo, en casa y preparando la semana.
36;Mujer;A) Salir a beber con amigos y fiestas.;A) Salir a desconectarme, beber y socializar.;C) Casi nunca.;2;C) Tranquilo, en casa y preparando la semana.
35;Mujer;B) Gimnasio, comida y salud.;C) Descansar en casa, planeando mi tiempo y gastos.;B) 1 o 2 veces.;3;C) Tranquilo, en casa y preparando la semana.
16;Mujer;C) Ahorrando o invirtiendolo.;C) Descansar en casa, planeando mi tiempo y gastos.;C) Casi nunca.;5;C) Tranquilo, en casa y preparando la semana.
34;Mujer;C) Ahorrando o invirtiendolo.;B) Hacer ejercicio y meditar.;D) Solo cuando hay un evento importante.;3;A) Improvisado, con amigos y musica.
18;Mujer;B) Gimnasio, comida y salud.;A) Salir a desconectarme, beber y socializar.;D) Solo cuando hay un evento importante.;4;B) Activo, haciendo deporte y comiendo.
21;Hombre;D) Viajes, conciertos, cursos.;B) Hacer ejercicio y meditar.;D) Solo cuando hay un evento importante.;8;C) Tranquilo, en casa y preparando la semana.
32;Mujer;A) Salir a beber con amigos y fiestas.;B) Hacer ejercicio y meditar.;C) Casi nunca.;6;A) Improvisado, con amigos y musica.
31;Mujer;B) Gimnasio, comida y salud.;B) Hacer ejercicio y meditar.;D) Solo cuando hay un evento importante.;5;C) Tranquilo, en casa y preparando la semana.
21;Mujer;A) Salir a beber con amigos y fiestas.;D) Buscar nuevas actividades o viajando.;C) Casi nunca.;5;A) Improvisado, con amigos y musica.
25;Hombre;A) Salir a beber con amigos y fiestas.;A) Salir a desconectarme, beber y socializar.;D) Solo cuando hay un evento importante.;6;D) Visitando un lugar nuevo o una actividad nueva.
20;Mujer;B) Gimnasio, comida y salud.;B) Hacer ejercicio y meditar.;C) Casi nunca.;7;A) Improvisado, con amigos y musica.
18;Hombre;C) Ahorrando o invirtiendolo.;B) Hacer ejercicio y meditar.;D) Solo cuando hay un evento importante.;10;C) Tranquilo, en casa y preparando la semana.
14;Hombre;C) Ahorrando o invirtiendolo.;B) Hacer ejercicio y meditar.;B) 1 o 2 veces.;3;C) Tranquilo, en casa y preparando la semana.
59;Mujer;C) Ahorrando o invirtiendolo.;A) Salir a desconectarme, beber y socializar.;A) 4 o mas veces.;8;C) Tranquilo, en casa y preparando la semana.
20;Mujer;C) Ahorrando o invirtiendolo.;A) Salir a desconectarme, beber y socializar.;C) Casi nunca.;4;C) Tranquilo, en casa y preparando la semana.
17;Hombre;B) Gimnasio, comida y salud.;C) Descansar en casa, planeando mi tiempo y gastos.;C) Casi nunca.;9;C) Tranquilo, en casa y preparando la semana.
17;Mujer;A) Salir a beber con amigos y fiestas.;C) Descansar en casa, planeando mi tiempo y gastos.;B) 1 o 2 veces.;5;C) Tranquilo, en casa y preparando la semana.
15;Hombre;A) Salir a beber con amigos y fiestas.;C) Descansar en casa, planeando mi tiempo y gastos.;B) 1 o 2 veces.;9;D) Visitando un lugar nuevo o una actividad nueva.
31;Hombre;B) Gimnasio, comida y salud.;B) Hacer ejercicio y meditar.;C) Casi nunca.;2;C) Tranquilo, en casa y preparando la semana.
20;Mujer;D) Viajes, conciertos, cursos.;D) Buscar nuevas actividades o viajando.;C) Casi nunca.;2;C) Tranquilo, en casa y preparando la semana.
29;Mujer;A) Salir a beber con amigos y fiestas.;A) Salir a desconectarme, beber y socializar.;C) Casi nunca.;4;A) Improvisado, con amigos y musica.
62;Hombre;B) Gimnasio, comida y salud.;C) Descansar en casa, planeando mi tiempo y gastos.;B) 1 o 2 veces.;7;C) Tranquilo, en casa y preparando la semana.
27;Mujer;B) Gimnasio, comida y salud.;B) Hacer ejercicio y meditar.;C) Casi nunca.;6;A) Improvisado, con amigos y musica.
13;Hombre;A) Salir a beber con amigos y fiestas.;C) Descansar en casa, planeando mi tiempo y gastos.;D) Solo cuando hay un evento importante.;1;C) Tranquilo, en casa y preparando la semana.
35;Mujer;C) Ahorrando o invirtiendolo.;D) Buscar nuevas actividades o viajando.;B) 1 o 2 veces.;5;C) Tranquilo, en casa y preparando la semana.
47;Mujer;C) Ahorrando o invirtiendolo.;B) Hacer ejercicio y meditar.;C) Casi nunca.;8;A) Improvisado, con amigos y musica.
13;Mujer;C) Ahorrando o invirtiendolo.;B) Hacer ejercicio y meditar.;D) Solo cuando hay un evento importante.;5;B) Activo, haciendo deporte y comiendo.
34;Mujer;C) Ahorrando o invirtiendolo.;C) Descansar en casa, planeando mi tiempo y gastos.;D) Solo cuando hay un evento importante.;5;D) Visitando un lugar nuevo o una actividad nueva.
36;Mujer;B) Gimnasio, comida y salud.;A) Salir a desconectarme, beber y socializar.;C) Casi nunca.;3;C) Tranquilo, en casa y preparando la semana.
19;Mujer;C) Ahorrando o invirtiendolo.;B) Hacer ejercicio y meditar.;B) 1 o 2 veces.;5;C) Tranquilo, en casa y preparando la semana.
13;Hombre;B) Gimnasio, comida y salud.;C) Descansar en casa, planeando mi tiempo y gastos.;C) Casi nunca.;1;D) Visitando un lugar nuevo o una actividad nueva.
19;Hombre;B) Gimnasio, comida y salud.;B) Hacer ejercicio y meditar.;D) Solo cuando hay un evento importante.;2;C) Tranquilo, en casa y preparando la semana.
32;Hombre;A) Salir a beber con amigos y fiestas.;B) Hacer ejercicio y meditar.;B) 1 o 2 veces.;5;A) Improvisado, con amigos y musica.
15;Hombre;B) Gimnasio, comida y salud.;A) Salir a desconectarme, beber y socializar.;A) 4 o mas veces.;4;A) Improvisado, con amigos y musica.
36;Mujer;B) Gimnasio, comida y salud.;B) Hacer ejercicio y meditar.;C) Casi nunca.;7;C) Tranquilo, en casa y preparando la semana.
21;Hombre;A) Salir a beber con amigos y fiestas.;C) Descansar en casa, planeando mi tiempo y gastos.;B) 1 o 2 veces.;6;C) Tranquilo, en casa y preparando la semana.
13;Mujer;A) Salir a beber con amigos y fiestas.;C) Descansar en casa, planeando mi tiempo y gastos.;D) Solo cuando hay un evento importante.;3;D) Visitando un lugar nuevo o una actividad nueva.
15;Hombre;A) Salir a beber con amigos y fiestas.;B) Hacer ejercicio y meditar.;C) Casi nunca.;7;A) Improvisado, con amigos y musica.
66;Hombre;B) Gimnasio, comida y salud.;B) Hacer ejercicio y meditar.;C) Casi nunca.;5;B) Activo, haciendo deporte y comiendo.
13;Mujer;B) Gimnasio, comida y salud.;B) Hacer ejercicio y meditar.;C) Casi nunca.;1;C) Tranquilo, en casa y preparando la semana.
13;Mujer;A) Salir a beber con amigos y fiestas.;D) Buscar nuevas actividades o viajando.;D) Solo cuando hay un evento importante.;10;C) Tranquilo, en casa y preparando la semana.
34;Mujer;D) Viajes, conciertos, cursos.;C) Descansar en casa, planeando mi tiempo y gastos.;C) Casi nunca.;3;A) Improvisado, con amigos y musica.
29;Mujer;A) Salir a beber con amigos y fiestas.;B) Hacer ejercicio y meditar.;C) Casi nunca.;3;B) Activo, haciendo deporte y comiendo.
26;Mujer;C) Ahorrando o invirtiendolo.;B) Hacer ejercicio y meditar.;B) 1 o 2 veces.;6;C) Tranquilo, en casa y preparando la semana.
22;Hombre;D) Viajes, conciertos, cursos.;B) Hacer ejercicio y meditar.;B) 1 o 2 veces.;7;A) Improvisado, con amigos y musica.
21;Mujer;D) Viajes, conciertos, cursos.;D) Buscar nuevas actividades o viajando.;C) Casi nunca.;7;D) Visitando un lugar nuevo o una actividad nueva.
14;Hombre;B) Gimnasio, comida y salud.;A) Salir a desconectarme, beber y socializar.;B) 1 o 2 veces.;8;C) Tranquilo, en casa y preparando la semana.
25;Mujer;C) Ahorrando o invirtiendolo.;B) Hacer ejercicio y meditar.;B) 1 o 2 veces.;5;A) Improvisado, con amigos y musica.
21;Mujer;B) Gimnasio, comida y salud.;D) Buscar nuevas actividades o viajando.;C) Casi nunca.;9;C) Tranquilo, en casa y preparando la semana.
20;Mujer;C) Ahorrando o invirtiendolo.;D) Buscar nuevas actividades o viajando.;C) Casi nunca.;4;C) Tranquilo, en casa y preparando la semana.
20;Mujer;C) Ahorrando o invirtiendolo.;A) Salir a desconectarme, beber y socializar.;C) Casi nunca.;5;B) Activo, haciendo deporte y comiendo.
28;Mujer;A) Salir a beber con amigos y fiestas.;C) Descansar en casa, planeando mi tiempo y gastos.;B) 1 o 2 veces.;5;A) Improvisado, con amigos y musica.
18;Mujer;C) Ahorrando o invirtiendolo.;B) Hacer ejercicio y meditar.;B) 1 o 2 veces.;2;B) Activo, haciendo deporte y comiendo.
13;Mujer;B) Gimnasio, comida y salud.;C) Descansar en casa, planeando mi tiempo y gastos.;D) Solo cuando hay un evento importante.;7;C) Tranquilo, en casa y preparando la semana.
16;Mujer;A) Salir a beber con amigos y fiestas.;A) Salir a desconectarme, beber y socializar.;C) Casi nunca.;8;A) Improvisado, con amigos y musica.
14;Mujer;C) Ahorrando o invirtiendolo.;A) Salir a desconectarme, beber y socializar.;C) Casi nunca.;8;C) Tranquilo, en casa y preparando la semana.
13;Hombre;C) Ahorrando o invirtiendolo.;A) Salir a desconectarme, beber y socializar.;D) Solo cuando hay un evento importante.;7;C) Tranquilo, en casa y preparando la semana.
34;Hombre;B) Gimnasio, comida y salud.;C) Descansar en casa, planeando mi tiempo y gastos.;C) Casi nunca.;1;C) Tranquilo, en casa y preparando la semana.
22;Mujer;A) Salir a beber con amigos y fiestas.;C) Descansar en casa, planeando mi tiempo y gastos.;C) Casi nunca.;6;C) Tranquilo, en casa y preparando la semana.
26;Hombre;B) Gimnasio, comida y salud.;B) Hacer ejercicio y meditar.;B) 1 o 2 veces.;7;C) Tranquilo, en casa y preparando la semana.
21;Mujer;D) Viajes, conciertos, cursos.;D) Buscar nuevas actividades o viajando.;B) 1 o 2 veces.;1;C) Tranquilo, en casa y preparando la semana.
25;Hombre;C) Ahorrando o invirtiendolo.;B) Hacer ejercicio y meditar.;B) 1 o 2 veces.;8;C) Tranquilo, en casa y preparando la semana.
20;Hombre;D) Viajes, conciertos, cursos.;C) Descansar en casa, planeando mi tiempo y gastos.;C) Casi nunca.;5;C) Tranquilo, en casa y preparando la semana.
34;Mujer;C) Ahorrando o invirtiendolo.;C) Descansar en casa, planeando mi tiempo y gastos.;C) Casi nunca.;6;C) Tranquilo, en casa y preparando la semana.
18;Hombre;A) Salir a beber con amigos y fiestas.;A) Salir a desconectarme, beber y socializar.;C) Casi nunca.;3;A) Improvisado, con amigos y musica.
15;Hombre;A) Salir a beber con amigos y fiestas.;C) Descansar en casa, planeando mi tiempo y gastos.;A) 4 o mas veces.;5;C) Tranquilo, en casa y preparando la semana.
35;Mujer;B) Gimnasio, comida y salud.;C) Descansar en casa, planeando mi tiempo y gastos.;C) Casi nunca.;7;D) Visitando un lugar nuevo o una actividad nueva.
13;Hombre;C) Ahorrando o invirtiendolo.;B) Hacer ejercicio y meditar.;B) 1 o 2 veces.;4;C) Tranquilo, en casa y preparando la semana.
13;Mujer;D) Viajes, conciertos, cursos.;C) Descansar en casa, planeando mi tiempo y gastos.;B) 1 o 2 veces.;4;C) Tranquilo, en casa y preparando la semana.
39;Hombre;D) Viajes, conciertos, cursos.;C) Descansar en casa, planeando mi tiempo y gastos.;B) 1 o 2 veces.;2;C) Tranquilo, en casa y preparando la semana.
14;Mujer;B) Gimnasio, comida y salud.;C) Descansar en casa, planeando mi tiempo y gastos.;B) 1 o 2 veces.;6;C) Tranquilo, en casa y preparando la semana.
24;Mujer;C) Ahorrando o invirtiendolo.;A) Salir a desconectarme, beber y socializar.;D) Solo cuando hay un evento importante.;7;C) Tranquilo, en casa y preparando la semana.
33;Hombre;B) Gimnasio, comida y salud.;B) Hacer ejercicio y meditar.;C) Casi nunca.;10;C) Tranquilo, en casa y preparando la semana.
22;Mujer;A) Salir a beber con amigos y fiestas.;C) Descansar en casa, planeando mi tiempo y gastos.;C) Casi nunca.;6;A) Improvisado, con amigos y musica.
27;Mujer;B) Gimnasio, comida y salud.;C) Descansar en casa, planeando mi tiempo y gastos.;C) Casi nunca.;1;A) Improvisado, con amigos y musica.
33;Hombre;B) Gimnasio, comida y salud.;D) Buscar nuevas actividades o viajando.;C) Casi nunca.;5;C) Tranquilo, en casa y preparando la semana.
16;Hombre;D) Viajes, conciertos, cursos.;B) Hacer ejercicio y meditar.;B) 1 o 2 veces.;4;C) Tranquilo, en casa y preparando la semana.
37;Mujer;B) Gimnasio, comida y salud.;B) Hacer ejercicio y meditar.;B) 1 o 2 veces.;4;A) Improvisado, con amigos y musica.
18;Hombre;C) Ahorrando o invirtiendolo.;C) Descansar en casa, planeando mi tiempo y gastos.;C) Casi nunca.;5;C) Tranquilo, en casa y preparando la semana.
28;Mujer;D) Viajes, conciertos, cursos.;C) Descansar en casa, planeando mi tiempo y gastos.;B) 1 o 2 veces.;4;C) Tranquilo, en casa y preparando la semana.
28;Mujer;C) Ahorrando o invirtiendolo.;A) Salir a desconectarme, beber y socializar.;D) Solo cuando hay un evento importante.;7;A) Improvisado, con amigos y musica.
36;Mujer;C) Ahorrando o invirtiendolo.;B) Hacer ejercicio y meditar.;C) Casi nunca.;1;A) Improvisado, con amigos y musica.
23;Mujer;B) Gimnasio, comida y salud.;D) Buscar nuevas actividades o viajando.;D) Solo cuando hay un evento importante.;6;A) Improvisado, con amigos y musica.
20;Hombre;B) Gimnasio, comida y salud.;C) Descansar en casa, planeando mi tiempo y gastos.;D) Solo cuando hay un evento importante.;1;A) Improvisado, con amigos y musica.
17;Mujer;B) Gimnasio, comida y salud.;B) Hacer ejercicio y meditar.;B) 1 o 2 veces.;8;C) Tranquilo, en casa y preparando la semana.
13;Mujer;C) Ahorrando o invirtiendolo.;D) Buscar nuevas actividades o viajando.;C) Casi nunca.;5;C) Tranquilo, en casa y preparando la semana.
15;Hombre;D) Viajes, conciertos, cursos.;A) Salir a desconectarme, beber y socializar.;C) Casi nunca.;8;C) Tranquilo, en casa y preparando la semana.
24;Mujer;A) Salir a beber con amigos y fiestas.;A) Salir a desconectarme, beber y socializar.;C) Casi nunca.;3;C) Tranquilo, en casa y preparando la semana.
38;Mujer;B) Gimnasio, comida y salud.;D) Buscar nuevas actividades o viajando.;C) Casi nunca.;8;C) Tranquilo, en casa y preparando la semana.
16;Mujer;C) Ahorrando o invirtiendolo.;B) Hacer ejercicio y meditar.;B) 1 o 2 veces.;10;C) Tranquilo, en casa y preparando la semana.
42;Mujer;B) Gimnasio, comida y salud.;D) Buscar nuevas actividades o viajando.;A) 4 o mas veces.;7;B) Activo, haciendo deporte y comiendo.
13;Mujer;D) Viajes, conciertos, cursos.;B) Hacer ejercicio y meditar.;C) Casi nunca.;5;A) Improvisado, con amigos y musica.
13;Mujer;C) Ahorrando o invirtiendolo.;B) Hacer ejercicio y meditar.;D) Solo cuando hay un evento importante.;2;A) Improvisado, con amigos y musica.
44;Mujer;B) Gimnasio, comida y salud.;A) Salir a desconectarme, beber y socializar.;C) Casi nunca.;5;A) Improvisado, con amigos y musica.
63;Mujer;C) Ahorrando o invirtiendolo.;B) Hacer ejercicio y meditar.;B) 1 o 2 veces.;4;D) Visitando un lugar nuevo o una actividad nueva.
23;Mujer;D) Viajes, conciertos, cursos.;B) Hacer ejercicio y meditar.;B) 1 o 2 veces.;3;A) Improvisado, con amigos y musica.
25;Mujer;B) Gimnasio, comida y salud.;A) Salir a desconectarme, beber y socializar.;D) Solo cuando hay un evento importante.;5;C) Tranquilo, en casa y preparando la semana.
14;Mujer;C) Ahorrando o invirtiendolo.;A) Salir a desconectarme, beber y socializar.;B) 1 o 2 veces.;8;A) Improvisado, con amigos y musica.
29;Mujer;D) Viajes, conciertos, cursos.;C) Descansar en casa, planeando mi tiempo y gastos.;B) 1 o 2 veces.;2;A) Improvisado, con amigos y musica.
14;Hombre;A) Salir a beber con amigos y fiestas.;D) Buscar nuevas actividades o viajando.;B) 1 o 2 veces.;5;C) Tranquilo, en casa y preparando la semana.
35;Mujer;D) Viajes, conciertos, cursos.;B) Hacer ejercicio y meditar.;D) Solo cuando hay un evento importante.;5;C) Tranquilo, en casa y preparando la semana.
23;Hombre;A) Salir a beber con amigos y fiestas.;A) Salir a desconectarme, beber y socializar.;C) Casi nunca.;6;B) Activo, haciendo deporte y comiendo.
25;Hombre;B) Gimnasio, comida y salud.;C) Descansar en casa, planeando mi tiempo y gastos.;C) Casi nunca.;5;A) Improvisado, con amigos y musica.
13;Hombre;B) Gimnasio, comida y salud.;A) Salir a desconectarme, beber y socializar.;B) 1 o 2 veces.;4;C) Tranquilo, en casa y preparando la semana.
26;Mujer;C) Ahorrando o invirtiendolo.;A) Salir a desconectarme, beber y socializar.;D) Solo cuando hay un evento importante.;8;C) Tranquilo, en casa y preparando la semana.
17;Mujer;C) Ahorrando o invirtiendolo.;C) Descansar en casa, planeando mi tiempo y gastos.;D) Solo cuando hay un evento importante.;6;C) Tranquilo, en casa y preparando la semana.
15;Mujer;B) Gimnasio, comida y salud.;D) Buscar nuevas actividades o viajando.;B) 1 o 2 veces.;2;B) Activo, haciendo deporte y comiendo.
29;Hombre;C) Ahorrando o invirtiendolo.;A) Salir a desconectarme, beber y socializar.;D) Solo cuando hay un evento importante.;6;C) Tranquilo, en casa y preparando la semana.
18;Mujer;D) Viajes, conciertos, cursos.;B) Hacer ejercicio y meditar.;B) 1 o 2 veces.;1;C) Tranquilo, en casa y preparando la semana.
23;Mujer;A) Salir a beber con amigos y fiestas.;B) Hacer ejercicio y meditar.;B) 1 o 2 veces.;2;B) Activo, haciendo deporte y comiendo.
30;Mujer;C) Ahorrando o invirtiendolo.;B) Hacer ejercicio y meditar.;B) 1 o 2 veces.;2;C) Tranquilo, en casa y preparando la semana.
31;Hombre;A) Salir a beber con amigos y fiestas.;C) Descansar en casa, planeando mi tiempo y gastos.;B) 1 o 2 veces.;6;C) Tranquilo, en casa y preparando la semana.
35;Hombre;A) Salir a beber con amigos y fiestas.;B) Hacer ejercicio y meditar.;B) 1 o 2 veces.;6;B) Activo, haciendo deporte y comiendo.
22;Hombre;B) Gimnasio, comida y salud.;C) Descansar en casa, planeando mi tiempo y gastos.;C) Casi nunca.;4;C) Tranquilo, en casa y preparando la semana.
13;Hombre;C) Ahorrando o invirtiendolo.;C) Descansar en casa, planeando mi tiempo y gastos.;B) 1 o 2 veces.;6;C) Tranquilo, en casa y preparando la semana.
35;Mujer;B) Gimnasio, comida y salud.;A) Salir a desconectarme, beber y socializar.;B) 1 o 2 veces.;9;C) Tranquilo, en casa y preparando la semana.
52;Hombre;D) Viajes, conciertos, cursos.;B) Hacer ejercicio y meditar.;D) Solo cuando hay un evento importante.;10;B) Activo, haciendo deporte y comiendo.
28;Hombre;B) Gimnasio, comida y salud.;C) Descansar en casa, planeando mi tiempo y gastos.;C) Casi nunca.;4;A) Improvisado, con amigos y musica.
24;Hombre;B) Gimnasio, comida y salud.;D) Buscar nuevas actividades o viajando.;D) Solo cuando hay un evento importante.;5;C) Tranquilo, en casa y preparando la semana.
26;Mujer;A) Salir a beber con amigos y fiestas.;B) Hacer ejercicio y meditar.;D) Solo cuando hay un evento importante.;5;C) Tranquilo, en casa y preparando la semana.
22;Mujer;B) Gimnasio, comida y salud.;A) Salir a desconectarme, beber y socializar.;B) 1 o 2 veces.;2;C) Tranquilo, en casa y preparando la semana.
20;Hombre;A) Salir a beber con amigos y fiestas.;C) Descansar en casa, planeando mi tiempo y gastos.;D) Solo cuando hay un evento importante.;3;C) Tranquilo, en casa y preparando la semana.
13;Mujer;C) Ahorrando o invirtiendolo.;B) Hacer ejercicio y meditar.;C) Casi nunca.;6;C) Tranquilo, en casa y preparando la semana.
19;Hombre;D) Viajes, conciertos, cursos.;A) Salir a desconectarme, beber y socializar.;C) Casi nunca.;4;C) Tranquilo, en casa y preparando la semana.
19;Mujer;C) Ahorrando o invirtiendolo.;A) Salir a desconectarme, beber y socializar.;A) 4 o mas veces.;5;D) Visitando un lugar nuevo o una actividad nueva.
20;Mujer;A) Salir a beber con amigos y fiestas.;C) Descansar en casa, planeando mi tiempo y gastos.;C) Casi nunca.;1;C) Tranquilo, en casa y preparando la semana.
14;Mujer;A) Salir a beber con amigos y fiestas.;C) Descansar en casa, planeando mi tiempo y gastos.;B) 1 o 2 veces.;2;C) Tranquilo, en casa y preparando la semana.
18;Mujer;C) Ahorrando o invirtiendolo.;D) Buscar nuevas actividades o viajando.;B) 1 o 2 veces.;2;C) Tranquilo, en casa y preparando la semana.
13;Mujer;B) Gimnasio, comida y salud.;A) Salir a desconectarme, beber y socializar.;B) 1 o 2 veces.;1;C) Tranquilo, en casa y preparando la semana.
36;Hombre;C) Ahorrando o invirtiendolo.;B) Hacer ejercicio y meditar.;B) 1 o 2 veces.;5;A) Improvisado, con amigos y musica.
14;Mujer;C) Ahorrando o invirtiendolo.;A) Salir a desconectarme, beber y socializar.;D) Solo cuando hay un evento importante.;9;A) Improvisado, con amigos y musica.
49;Hombre;D) Viajes, conciertos, cursos.;D) Buscar nuevas actividades o viajando.;D) Solo cuando hay un evento importante.;3;B) Activo, haciendo deporte y comiendo.
14;Mujer;A) Salir a beber con amigos y fiestas.;A) Salir a desconectarme, beber y socializar.;B) 1 o 2 veces.;6;C) Tranquilo, en casa y preparando la semana.
13;Hombre;A) Salir a beber con amigos y fiestas.;B) Hacer ejercicio y meditar.;D) Solo cuando hay un evento importante.;4;B) Activo, haciendo deporte y comiendo.
33;Mujer;C) Ahorrando o invirtiendolo.;B) Hacer ejercicio y meditar.;B) 1 o 2 veces.;8;B) Activo, haciendo deporte y comiendo.
22;Mujer;A) Salir a beber con amigos y fiestas.;D) Buscar nuevas actividades o viajando.;C) Casi nunca.;4;C) Tranquilo, en casa y preparando la semana.
18;Mujer;B) Gimnasio, comida y salud.;B) Hacer ejercicio y meditar.;D) Solo cuando hay un evento importante.;9;B) Activo, haciendo deporte y comiendo.
22;Mujer;B) Gimnasio, comida y salud.;B) Hacer ejercicio y meditar.;C) Casi nunca.;5;C) Tranquilo, en casa y preparando la semana.
26;Mujer;C) Ahorrando o invirtiendolo.;D) Buscar nuevas actividades o viajando.;B) 1 o 2 veces.;2;A) Improvisado, con amigos y musica.
19;Mujer;D) Viajes, conciertos, cursos.;C) Descansar en casa, planeando mi tiempo y gastos.;C) Casi nunca.;6;C) Tranquilo, en casa y preparando la semana.
37;Mujer;C) Ahorrando o invirtiendolo.;A) Salir a desconectarme, beber y socializar.;C) Casi nunca.;4;C) Tranquilo, en casa y preparando la semana.
25;Mujer;D) Viajes, conciertos, cursos.;C) Descansar en casa, planeando mi tiempo y gastos.;C) Casi nunca.;6;C) Tranquilo, en casa y preparando la semana.
33;Mujer;D) Viajes, conciertos, cursos.;A) Salir a desconectarme, beber y socializar.;C) Casi nunca.;3;C) Tranquilo, en casa y preparando la semana.
24;Mujer;B) Gimnasio, comida y salud.;B) Hacer ejercicio y meditar.;D) Solo cuando hay un evento importante.;2;A) Improvisado, con amigos y musica.
68;Mujer;B) Gimnasio, comida y salud.;B) Hacer ejercicio y meditar.;B) 1 o 2 veces.;8;C) Tranquilo, en casa y preparando la semana.
13;Mujer;A) Salir a beber con amigos y fiestas.;B) Hacer ejercicio y meditar.;C) Casi nunca.;6;C) Tranquilo, en casa y preparando la semana.
25;Hombre;B) Gimnasio, comida y salud.;C) Descansar en casa, planeando mi tiempo y gastos.;C) Casi nunca.;1;A) Improvisado, con amigos y musica.
30;Mujer;D) Viajes, conciertos, cursos.;B) Hacer ejercicio y meditar.;C) Casi nunca.;3;C) Tranquilo, en casa y preparando la semana.
25;Mujer;C) Ahorrando o invirtiendolo.;B) Hacer ejercicio y meditar.;D) Solo cuando hay un evento importante.;9;A) Improvisado, con amigos y musica.
28;Mujer;A) Salir a beber con amigos y fiestas.;C) Descansar en casa, planeando mi tiempo y gastos.;D) Solo cuando hay un evento importante.;8;C) Tranquilo, en casa y preparando la semana.
16;Mujer;B) Gimnasio, comida y salud.;B) Hacer ejercicio y meditar.;A) 4 o mas veces.;3;C) Tranquilo, en casa y preparando la semana.
21;Mujer;A) Salir a beber con amigos y fiestas.;C) Descansar en casa, planeando mi tiempo y gastos.;D) Solo cuando hay un evento importante.;5;C) Tranquilo, en casa y preparando la semana.
38;Mujer;B) Gimnasio, comida y salud.;C) Descansar en casa, planeando mi tiempo y gastos.;C) Casi nunca.;6;C) Tranquilo, en casa y preparando la semana.
30;Hombre;B) Gimnasio, comida y salud.;C) Descansar en casa, planeando mi tiempo y gastos.;D) Solo cuando hay un evento importante.;6;C) Tranquilo, en casa y preparando la semana.
27;Mujer;C) Ahorrando o invirtiendolo.;B) Hacer ejercicio y meditar.;A) 4 o mas veces.;6;C) Tranquilo, en casa y preparando la semana.
28;Hombre;C) Ahorrando o invirtiendolo.;B) Hacer ejercicio y meditar.;C) Casi nunca.;3;C) Tranquilo, en casa y preparando la semana.
33;Hombre;A) Salir a beber con amigos y fiestas.;C) Descansar en casa, planeando mi tiempo y gastos.;D) Solo cuando hay un evento importante.;6;B) Activo, haciendo deporte y comiendo.
14;Mujer;B) Gimnasio, comida y salud.;B) Hacer ejercicio y meditar.;C) Casi nunca.;1;C) Tranquilo, en casa y preparando la semana.
39;Hombre;B) Gimnasio, comida y salud.;B) Hacer ejercicio y meditar.;C) Casi nunca.;6;C) Tranquilo, en casa y preparando la semana.
13;Mujer;B) Gimnasio, comida y salud.;D) Buscar nuevas actividades o viajando.;C) Casi nunca.;1;B) Activo, haciendo deporte y comiendo.
29;Mujer;B) Gimnasio, comida y salud.;B) Hacer ejercicio y meditar.;D) Solo cuando hay un evento importante.;5;C) Tranquilo, en casa y preparando la semana.
13;Mujer;C) Ahorrando o invirtiendolo.;A) Salir a desconectarme, beber y socializar.;D) Solo cuando hay un evento importante.;5;C) Tranquilo, en casa y preparando la semana.
15;Hombre;B) Gimnasio, comida y salud.;B) Hacer ejercicio y meditar.;D) Solo cuando hay un evento importante.;7;C) Tranquilo, en casa y preparando la semana.
32;Mujer;C) Ahorrando o invirtiendolo.;C) Descansar en casa, planeando mi tiempo y gastos.;D) Solo cuando hay un evento importante.;5;A) Improvisado, con amigos y musica.
28;Hombre;A) Salir a beber con amigos y fiestas.;B) Hacer ejercicio y meditar.;D) Solo cuando hay un evento importante.;1;C) Tranquilo, en casa y preparando la semana.
37;Mujer;C) Ahorrando o invirtiendolo.;C) Descansar en casa, planeando mi tiempo y gastos.;B) 1 o 2 veces.;6;D) Visitando un lugar nuevo o una actividad nueva.
20;Mujer;D) Viajes, conciertos, cursos.;B) Hacer ejercicio y meditar.;D) Solo cuando hay un evento importante.;1;B) Activo, haciendo deporte y comiendo.
35;Hombre;A) Salir a beber con amigos y fiestas.;B) Hacer ejercicio y meditar.;C) Casi nunca.;6;C) Tranquilo, en casa y preparando la semana.
33;Hombre;B) Gimnasio, comida y salud.;D) Buscar nuevas actividades o viajando.;B) 1 o 2 veces.;3;C) Tranquilo, en casa y preparando la semana.
13;Hombre;B) Gimnasio, comida y salud.;B) Hacer ejercicio y meditar.;C) Casi nunca.;5;C) Tranquilo, en casa y preparando la semana.
27;Mujer;D) Viajes, conciertos, cursos.;B) Hacer ejercicio y meditar.;D) Solo cuando hay un evento importante.;10;C) Tranquilo, en casa y preparando la semana.
27;Hombre;C) Ahorrando o invirtiendolo.;D) Buscar nuevas actividades o viajando.;D) Solo cuando hay un evento importante.;1;C) Tranquilo, en casa y preparando la semana.
26;Hombre;D) Viajes, conciertos, cursos.;C) Descansar en casa, planeando mi tiempo y gastos.;C) Casi nunca.;5;C) Tranquilo, en casa y preparando la semana.
14;Mujer;C) Ahorrando o invirtiendolo.;B) Hacer ejercicio y meditar.;D) Solo cuando hay un evento importante.;5;C) Tranquilo, en casa y preparando la semana.
22;Mujer;D) Viajes, conciertos, cursos.;C) Descansar en casa, planeando mi tiempo y gastos.;B) 1 o 2 veces.;10;D) Visitando un lugar nuevo o una actividad nueva.
41;Hombre;B) Gimnasio, comida y salud.;C) Descansar en casa, planeando mi tiempo y gastos.;B) 1 o 2 veces.;8;A) Improvisado, con amigos y musica.
13;Hombre;B) Gimnasio, comida y salud.;A) Salir a desconectarme, beber y socializar.;A) 4 o mas veces.;7;A) Improvisado, con amigos y musica.
22;Mujer;B) Gimnasio, comida y salud.;D) Buscar nuevas actividades o viajando.;C) Casi nunca.;5;C) Tranquilo, en casa y preparando la semana.
21;Mujer;B) Gimnasio, comida y salud.;C) Descansar en casa, planeando mi tiempo y gastos.;C) Casi nunca.;6;C) Tranquilo, en casa y preparando la semana.
45;Hombre;D) Viajes, conciertos, cursos.;A) Salir a desconectarme, beber y socializar.;C) Casi nunca.;1;C) Tranquilo, en casa y preparando la semana.
27;Mujer;D) Viajes, conciertos, cursos.;A) Salir a desconectarme, beber y socializar.;D) Solo cuando hay un evento importante.;4;C) Tranquilo, en casa y preparando la semana.
13;Mujer;A) Salir a beber con amigos y fiestas.;B) Hacer ejercicio y meditar.;B) 1 o 2 veces.;6;C) Tranquilo, en casa y preparando la semana.
22;Mujer;C) Ahorrando o invirtiendolo.;C) Descansar en casa, planeando mi tiempo y gastos.;C) Casi nunca.;7;C) Tranquilo, en casa y preparando la semana.
41;Mujer;B) Gimnasio, comida y salud.;B) Hacer ejercicio y meditar.;C) Casi nunca.;5;C) Tranquilo, en casa y preparando la semana.
26;Mujer;D) Viajes, conciertos, cursos.;B) Hacer ejercicio y meditar.;C) Casi nunca.;2;B) Activo, haciendo deporte y comiendo.
45;Mujer;D) Viajes, conciertos, cursos.;A) Salir a desconectarme, beber y socializar.;B) 1 o 2 veces.;7;C) Tranquilo, en casa y preparando la semana.
35;Mujer;A) Salir a beber con amigos y fiestas.;C) Descansar en casa, planeando mi tiempo y gastos.;D) Solo cuando hay un evento importante.;2;C) Tranquilo, en casa y preparando la semana.
13;Mujer;D) Viajes, conciertos, cursos.;A) Salir a desconectarme, beber y socializar.;C) Casi nunca.;7;C) Tranquilo, en casa y preparando la semana.
33;Mujer;C) Ahorrando o invirtiendolo.;A) Salir a desconectarme, beber y socializar.;C) Casi nunca.;4;C) Tranquilo, en casa y preparando la semana.
55;Mujer;B) Gimnasio, comida y salud.;C) Descansar en casa, planeando mi tiempo y gastos.;C) Casi nunca.;8;C) Tranquilo, en casa y preparando la semana.
29;Hombre;B) Gimnasio, comida y salud.;D) Buscar nuevas actividades o viajando.;A) 4 o mas veces.;3;B) Activo, haciendo deporte y comiendo.
34;Hombre;C) Ahorrando o invirtiendolo.;A) Salir a desconectarme, beber y socializar.;C) Casi nunca.;6;D) Visitando un lugar nuevo o una actividad nueva.
40;Hombre;D) Viajes, conciertos, cursos.;C) Descansar en casa, planeando mi tiempo y gastos.;D) Solo cuando hay un evento importante.;4;D) Visitando un lugar nuevo o una actividad nueva.
33;Mujer;C) Ahorrando o invirtiendolo.;A) Salir a desconectarme, beber y socializar.;D) Solo cuando hay un evento importante.;7;C) Tranquilo, en casa y preparando la semana.
18;Mujer;B) Gimnasio, comida y salud.;C) Descansar en casa, planeando mi tiempo y gastos.;D) Solo cuando hay un evento importante.;7;B) Activo, haciendo deporte y comiendo.
31;Mujer;D) Viajes, conciertos, cursos.;D) Buscar nuevas actividades o viajando.;B) 1 o 2 veces.;6;C) Tranquilo, en casa y preparando la semana.
18;Mujer;C) Ahorrando o invirtiendolo.;C) Descansar en casa, planeando mi tiempo y gastos.;C) Casi nunca.;4;C) Tranquilo, en casa y preparando la semana.
14;Mujer;B) Gimnasio, comida y salud.;A) Salir a desconectarme, beber y socializar.;B) 1 o 2 veces.;3;C) Tranquilo, en casa y preparando la semana.
13;Hombre;A) Salir a beber con amigos y fiestas.;B) Hacer ejercicio y meditar.;C) Casi nunca.;6;C) Tranquilo, en casa y preparando la semana.
40;Mujer;A) Salir a beber con amigos y fiestas.;D) Buscar nuevas actividades o viajando.;A) 4 o mas veces.;10;C) Tranquilo, en casa y preparando la semana.
29;Hombre;B) Gimnasio, comida y salud.;B) Hacer ejercicio y meditar.;C) Casi nunca.;8;C) Tranquilo, en casa y preparando la semana.
32;Mujer;B) Gimnasio, comida y salud.;C) Descansar en casa, planeando mi tiempo y gastos.;D) Solo cuando hay un evento importante.;5;B) Activo, haciendo deporte y comiendo.
45;Mujer;C) Ahorrando o invirtiendolo.;C) Descansar en casa, planeando mi tiempo y gastos.;C) Casi nunca.;10;C) Tranquilo, en casa y preparando la semana.
14;Mujer;C) Ahorrando o invirtiendolo.;C) Descansar en casa, planeando mi tiempo y gastos.;B) 1 o 2 veces.;8;A) Improvisado, con amigos y musica.
38;Hombre;B) Gimnasio, comida y salud.;A) Salir a desconectarme, beber y socializar.;B) 1 o 2 veces.;3;C) Tranquilo, en casa y preparando la semana.
19;Mujer;B) Gimnasio, comida y salud.;A) Salir a desconectarme, beber y socializar.;C) Casi nunca.;6;A) Improvisado, con amigos y musica.
20;Mujer;C) Ahorrando o invirtiendolo.;D) Buscar nuevas actividades o viajando.;C) Casi nunca.;5;A) Improvisado, con amigos y musica.
30;Mujer;C) Ahorrando o invirtiendolo.;C) Descansar en casa, planeando mi tiempo y gastos.;C) Casi nunca.;5;C) Tranquilo, en casa y preparando la semana.
23;Mujer;B) Gimnasio, comida y salud.;D) Buscar nuevas actividades o viajando.;B) 1 o 2 veces.;7;C) Tranquilo, en casa y preparando la semana.
24;Mujer;C) Ahorrando o invirtiendolo.;C) Descansar en casa, planeando mi tiempo y gastos.;C) Casi nunca.;6;A) Improvisado, con amigos y musica.
21;Mujer;B) Gimnasio, comida y salud.;C) Descansar en casa, planeando mi tiempo y gastos.;C) Casi nunca.;4;D) Visitando un lugar nuevo o una actividad nueva.
13;Mujer;D) Viajes, conciertos, cursos.;B) Hacer ejercicio y meditar.;C) Casi nunca.;4;C) Tranquilo, en casa y preparando la semana.
17;Mujer;B) Gimnasio, comida y salud.;D) Buscar nuevas actividades o viajando.;D) Solo cuando hay un evento importante.;6;C) Tranquilo, en casa y preparando la semana.
13;Hombre;D) Viajes, conciertos, cursos.;C) Descansar en casa, planeando mi tiempo y gastos.;C) Casi nunca.;2;C) Tranquilo, en casa y preparando la semana.
25;Mujer;B) Gimnasio, comida y salud.;C) Descansar en casa, planeando mi tiempo y gastos.;C) Casi nunca.;7;C) Tranquilo, en casa y preparando la semana.
42;Mujer;A) Salir a beber con amigos y fiestas.;C) Descansar en casa, planeando mi tiempo y gastos.;B) 1 o 2 veces.;3;A) Improvisado, con amigos y musica.
33;Mujer;B) Gimnasio, comida y salud.;D) Buscar nuevas actividades o viajando.;D) Solo cuando hay un evento importante.;8;A) Improvisado, con amigos y musica.
27;Mujer;B) Gimnasio, comida y salud.;A) Salir a desconectarme, beber y socializar.;D) Solo cuando hay un evento importante.;4;A) Improvisado, con amigos y musica.
27;Hombre;A) Salir a beber con amigos y fiestas.;A) Salir a desconectarme, beber y socializar.;C) Casi nunca.;2;D) Visitando un lugar nuevo o una actividad nueva.
19;Mujer;D) Viajes, conciertos, cursos.;A) Salir a desconectarme, beber y socializar.;B) 1 o 2 veces.;3;C) Tranquilo, en casa y preparando la semana.
40;Hombre;C) Ahorrando o invirtiendolo.;C) Descansar en casa, planeando mi tiempo y gastos.;C) Casi nunca.;8;D) Visitando un lugar nuevo o una actividad nueva.
36;Mujer;A) Salir a beber con amigos y fiestas.;C) Descansar en casa, planeando mi tiempo y gastos.;C) Casi nunca.;5;C) Tranquilo, en casa y preparando la semana.
22;Mujer;B) Gimnasio, comida y salud.;D) Buscar nuevas actividades o viajando.;B) 1 o 2 veces.;5;C) Tranquilo, en casa y preparando la semana.
22;Hombre;C) Ahorrando o invirtiendolo.;B) Hacer ejercicio y meditar.;B) 1 o 2 veces.;3;C) Tranquilo, en casa y preparando la semana.
21;Mujer;C) Ahorrando o invirtiendolo.;C) Descansar en casa, planeando mi tiempo y gastos.;C) Casi nunca.;10;C) Tranquilo, en casa y preparando la semana.
25;Hombre;B) Gimnasio, comida y salud.;C) Descansar en casa, planeando mi tiempo y gastos.;B) 1 o 2 veces.;7;C) Tranquilo, en casa y preparando la semana.
67;Hombre;C) Ahorrando o invirtiendolo.;D) Buscar nuevas actividades o viajando.;B) 1 o 2 veces.;2;C) Tranquilo, en casa y preparando la semana.
33;Hombre;A) Salir a beber con amigos y fiestas.;A) Salir a desconectarme, beber y socializar.;D) Solo cuando hay un evento importante.;4;B) Activo, haciendo deporte y comiendo.
30;Mujer;B) Gimnasio, comida y salud.;C) Descansar en casa, planeando mi tiempo y gastos.;B) 1 o 2 veces.;5;C) Tranquilo, en casa y preparando la semana.
13;Mujer;A) Salir a beber con amigos y fiestas.;B) Hacer ejercicio y meditar.;A) 4 o mas veces.;7;C) Tranquilo, en casa y preparando la semana.
15;Mujer;A) Salir a beber con amigos y fiestas.;C) Descansar en casa, planeando mi tiempo y gastos.;D) Solo cuando hay un evento importante.;5;D) Visitando un lugar nuevo o una actividad nueva.
40;Hombre;B) Gimnasio, comida y salud.;D) Buscar nuevas actividades o viajando.;C) Casi nunca.;3;C) Tranquilo, en casa y preparando la semana.
26;Hombre;B) Gimnasio, comida y salud.;C) Descansar en casa, planeando mi tiempo y gastos.;D) Solo cuando hay un evento importante.;1;C) Tranquilo, en casa y preparando la semana.
14;Mujer;C) Ahorrando o invirtiendolo.;B) Hacer ejercicio y meditar.;B) 1 o 2 veces.;5;B) Activo, haciendo deporte y comiendo.
13;Mujer;C) Ahorrando o invirtiendolo.;C) Descansar en casa, planeando mi tiempo y gastos.;B) 1 o 2 veces.;4;C) Tranquilo, en casa y preparando la semana.
40;Mujer;B) Gimnasio, comida y salud.;A) Salir a desconectarme, beber y socializar.;B) 1 o 2 veces.;6;C) Tranquilo, en casa y preparando la semana.
29;Mujer;C) Ahorrando o invirtiendolo.;C) Descansar en casa, planeando mi tiempo y gastos.;D) Solo cuando hay un evento importante.;3;A) Improvisado, con amigos y musica.
31;Mujer;C) Ahorrando o invirtiendolo.;D) Buscar nuevas actividades o viajando.;D) Solo cuando hay un evento importante.;3;C) Tranquilo, en casa y preparando la semana.
19;Mujer;D) Viajes, conciertos, cursos.;D) Buscar nuevas actividades o viajando.;D) Solo cuando hay un evento importante.;6;C) Tranquilo, en casa y preparando la semana.
15;Hombre;B) Gimnasio, comida y salud.;C) Descansar en casa, planeando mi tiempo y gastos.;D) Solo cuando hay un evento importante.;5;C) Tranquilo, en casa y preparando la semana.
35;Mujer;C) Ahorrando o invirtiendolo.;C) Descansar en casa, planeando mi tiempo y gastos.;D) Solo cuando hay un evento importante.;6;C) Tranquilo, en casa y preparando la semana.
35;Hombre;D) Viajes, conciertos, cursos.;D) Buscar nuevas actividades o viajando.;C) Casi nunca.;2;A) Improvisado, con amigos y musica.
21;Hombre;A) Salir a beber con amigos y fiestas.;D) Buscar nuevas actividades o viajando.;C) Casi nunca.;6;C) Tranquilo, en casa y preparando la semana.
13;Mujer;B) Gimnasio, comida y salud.;B) Hacer ejercicio y meditar.;C) Casi nunca.;5;A) Improvisado, con amigos y musica.
15;Mujer;C) Ahorrando o invirtiendolo.;B) Hacer ejercicio y meditar.;C) Casi nunca.;4;C) Tranquilo, en casa y preparando la semana.
26;Mujer;D) Viajes, conciertos, cursos.;D) Buscar nuevas actividades o viajando.;C) Casi nunca.;6;A) Improvisado, con amigos y musica.
13;Hombre;D) Viajes, conciertos, cursos.;B) Hacer ejercicio y meditar.;D) Solo cuando hay un evento importante.;8;C) Tranquilo, en casa y preparando la semana.
20;Hombre;B) Gimnasio, comida y salud.;C) Descansar en casa, planeando mi tiempo y gastos.;C) Casi nunca.;8;A) Improvisado, con amigos y musica.
13;Hombre;B) Gimnasio, comida y salud.;D) Buscar nuevas actividades o viajando.;B) 1 o 2 veces.;1;C) Tranquilo, en casa y preparando la semana.
21;Mujer;B) Gimnasio, comida y salud.;A) Salir a desconectarme, beber y socializar.;C) Casi nunca.;7;C) Tranquilo, en casa y preparando la semana.
16;Mujer;C) Ahorrando o invirtiendolo.;C) Descansar en casa, planeando mi tiempo y gastos.;C) Casi nunca.;5;A) Improvisado, con amigos y musica.
59;Mujer;C) Ahorrando o invirtiendolo.;C) Descansar en casa, planeando mi tiempo y gastos.;D) Solo cuando hay un evento importante.;10;C) Tranquilo, en casa y preparando la semana.
23;Hombre;B) Gimnasio, comida y salud.;A) Salir a desconectarme, beber y socializar.;B) 1 o 2 veces.;2;C) Tranquilo, en casa y preparando la semana.
17;Hombre;B) Gimnasio, comida y salud.;B) Hacer ejercicio y meditar.;B) 1 o 2 veces.;6;B) Activo, haciendo deporte y comiendo.
38;Mujer;D) Viajes, conciertos, cursos.;A) Salir a desconectarme, beber y socializar.;C) Casi nunca.;7;D) Visitando un lugar nuevo o una actividad nueva.
18;Hombre;C) Ahorrando o invirtiendolo.;B) Hacer ejercicio y meditar.;C) Casi nunca.;1;C) Tranquilo, en casa y preparando la semana.
25;Mujer;D) Viajes, conciertos, cursos.;C) Descansar en casa, planeando mi tiempo y gastos.;B) 1 o 2 veces.;1;C) Tranquilo, en casa y preparando la semana.
34;Mujer;C) Ahorrando o invirtiendolo.;D) Buscar nuevas actividades o viajando.;B) 1 o 2 veces.;6;C) Tranquilo, en casa y preparando la semana.
40;Mujer;C) Ahorrando o invirtiendolo.;B) Hacer ejercicio y meditar.;C) Casi nunca.;5;C) Tranquilo, en casa y preparando la semana.
25;Mujer;B) Gimnasio, comida y salud.;D) Buscar nuevas actividades o viajando.;D) Solo cuando hay un evento importante.;4;C) Tranquilo, en casa y preparando la semana.
22;Mujer;A) Salir a beber con amigos y fiestas.;A) Salir a desconectarme, beber y socializar.;B) 1 o 2 veces.;4;D) Visitando un lugar nuevo o una actividad nueva.
24;Hombre;B) Gimnasio, comida y salud.;D) Buscar nuevas actividades o viajando.;C) Casi nunca.;5;C) Tranquilo, en casa y preparando la semana.
38;Mujer;C) Ahorrando o invirtiendolo.;A) Salir a desconectarme, beber y socializar.;B) 1 o 2 veces.;5;B) Activo, haciendo deporte y comiendo.
29;Mujer;C) Ahorrando o invirtiendolo.;B) Hacer ejercicio y meditar.;D) Solo cuando hay un evento importante.;6;A) Improvisado, con amigos y musica.
21;Hombre;C) Ahorrando o invirtiendolo.;D) Buscar nuevas actividades o viajando.;A) 4 o mas veces.;2;D) Visitando un lugar nuevo o una actividad nueva.
39;Mujer;A) Salir a beber con amigos y fiestas.;D) Buscar nuevas actividades o viajando.;C) Casi nunca.;8;B) Activo, haciendo deporte y comiendo.
16;Hombre;B) Gimnasio, comida y salud.;D) Buscar nuevas actividades o viajando.;D) Solo cuando hay un evento importante.;8;A) Improvisado, con amigos y musica.
21;Mujer;B) Gimnasio, comida y salud.;C) Descansar en casa, planeando mi tiempo y gastos.;D) Solo cuando hay un evento importante.;10;C) Tranquilo, en casa y preparando la semana.
13;Hombre;C) Ahorrando o invirtiendolo.;D) Buscar nuevas actividades o viajando.;B) 1 o 2 veces.;6;C) Tranquilo, en casa y preparando la semana.
18;Hombre;C) Ahorrando o invirtiendolo.;B) Hacer ejercicio y meditar.;B) 1 o 2 veces.;7;C) Tranquilo, en casa y preparando la semana.
26;Hombre;C) Ahorrando o invirtiendolo.;B) Hacer ejercicio y meditar.;C) Casi nunca.;4;C) Tranquilo, en casa y preparando la semana.
20;Hombre;B) Gimnasio, comida y salud.;A) Salir a desconectarme, beber y socializar.;B) 1 o 2 veces.;6;A) Improvisado, con amigos y musica.
13;Mujer;B) Gimnasio, comida y salud.;B) Hacer ejercicio y meditar.;B) 1 o 2 veces.;5;C) Tranquilo, en casa y preparando la semana.
17;Hombre;A) Salir a beber con amigos y fiestas.;C) Descansar en casa, planeando mi tiempo y gastos.;C) Casi nunca.;3;C) Tranquilo, en casa y preparando la semana.
13;Hombre;C) Ahorrando o invirtiendolo.;B) Hacer ejercicio y meditar.;C) Casi nunca.;5;C) Tranquilo, en casa y preparando la semana.
33;Mujer;C) Ahorrando o invirtiendolo.;C) Descansar en casa, planeando mi tiempo y gastos.;D) Solo cuando hay un evento importante.;7;C) Tranquilo, en casa y preparando la semana.
25;Mujer;B) Gimnasio, comida y salud.;B) Hacer ejercicio y meditar.;D) Solo cuando hay un evento importante.;5;D) Visitando un lugar nuevo o una actividad nueva.
44;Mujer;D) Viajes, conciertos, cursos.;B) Hacer ejercicio y meditar.;B) 1 o 2 veces.;7;C) Tranquilo, en casa y preparando la semana.
13;Hombre;B) Gimnasio, comida y salud.;B) Hacer ejercicio y meditar.;D) Solo cuando hay un evento importante.;5;C) Tranquilo, en casa y preparando la semana.
69;Hombre;B) Gimnasio, comida y salud.;B) Hacer ejercicio y meditar.;C) Casi nunca.;8;D) Visitando un lugar nuevo o una actividad nueva.
13;Hombre;B) Gimnasio, comida y salud.;B) Hacer ejercicio y meditar.;B) 1 o 2 veces.;1;C) Tranquilo, en casa y preparando la semana.
58;Mujer;B) Gimnasio, comida y salud.;B) Hacer ejercicio y meditar.;D) Solo cuando hay un evento importante.;6;A) Improvisado, con amigos y musica.
23;Hombre;B) Gimnasio, comida y salud.;C) Descansar en casa, planeando mi tiempo y gastos.;B) 1 o 2 veces.;5;C) Tranquilo, en casa y preparando la semana.
19;Hombre;A) Salir a beber con amigos y fiestas.;B) Hacer ejercicio y meditar.;C) Casi nunca.;4;B) Activo, haciendo deporte y comiendo.
29;Mujer;B) Gimnasio, comida y salud.;A) Salir a desconectarme, beber y socializar.;B) 1 o 2 veces.;3;C) Tranquilo, en casa y preparando la semana.
21;Hombre;A) Salir a beber con amigos y fiestas.;B) Hacer ejercicio y meditar.;C) Casi nunca.;1;C) Tranquilo, en casa y preparando la semana.
13;Mujer;B) Gimnasio, comida y salud.;B) Hacer ejercicio y meditar.;C) Casi nunca.;1;C) Tranquilo, en casa y preparando la semana.
33;Mujer;D) Viajes, conciertos, cursos.;A) Salir a desconectarme, beber y socializar.;C) Casi nunca.;6;A) Improvisado, con amigos y musica.
25;Mujer;A) Salir a beber con amigos y fiestas.;D) Buscar nuevas actividades o viajando.;C) Casi nunca.;4;A) Improvisado, con amigos y musica.
18;Mujer;C) Ahorrando o invirtiendolo.;A) Salir a desconectarme, beber y socializar.;B) 1 o 2 veces.;8;B) Activo, haciendo deporte y comiendo.
39;Mujer;B) Gimnasio, comida y salud.;C) Descansar en casa, planeando mi tiempo y gastos.;C) Casi nunca.;4;A) Improvisado, con amigos y musica.
28;Mujer;B) Gimnasio, comida y salud.;D) Buscar nuevas actividades o viajando.;C) Casi nunca.;8;D) Visitando un lugar nuevo o una actividad nueva.
27;Mujer;B) Gimnasio, comida y salud.;B) Hacer ejercicio y meditar.;B) 1 o 2 veces.;4;C) Tranquilo, en casa y preparando la semana.
16;Hombre;C) Ahorrando o invirtiendolo.;A) Salir a desconectarme, beber y socializar.;D) Solo cuando hay un evento importante.;8;C) Tranquilo, en casa y preparando la semana.
26;Mujer;B) Gimnasio, comida y salud.;C) Descansar en casa, planeando mi tiempo y gastos.;C) Casi nunca.;4;A) Improvisado, con amigos y musica.
54;Mujer;A) Salir a beber con amigos y fiestas.;A) Salir a desconectarme, beber y socializar.;A) 4 o mas veces.;8;D) Visitando un lugar nuevo o una actividad nueva.
26;Mujer;A) Salir a beber con amigos y fiestas.;D) Buscar nuevas actividades o viajando.;D) Solo cuando hay un evento importante.;10;C) Tranquilo, en casa y preparando la semana.
35;Hombre;D) Viajes, conciertos, cursos.;A) Salir a desconectarme, beber y socializar.;C) Casi nunca.;5;A) Improvisado, con amigos y musica.
64;Mujer;B) Gimnasio, comida y salud.;B) Hacer ejercicio y meditar.;D) Solo cuando hay un evento importante.;6;D) Visitando un lugar nuevo o una actividad nueva.
18;Mujer;A) Salir a beber con amigos y fiestas.;B) Hacer ejercicio y meditar.;B) 1 o 2 veces.;8;C) Tranquilo, en casa y preparando la semana.
31;Mujer;C) Ahorrando o invirtiendolo.;C) Descansar en casa, planeando mi tiempo y gastos.;B) 1 o 2 veces.;2;A) Improvisado, con amigos y musica.
31;Mujer;C) Ahorrando o invirtiendolo.;D) Buscar nuevas actividades o viajando.;D) Solo cuando hay un evento importante.;5;A) Improvisado, con amigos y musica.
14;Mujer;D) Viajes, conciertos, cursos.;C) Descansar en casa, planeando mi tiempo y gastos.;C) Casi nunca.;2;C) Tranquilo, en casa y preparando la semana.
25;Hombre;B) Gimnasio, comida y salud.;C) Descansar en casa, planeando mi tiempo y gastos.;D) Solo cuando hay un evento importante.;9;C) Tranquilo, en casa y preparando la semana.
13;Mujer;D) Viajes, conciertos, cursos.;C) Descansar en casa, planeando mi tiempo y gastos.;A) 4 o mas veces.;6;C) Tranquilo, en casa y preparando la semana.
17;Hombre;A) Salir a beber con amigos y fiestas.;B) Hacer ejercicio y meditar.;C) Casi nunca.;9;C) Tranquilo, en casa y preparando la semana.
21;Hombre;C) Ahorrando o invirtiendolo.;B) Hacer ejercicio y meditar.;D) Solo cuando hay un evento importante.;4;A) Improvisado, con amigos y musica.
16;Mujer;D) Viajes, conciertos, cursos.;C) Descansar en casa, planeando mi tiempo y gastos.;C) Casi nunca.;4;C) Tranquilo, en casa y preparando la semana.
30;Mujer;A) Salir a beber con amigos y fiestas.;B) Hacer ejercicio y meditar.;B) 1 o 2 veces.;8;C) Tranquilo, en casa y preparando la semana.
38;Hombre;B) Gimnasio, comida y salud.;C) Descansar en casa, planeando mi tiempo y gastos.;C) Casi nunca.;5;A) Improvisado, con amigos y musica.
22;Mujer;B) Gimnasio, comida y salud.;B) Hacer ejercicio y meditar.;B) 1 o 2 veces.;7;C) Tranquilo, en casa y preparando la semana.
32;Hombre;A) Salir a beber con amigos y fiestas.;D) Buscar nuevas actividades o viajando.;C) Casi nunca.;7;C) Tranquilo, en casa y preparando la semana.
16;Mujer;C) Ahorrando o invirtiendolo.;A) Salir a desconectarme, beber y socializar.;B) 1 o 2 veces.;2;C) Tranquilo, en casa y preparando la semana.
50;Mujer;A) Salir a beber con amigos y fiestas.;B) Hacer ejercicio y meditar.;C) Casi nunca.;1;C) Tranquilo, en casa y preparando la semana.
28;Mujer;A) Salir a beber con amigos y fiestas.;D) Buscar nuevas actividades o viajando.;B) 1 o 2 veces.;10;A) Improvisado, con amigos y musica.
29;Hombre;D) Viajes, conciertos, cursos.;B) Hacer ejercicio y meditar.;C) Casi nunca.;10;C) Tranquilo, en casa y preparando la semana.
57;Mujer;A) Salir a beber con amigos y fiestas.;A) Salir a desconectarme, beber y socializar.;D) Solo cuando hay un evento importante.;9;D) Visitando un lugar nuevo o una actividad nueva.
13;Hombre;B) Gimnasio, comida y salud.;C) Descansar en casa, planeando mi tiempo y gastos.;C) Casi nunca.;8;A) Improvisado, con amigos y musica.
17;Mujer;B) Gimnasio, comida y salud.;D) Buscar nuevas actividades o viajando.;C) Casi nunca.;5;C) Tranquilo, en casa y preparando la semana.
13;Hombre;B) Gimnasio, comida y salud.;D) Buscar nuevas actividades o viajando.;D) Solo cuando hay un evento importante.;10;A) Improvisado, con amigos y musica.
13;Mujer;B) Gimnasio, comida y salud.;D) Buscar nuevas actividades o viajando.;D) Solo cuando hay un evento importante.;2;C) Tranquilo, en casa y preparando la semana.
38;Mujer;D) Viajes, conciertos, cursos.;B) Hacer ejercicio y meditar.;A) 4 o mas veces.;2;C) Tranquilo, en casa y preparando la semana.
18;Hombre;B) Gimnasio, comida y salud.;C) Descansar en casa, planeando mi tiempo y gastos.;C) Casi nunca.;7;C) Tranquilo, en casa y preparando la semana.
18;Hombre;A) Salir a beber con amigos y fiestas.;C) Descansar en casa, planeando mi tiempo y gastos.;A) 4 o mas veces.;3;C) Tranquilo, en casa y preparando la semana.
30;Mujer;B) Gimnasio, comida y salud.;C) Descansar en casa, planeando mi tiempo y gastos.;B) 1 o 2 veces.;4;C) Tranquilo, en casa y preparando la semana.
35;Mujer;B) Gimnasio, comida y salud.;C) Descansar en casa, planeando mi tiempo y gastos.;B) 1 o 2 veces.;5;C) Tranquilo, en casa y preparando la semana.
13;Hombre;B) Gimnasio, comida y salud.;A) Salir a desconectarme, beber y socializar.;B) 1 o 2 veces.;7;C) Tranquilo, en casa y preparando la semana.
13;Mujer;D) Viajes, conciertos, cursos.;A) Salir a desconectarme, beber y socializar.;B) 1 o 2 veces.;4;C) Tranquilo, en casa y preparando la semana.
24;Mujer;A) Salir a beber con amigos y fiestas.;A) Salir a desconectarme, beber y socializar.;C) Casi nunca.;7;B) Activo, haciendo deporte y comiendo.
30;Hombre;B) Gimnasio, comida y salud.;B) Hacer ejercicio y meditar.;C) Casi nunca.;5;A) Improvisado, con amigos y musica.
23;Hombre;B) Gimnasio, comida y salud.;C) Descansar en casa, planeando mi tiempo y gastos.;B) 1 o 2 veces.;1;B) Activo, haciendo deporte y comiendo.
23;Hombre;B) Gimnasio, comida y salud.;B) Hacer ejercicio y meditar.;B) 1 o 2 veces.;2;C) Tranquilo, en casa y preparando la semana.
22;Mujer;D) Viajes, conciertos, cursos.;C) Descansar en casa, planeando mi tiempo y gastos.;C) Casi nunca.;1;C) Tranquilo, en casa y preparando la semana.
30;Mujer;B) Gimnasio, comida y salud.;C) Descansar en casa, planeando mi tiempo y gastos.;B) 1 o 2 veces.;5;A) Improvisado, con amigos y musica.
17;Hombre;A) Salir a beber con amigos y fiestas.;A) Salir a desconectarme, beber y socializar.;C) Casi nunca.;5;C) Tranquilo, en casa y preparando la semana.
14;Hombre;C) Ahorrando o invirtiendolo.;D) Buscar nuevas actividades o viajando.;C) Casi nunca.;4;A) Improvisado, con amigos y musica.
13;Hombre;A) Salir a beber con amigos y fiestas.;B) Hacer ejercicio y meditar.;B) 1 o 2 veces.;2;C) Tranquilo, en casa y preparando la semana.
28;Mujer;D) Viajes, conciertos, cursos.;D) Buscar nuevas actividades o viajando.;C) Casi nunca.;5;C) Tranquilo, en casa y preparando la semana.
33;Mujer;D) Viajes, conciertos, cursos.;B) Hacer ejercicio y meditar.;D) Solo cuando hay un evento importante.;6;C) Tranquilo, en casa y preparando la semana.
26;Hombre;C) Ahorrando o invirtiendolo.;B) Hacer ejercicio y meditar.;D) Solo cuando hay un evento importante.;4;C) Tranquilo, en casa y preparando la semana.
17;Hombre;C) Ahorrando o invirtiendolo.;C) Descansar en casa, planeando mi tiempo y gastos.;C) Casi nunca.;1;A) Improvisado, con amigos y musica.
25;Mujer;B) Gimnasio, comida y salud.;C) Descansar en casa, planeando mi tiempo y gastos.;D) Solo cuando hay un evento importante.;7;C) Tranquilo, en casa y preparando la semana.
13;Hombre;D) Viajes, conciertos, cursos.;B) Hacer ejercicio y meditar.;D) Solo cuando hay un evento importante.;7;C) Tranquilo, en casa y preparando la semana.
20;Mujer;D) Viajes, conciertos, cursos.;B) Hacer ejercicio y meditar.;C) Casi nunca.;2;A) Improvisado, con amigos y musica.
27;Mujer;D) Viajes, conciertos, cursos.;C) Descansar en casa, planeando mi tiempo y gastos.;B) 1 o 2 veces.;9;C) Tranquilo, en casa y preparando la semana.
24;Hombre;B) Gimnasio, comida y salud.;B) Hacer ejercicio y meditar.;B) 1 o 2 veces.;4;C) Tranquilo, en casa y preparando la semana.
36;Hombre;A) Salir a beber con amigos y fiestas.;B) Hacer ejercicio y meditar.;C) Casi nunca.;6;A) Improvisado, con amigos y musica.
38;Hombre;C) Ahorrando o invirtiendolo.;B) Hacer ejercicio y meditar.;C) Casi nunca.;5;C) Tranquilo, en casa y preparando la semana.
34;Hombre;D) Viajes, conciertos, cursos.;D) Buscar nuevas actividades o viajando.;B) 1 o 2 veces.;2;A) Improvisado, con amigos y musica.
54;Mujer;C) Ahorrando o invirtiendolo.;B) Hacer ejercicio y meditar.;D) Solo cuando hay un evento importante.;9;A) Improvisado, con amigos y musica.
39;Mujer;B) Gimnasio, comida y salud.;A) Salir a desconectarme, beber y socializar.;B) 1 o 2 veces.;5;C) Tranquilo, en casa y preparando la semana.
16;Mujer;B) Gimnasio, comida y salud.;D) Buscar nuevas actividades o viajando.;D) Solo cuando hay un evento importante.;6;C) Tranquilo, en casa y preparando la semana.
16;Mujer;D) Viajes, conciertos, cursos.;B) Hacer ejercicio y meditar.;C) Casi nunca.;6;D) Visitando un lugar nuevo o una actividad nueva.
15;Mujer;B) Gimnasio, comida y salud.;A) Salir a desconectarme, beber y socializar.;D) Solo cuando hay un evento importante.;6;C) Tranquilo, en casa y preparando la semana.
33;Hombre;B) Gimnasio, comida y salud.;A) Salir a desconectarme, beber y socializar.;C) Casi nunca.;5;C) Tranquilo, en casa y preparando la semana.
35;Mujer;A) Salir a beber con amigos y fiestas.;C) Descansar en casa, planeando mi tiempo y gastos.;C) Casi nunca.;10;A) Improvisado, con amigos y musica.
17;Hombre;B) Gimnasio, comida y salud.;B) Hacer ejercicio y meditar.;C) Casi nunca.;5;C) Tranquilo, en casa y preparando la semana.
13;Mujer;B) Gimnasio, comida y salud.;D) Buscar nuevas actividades o viajando.;A) 4 o mas veces.;5;A) Improvisado, con amigos y musica.
13;Hombre;C) Ahorrando o invirtiendolo.;D) Buscar nuevas actividades o viajando.;C) Casi nunca.;7;C) Tranquilo, en casa y preparando la semana.
13;Mujer;A) Salir a beber con amigos y fiestas.;A) Salir a desconectarme, beber y socializar.;D) Solo cuando hay un evento importante.;1;D) Visitando un lugar nuevo o una actividad nueva.
24;Hombre;C) Ahorrando o invirtiendolo.;B) Hacer ejercicio y meditar.;D) Solo cuando hay un evento importante.;4;A) Improvisado, con amigos y musica.
37;Mujer;B) Gimnasio, comida y salud.;A) Salir a desconectarme, beber y socializar.;B) 1 o 2 veces.;4;C) Tranquilo, en casa y preparando la semana.
32;Hombre;B) Gimnasio, comida y salud.;D) Buscar nuevas actividades o viajando.;D) Solo cuando hay un evento importante.;4;C) Tranquilo, en casa y preparando la semana.
25;Hombre;A) Salir a beber con amigos y fiestas.;B) Hacer ejercicio y meditar.;C) Casi nunca.;1;C) Tranquilo, en casa y preparando la semana.
23;Mujer;B) Gimnasio, comida y salud.;A) Salir a desconectarme, beber y socializar.;C) Casi nunca.;2;C) Tranquilo, en casa y preparando la semana.
21;Hombre;C) Ahorrando o invirtiendolo.;D) Buscar nuevas actividades o viajando.;B) 1 o 2 veces.;2;C) Tranquilo, en casa y preparando la semana.
24;Mujer;B) Gimnasio, comida y salud.;A) Salir a desconectarme, beber y socializar.;C) Casi nunca.;7;C) Tranquilo, en casa y preparando la semana.
14;Hombre;B) Gimnasio, comida y salud.;B) Hacer ejercicio y meditar.;A) 4 o mas veces.;5;C) Tranquilo, en casa y preparando la semana.
13;Hombre;B) Gimnasio, comida y salud.;A) Salir a desconectarme, beber y socializar.;B) 1 o 2 veces.;7;C) Tranquilo, en casa y preparando la semana.
17;Mujer;C) Ahorrando o invirtiendolo.;C) Descansar en casa, planeando mi tiempo y gastos.;A) 4 o mas veces.;7;B) Activo, haciendo deporte y comiendo.
24;Hombre;D) Viajes, conciertos, cursos.;A) Salir a desconectarme, beber y socializar.;B) 1 o 2 veces.;1;C) Tranquilo, en casa y preparando la semana.
21;Hombre;B) Gimnasio, comida y salud.;C) Descansar en casa, planeando mi tiempo y gastos.;D) Solo cuando hay un evento importante.;6;C) Tranquilo, en casa y preparando la semana.
25;Mujer;C) Ahorrando o invirtiendolo.;C) Descansar en casa, planeando mi tiempo y gastos.;B) 1 o 2 veces.;4;D) Visitando un lugar nuevo o una actividad nueva.
28;Mujer;A) Salir a beber con amigos y fiestas.;C) Descansar en casa, planeando mi tiempo y gastos.;D) Solo cuando hay un evento importante.;7;A) Improvisado, con amigos y musica.
22;Mujer;B) Gimnasio, comida y salud.;B) Hacer ejercicio y meditar.;C) Casi nunca.;6;A) Improvisado, con amigos y musica.
18;Mujer;A) Salir a beber con amigos y fiestas.;C) Descansar en casa, planeando mi tiempo y gastos.;C) Casi nunca.;5;A) Improvisado, con amigos y musica.
14;Hombre;C) Ahorrando o invirtiendolo.;D) Buscar nuevas actividades o viajando.;C) Casi nunca.;3;C) Tranquilo, en casa y preparando la semana.
13;Mujer;D) Viajes, conciertos, cursos.;C) Descansar en casa, planeando mi tiempo y gastos.;D) Solo cuando hay un evento importante.;5;B) Activo, haciendo deporte y comiendo.
23;Hombre;B) Gimnasio, comida y salud.;A) Salir a desconectarme, beber y socializar.;C) Casi nunca.;4;C) Tranquilo, en casa y preparando la semana.
30;Mujer;D) Viajes, conciertos, cursos.;C) Descansar en casa, planeando mi tiempo y gastos.;D) Solo cuando hay un evento importante.;3;C) Tranquilo, en casa y preparando la semana.
33;Mujer;B) Gimnasio, comida y salud.;C) Descansar en casa, planeando mi tiempo y gastos.;A) 4 o mas veces.;1;C) Tranquilo, en casa y preparando la semana.
30;Mujer;C) Ahorrando o invirtiendolo.;B) Hacer ejercicio y meditar.;C) Casi nunca.;6;D) Visitando un lugar nuevo o una actividad nueva.
29;Mujer;A) Salir a beber con amigos y fiestas.;A) Salir a desconectarme, beber y socializar.;C) Casi nunca.;6;B) Activo, haciendo deporte y comiendo.
18;Mujer;B) Gimnasio, comida y salud.;A) Salir a desconectarme, beber y socializar.;B) 1 o 2 veces.;8;A) Improvisado, con amigos y musica.
25;Mujer;D) Viajes, conciertos, cursos.;C) Descansar en casa, planeando mi tiempo y gastos.;D) Solo cuando hay un evento importante.;3;C) Tranquilo, en casa y preparando la semana.
17;Hombre;A) Salir a beber con amigos y fiestas.;B) Hacer ejercicio y meditar.;B) 1 o 2 veces.;2;C) Tranquilo, en casa y preparando la semana.
41;Mujer;C) Ahorrando o invirtiendolo.;B) Hacer ejercicio y meditar.;D) Solo cuando hay un evento importante.;4;A) Improvisado, con amigos y musica.
35;Mujer;B) Gimnasio, comida y salud.;A) Salir a desconectarme, beber y socializar.;B) 1 o 2 veces.;4;C) Tranquilo, en casa y preparando la semana.
13;Hombre;B) Gimnasio, comida y salud.;C) Descansar en casa, planeando mi tiempo y gastos.;B) 1 o 2 veces.;7;D) Visitando un lugar nuevo o una actividad nueva.
41;Mujer;A) Salir a beber con amigos y fiestas.;C) Descansar en casa, planeando mi tiempo y gastos.;B) 1 o 2 veces.;6;A) Improvisado, con amigos y musica.
33;Mujer;D) Viajes, conciertos, cursos.;C) Descansar en casa, planeando mi tiempo y gastos.;B) 1 o 2 veces.;4;A) Improvisado, con amigos y musica.
35;Mujer;A) Salir a beber con amigos y fiestas.;A) Salir a desconectarme, beber y socializar.;D) Solo cuando hay un evento importante.;5;B) Activo, haciendo deporte y comiendo.
31;Mujer;C) Ahorrando o invirtiendolo.;A) Salir a desconectarme, beber y socializar.;B) 1 o 2 veces.;3;A) Improvisado, con amigos y musica.
36;Hombre;B) Gimnasio, comida y salud.;B) Hacer ejercicio y meditar.;C) Casi nunca.;4;D) Visitando un lugar nuevo o una actividad nueva.
23;Mujer;B) Gimnasio, comida y salud.;D) Buscar nuevas actividades o viajando.;C) Casi nunca.;5;A) Improvisado, con amigos y musica.
17;Mujer;D) Viajes, conciertos, cursos.;C) Descansar en casa, planeando mi tiempo y gastos.;D) Solo cuando hay un evento importante.;2;C) Tranquilo, en casa y preparando la semana.
20;Hombre;B) Gimnasio, comida y salud.;B) Hacer ejercicio y meditar.;D) Solo cuando hay un evento importante.;4;A) Improvisado, con amigos y musica.
13;Mujer;A) Salir a beber con amigos y fiestas.;B) Hacer ejercicio y meditar.;C) Casi nunca.;4;C) Tranquilo, en casa y preparando la semana.
23;Hombre;C) Ahorrando o invirtiendolo.;C) Descansar en casa, planeando mi tiempo y gastos.;B) 1 o 2 veces.;8;A) Improvisado, con amigos y musica.
18;Mujer;D) Viajes, conciertos, cursos.;B) Hacer ejercicio y meditar.;D) Solo cuando hay un evento importante.;1;C) Tranquilo, en casa y preparando la semana.
33;Mujer;C) Ahorrando o invirtiendolo.;C) Descansar en casa, planeando mi tiempo y gastos.;C) Casi nunca.;7;C) Tranquilo, en casa y preparando la semana.
33;Mujer;A) Salir a beber con amigos y fiestas.;D) Buscar nuevas actividades o viajando.;B) 1 o 2 veces.;7;C) Tranquilo, en casa y preparando la semana.
44;Mujer;A) Salir a beber con amigos y fiestas.;B) Hacer ejercicio y meditar.;B) 1 o 2 veces.;5;C) Tranquilo, en casa y preparando la semana.
13;Mujer;D) Viajes, conciertos, cursos.;D) Buscar nuevas actividades o viajando.;A) 4 o mas veces.;1;C) Tranquilo, en casa y preparando la semana.
13;Mujer;D) Viajes, conciertos, cursos.;B) Hacer ejercicio y meditar.;D) Solo cuando hay un evento importante.;3;C) Tranquilo, en casa y preparando la semana.
18;Mujer;B) Gimnasio, comida y salud.;A) Salir a desconectarme, beber y socializar.;C) Casi nunca.;8;C) Tranquilo, en casa y preparando la semana.
17;Hombre;C) Ahorrando o invirtiendolo.;A) Salir a desconectarme, beber y socializar.;C) Casi nunca.;2;C) Tranquilo, en casa y preparando la semana.
26;Mujer;A) Salir a beber con amigos y fiestas.;B) Hacer ejercicio y meditar.;C) Casi nunca.;5;C) Tranquilo, en casa y preparando la semana.
17;Mujer;B) Gimnasio, comida y salud.;B) Hacer ejercicio y meditar.;C) Casi nunca.;7;C) Tranquilo, en casa y preparando la semana.
30;Mujer;A) Salir a beber con amigos y fiestas.;B) Hacer ejercicio y meditar.;D) Solo cuando hay un evento importante.;4;C) Tranquilo, en casa y preparando la semana.
47;Mujer;B) Gimnasio, comida y salud.;A) Salir a desconectarme, beber y socializar.;D) Solo cuando hay un evento importante.;3;B) Activo, haciendo deporte y comiendo.
18;Mujer;A) Salir a beber con amigos y fiestas.;A) Salir a desconectarme, beber y socializar.;C) Casi nunca.;3;C) Tranquilo, en casa y preparando la semana.
25;Mujer;D) Viajes, conciertos, cursos.;C) Descansar en casa, planeando mi tiempo y gastos.;A) 4 o mas veces.;6;B) Activo, haciendo deporte y comiendo.
61;Hombre;A) Salir a beber con amigos y fiestas.;A) Salir a desconectarme, beber y socializar.;D) Solo cuando hay un evento importante.;6;A) Improvisado, con amigos y musica.
48;Mujer;D) Viajes, conciertos, cursos.;D) Buscar nuevas actividades o viajando.;A) 4 o mas veces.;2;C) Tranquilo, en casa y preparando la semana.
13;Mujer;C) Ahorrando o invirtiendolo.;D) Buscar nuevas actividades o viajando.;D) Solo cuando hay un evento importante.;7;B) Activo, haciendo deporte y comiendo.
21;Mujer;B) Gimnasio, comida y salud.;B) Hacer ejercicio y meditar.;B) 1 o 2 veces.;6;C) Tranquilo, en casa y preparando la semana.
28;Mujer;B) Gimnasio, comida y salud.;B) Hacer ejercicio y meditar.;A) 4 o mas veces.;4;C) Tranquilo, en casa y preparando la semana.
29;Mujer;C) Ahorrando o invirtiendolo.;B) Hacer ejercicio y meditar.;C) Casi nunca.;9;C) Tranquilo, en casa y preparando la semana.
22;Hombre;B) Gimnasio, comida y salud.;A) Salir a desconectarme, beber y socializar.;A) 4 o mas veces.;6;A) Improvisado, con amigos y musica.
13;Hombre;B) Gimnasio, comida y salud.;C) Descansar en casa, planeando mi tiempo y gastos.;C) Casi nunca.;2;A) Improvisado, con amigos y musica.
31;Hombre;A) Salir a beber con amigos y fiestas.;B) Hacer ejercicio y meditar.;D) Solo cuando hay un evento importante.;8;C) Tranquilo, en casa y preparando la semana.
58;Mujer;C) Ahorrando o invirtiendolo.;B) Hacer ejercicio y meditar.;D) Solo cuando hay un evento importante.;8;D) Visitando un lugar nuevo o una actividad nueva.
26;Mujer;B) Gimnasio, comida y salud.;A) Salir a desconectarme, beber y socializar.;A) 4 o mas veces.;4;A) Improvisado, con amigos y musica.
25;Mujer;B) Gimnasio, comida y salud.;A) Salir a desconectarme, beber y socializar.;C) Casi nunca.;10;C) Tranquilo, en casa y preparando la semana.
27;Mujer;B) Gimnasio, comida y salud.;C) Descansar en casa, planeando mi tiempo y gastos.;B) 1 o 2 veces.;4;C) Tranquilo, en casa y preparando la semana.
13;Hombre;B) Gimnasio, comida y salud.;D) Buscar nuevas actividades o viajando.;C) Casi nunca.;8;C) Tranquilo, en casa y preparando la semana.
35;Mujer;A) Salir a beber con amigos y fiestas.;A) Salir a desconectarme, beber y socializar.;A) 4 o mas veces.;1;B) Activo, haciendo deporte y comiendo.
18;Hombre;C) Ahorrando o invirtiendolo.;B) Hacer ejercicio y meditar.;D) Solo cuando hay un evento importante.;5;C) Tranquilo, en casa y preparando la semana.
28;Mujer;A) Salir a beber con amigos y fiestas.;B) Hacer ejercicio y meditar.;B) 1 o 2 veces.;4;C) Tranquilo, en casa y preparando la semana.
16;Mujer;C) Ahorrando o invirtiendolo.;D) Buscar nuevas actividades o viajando.;B) 1 o 2 veces.;8;A) Improvisado, con amigos y musica.
37;Mujer;C) Ahorrando o invirtiendolo.;D) Buscar nuevas actividades o viajando.;D) Solo cuando hay un evento importante.;3;A) Improvisado, con amigos y musica.
14;Mujer;B) Gimnasio, comida y salud.;B) Hacer ejercicio y meditar.;C) Casi nunca.;4;C) Tranquilo, en casa y preparando la semana.
69;Hombre;B) Gimnasio, comida y salud.;C) Descansar en casa, planeando mi tiempo y gastos.;C) Casi nunca.;9;C) Tranquilo, en casa y preparando la semana.
17;Mujer;B) Gimnasio, comida y salud.;D) Buscar nuevas actividades o viajando.;C) Casi nunca.;7;C) Tranquilo, en casa y preparando la semana.
13;Mujer;C) Ahorrando o invirtiendolo.;A) Salir a desconectarme, beber y socializar.;D) Solo cuando hay un evento importante.;4;C) Tranquilo, en casa y preparando la semana.
28;Mujer;C) Ahorrando o invirtiendolo.;C) Descansar en casa, planeando mi tiempo y gastos.;B) 1 o 2 veces.;5;B) Activo, haciendo deporte y comiendo.
26;Mujer;B) Gimnasio, comida y salud.;C) Descansar en casa, planeando mi tiempo y gastos.;D) Solo cuando hay un evento importante.;2;C) Tranquilo, en casa y preparando la semana.
28;Mujer;C) Ahorrando o invirtiendolo.;C) Descansar en casa, planeando mi tiempo y gastos.;D) Solo cuando hay un evento importante.;3;C) Tranquilo, en casa y preparando la semana.
20;Hombre;A) Salir a beber con amigos y fiestas.;C) Descansar en casa, planeando mi tiempo y gastos.;A) 4 o mas veces.;1;A) Improvisado, con amigos y musica.
21;Hombre;D) Viajes, conciertos, cursos.;B) Hacer ejercicio y meditar.;B) 1 o 2 veces.;9;B) Activo, haciendo deporte y comiendo.
19;Mujer;B) Gimnasio, comida y salud.;C) Descansar en casa, planeando mi tiempo y gastos.;C) Casi nunca.;1;C) Tranquilo, en casa y preparando la semana.
15;Hombre;D) Viajes, conciertos, cursos.;C) Descansar en casa, planeando mi tiempo y gastos.;C) Casi nunca.;5;C) Tranquilo, en casa y preparando la semana.
20;Mujer;B) Gimnasio, comida y salud.;C) Descansar en casa, planeando mi tiempo y gastos.;C) Casi nunca.;7;C) Tranquilo, en casa y preparando la semana.
13;Hombre;C) Ahorrando o invirtiendolo.;C) Descansar en casa, planeando mi tiempo y gastos.;A) 4 o mas veces.;6;C) Tranquilo, en casa y preparando la semana.
13;Mujer;C) Ahorrando o invirtiendolo.;B) Hacer ejercicio y meditar.;C) Casi nunca.;5;C) Tranquilo, en casa y preparando la semana.
27;Hombre;A) Salir a beber con amigos y fiestas.;C) Descansar en casa, planeando mi tiempo y gastos.;C) Casi nunca.;4;D) Visitando un lugar nuevo o una actividad nueva.
16;Mujer;C) Ahorrando o invirtiendolo.;A) Salir a desconectarme, beber y socializar.;B) 1 o 2 veces.;4;A) Improvisado, con amigos y musica.
13;Hombre;C) Ahorrando o invirtiendolo.;A) Salir a desconectarme, beber y socializar.;D) Solo cuando hay un evento importante.;4;C) Tranquilo, en casa y preparando la semana.
28;Hombre;A) Salir a beber con amigos y fiestas.;B) Hacer ejercicio y meditar.;C) Casi nunca.;1;A) Improvisado, con amigos y musica.
56;Mujer;A) Salir a beber con amigos y fiestas.;A) Salir a desconectarme, beber y socializar.;C) Casi nunca.;4;D) Visitando un lugar nuevo o una actividad nueva.
34;Hombre;B) Gimnasio, comida y salud.;A) Salir a desconectarme, beber y socializar.;D) Solo cuando hay un evento importante.;7;C) Tranquilo, en casa y preparando la semana.
41;Mujer;C) Ahorrando o invirtiendolo.;C) Descansar en casa, planeando mi tiempo y gastos.;C) Casi nunca.;8;D) Visitando un lugar nuevo o una actividad nueva.
13;Mujer;D) Viajes, conciertos, cursos.;B) Hacer ejercicio y meditar.;B) 1 o 2 veces.;5;C) Tranquilo, en casa y preparando la semana.
14;Mujer;B) Gimnasio, comida y salud.;C) Descansar en casa, planeando mi tiempo y gastos.;B) 1 o 2 veces.;7;A) Improvisado, con amigos y musica.
26;Mujer;B) Gimnasio, comida y salud.;C) Descansar en casa, planeando mi tiempo y gastos.;B) 1 o 2 veces.;7;C) Tranquilo, en casa y preparando la semana.
34;Hombre;D) Viajes, conciertos, cursos.;B) Hacer ejercicio y meditar.;A) 4 o mas veces.;9;B) Activo, haciendo deporte y comiendo.
13;Mujer;A) Salir a beber con amigos y fiestas.;C) Descansar en casa, planeando mi tiempo y gastos.;D) Solo cuando hay un evento importante.;5;A) Improvisado, con amigos y musica.
19;Hombre;C) Ahorrando o invirtiendolo.;B) Hacer ejercicio y meditar.;D) Solo cuando hay un evento importante.;8;C) Tranquilo, en casa y preparando la semana.
20;Mujer;D) Viajes, conciertos, cursos.;A) Salir a desconectarme, beber y socializar.;C) Casi nunca.;7;C) Tranquilo, en casa y preparando la semana.
13;Mujer;D) Viajes, conciertos, cursos.;C) Descansar en casa, planeando mi tiempo y gastos.;B) 1 o 2 veces.;1;A) Improvisado, con amigos y musica.
21;Hombre;C) Ahorrando o invirtiendolo.;B) Hacer ejercicio y meditar.;D) Solo cuando hay un evento importante.;4;C) Tranquilo, en casa y preparando la semana.
32;Mujer;A) Salir a beber con amigos y fiestas.;C) Descansar en casa, planeando mi tiempo y gastos.;D) Solo cuando hay un evento importante.;3;C) Tranquilo, en casa y preparando la semana.
31;Mujer;B) Gimnasio, comida y salud.;C) Descansar en casa, planeando mi tiempo y gastos.;C) Casi nunca.;5;C) Tranquilo, en casa y preparando la semana.
25;Mujer;B) Gimnasio, comida y salud.;D) Buscar nuevas actividades o viajando.;C) Casi nunca.;5;C) Tranquilo, en casa y preparando la semana.
31;Mujer;A) Salir a beber con amigos y fiestas.;A) Salir a desconectarme, beber y socializar.;D) Solo cuando hay un evento importante.;6;B) Activo, haciendo deporte y comiendo.
22;Mujer;B) Gimnasio, comida y salud.;C) Descansar en casa, planeando mi tiempo y gastos.;C) Casi nunca.;6;C) Tranquilo, en casa y preparando la semana.
28;Mujer;B) Gimnasio, comida y salud.;B) Hacer ejercicio y meditar.;A) 4 o mas veces.;4;C) Tranquilo, en casa y preparando la semana.
23;Hombre;C) Ahorrando o invirtiendolo.;D) Buscar nuevas actividades o viajando.;C) Casi nunca.;1;C) Tranquilo, en casa y preparando la semana.
13;Hombre;C) Ahorrando o invirtiendolo.;B) Hacer ejercicio y meditar.;C) Casi nunca.;9;D) Visitando un lugar nuevo o una actividad nueva.
27;Hombre;A) Salir a beber con amigos y fiestas.;C) Descansar en casa, planeando mi tiempo y gastos.;B) 1 o 2 veces.;6;C) Tranquilo, en casa y preparando la semana.
16;Mujer;A) Salir a beber con amigos y fiestas.;B) Hacer ejercicio y meditar.;B) 1 o 2 veces.;5;A) Improvisado, con amigos y musica.
23;Mujer;D) Viajes, conciertos, cursos.;C) Descansar en casa, planeando mi tiempo y gastos.;B) 1 o 2 veces.;4;C) Tranquilo, en casa y preparando la semana.
38;Mujer;C) Ahorrando o invirtiendolo.;B) Hacer ejercicio y meditar.;C) Casi nunca.;4;A) Improvisado, con amigos y musica.
15;Mujer;B) Gimnasio, comida y salud.;B) Hacer ejercicio y meditar.;A) 4 o mas veces.;8;C) Tranquilo, en casa y preparando la semana.
50;Hombre;A) Salir a beber con amigos y fiestas.;B) Hacer ejercicio y meditar.;B) 1 o 2 veces.;5;A) Improvisado, con amigos y musica.
25;Hombre;A) Salir a beber con amigos y fiestas.;B) Hacer ejercicio y meditar.;B) 1 o 2 veces.;5;C) Tranquilo, en casa y preparando la semana.
23;Mujer;A) Salir a beber con amigos y fiestas.;B) Hacer ejercicio y meditar.;B) 1 o 2 veces.;1;C) Tranquilo, en casa y preparando la semana.
13;Mujer;C) Ahorrando o invirtiendolo.;C) Descansar en casa, planeando mi tiempo y gastos.;D) Solo cuando hay un evento importante.;1;D) Visitando un lugar nuevo o una actividad nueva.
17;Hombre;A) Salir a beber con amigos y fiestas.;D) Buscar nuevas actividades o viajando.;A) 4 o mas veces.;8;A) Improvisado, con amigos y musica.
20;Mujer;C) Ahorrando o invirtiendolo.;C) Descansar en casa, planeando mi tiempo y gastos.;C) Casi nunca.;2;C) Tranquilo, en casa y preparando la semana.
40;Mujer;B) Gimnasio, comida y salud.;A) Salir a desconectarme, beber y socializar.;D) Solo cuando hay un evento importante.;8;A) Improvisado, con amigos y musica.
13;Mujer;B) Gimnasio, comida y salud.;B) Hacer ejercicio y meditar.;A) 4 o mas veces.;4;D) Visitando un lugar nuevo o una actividad nueva.
37;Mujer;B) Gimnasio, comida y salud.;D) Buscar nuevas actividades o viajando.;A) 4 o mas veces.;10;C) Tranquilo, en casa y preparando la semana.
45;Hombre;B) Gimnasio, comida y salud.;B) Hacer ejercicio y meditar.;C) Casi nunca.;5;B) Activo, haciendo deporte y comiendo.
13;Mujer;B) Gimnasio, comida y salud.;A) Salir a desconectarme, beber y socializar.;C) Casi nunca.;3;D) Visitando un lugar nuevo o una actividad nueva.
33;Mujer;C) Ahorrando o invirtiendolo.;C) Descansar en casa, planeando mi tiempo y gastos.;C) Casi nunca.;10;B) Activo, haciendo deporte y comiendo.
25;Hombre;D) Viajes, conciertos, cursos.;B) Hacer ejercicio y meditar.;C) Casi nunca.;8;C) Tranquilo, en casa y preparando la semana.
21;Mujer;B) Gimnasio, comida y salud.;C) Descansar en casa, planeando mi tiempo y gastos.;C) Casi nunca.;5;C) Tranquilo, en casa y preparando la semana.
25;Mujer;A) Salir a beber con amigos y fiestas.;C) Descansar en casa, planeando mi tiempo y gastos.;C) Casi nunca.;7;A) Improvisado, con amigos y musica.
16;Hombre;B) Gimnasio, comida y salud.;D) Buscar nuevas actividades o viajando.;B) 1 o 2 veces.;4;C) Tranquilo, en casa y preparando la semana.
23;Mujer;C) Ahorrando o invirtiendolo.;D) Buscar nuevas actividades o viajando.;D) Solo cuando hay un evento importante.;6;B) Activo, haciendo deporte y comiendo.
13;Mujer;C) Ahorrando o invirtiendolo.;B) Hacer ejercicio y meditar.;D) Solo cuando hay un evento importante.;1;C) Tranquilo, en casa y preparando la semana.
38;Hombre;A) Salir a beber con amigos y fiestas.;D) Buscar nuevas actividades o viajando.;B) 1 o 2 veces.;4;B) Activo, haciendo deporte y comiendo.
15;Hombre;B) Gimnasio, comida y salud.;D) Buscar nuevas actividades o viajando.;D) Solo cuando hay un evento importante.;10;A) Improvisado, con amigos y musica.
31;Mujer;B) Gimnasio, comida y salud.;A) Salir a desconectarme, beber y socializar.;B) 1 o 2 veces.;8;A) Improvisado, con amigos y musica.
27;Hombre;D) Viajes, conciertos, cursos.;B) Hacer ejercicio y meditar.;C) Casi nunca.;5;C) Tranquilo, en casa y preparando la semana.
33;Mujer;D) Viajes, conciertos, cursos.;C) Descansar en casa, planeando mi tiempo y gastos.;A) 4 o mas veces.;6;C) Tranquilo, en casa y preparando la semana.
36;Hombre;B) Gimnasio, comida y salud.;C) Descansar en casa, planeando mi tiempo y gastos.;D) Solo cuando hay un evento importante.;1;C) Tranquilo, en casa y preparando la semana.
30;Mujer;A) Salir a beber con amigos y fiestas.;A) Salir a desconectarme, beber y socializar.;C) Casi nunca.;4;C) Tranquilo, en casa y preparando la semana.
24;Mujer;D) Viajes, conciertos, cursos.;D) Buscar nuevas actividades o viajando.;D) Solo cuando hay un evento importante.;2;C) Tranquilo, en casa y preparando la semana.
14;Hombre;B) Gimnasio, comida y salud.;C) Descansar en casa, planeando mi tiempo y gastos.;D) Solo cuando hay un evento importante.;1;C) Tranquilo, en casa y preparando la semana.
39;Hombre;C) Ahorrando o invirtiendolo.;A) Salir a desconectarme, beber y socializar.;A) 4 o mas veces.;6;D) Visitando un lugar nuevo o una actividad nueva.
25;Mujer;A) Salir a beber con amigos y fiestas.;A) Salir a desconectarme, beber y socializar.;D) Solo cuando hay un evento importante.;8;A) Improvisado, con amigos y musica.
34;Mujer;B) Gimnasio, comida y salud.;C) Descansar en casa, planeando mi tiempo y gastos.;A) 4 o mas veces.;9;C) Tranquilo, en casa y preparando la semana.
35;Hombre;C) Ahorrando o invirtiendolo.;A) Salir a desconectarme, beber y socializar.;D) Solo cuando hay un evento importante.;8;D) Visitando un lugar nuevo o una actividad nueva.
14;Hombre;A) Salir a beber con amigos y fiestas.;D) Buscar nuevas actividades o viajando.;A) 4 o mas veces.;1;C) Tranquilo, en casa y preparando la semana.
24;Mujer;B) Gimnasio, comida y salud.;D) Buscar nuevas actividades o viajando.;B) 1 o 2 veces.;7;B) Activo, haciendo deporte y comiendo.
37;Mujer;B) Gimnasio, comida y salud.;A) Salir a desconectarme, beber y socializar.;D) Solo cuando hay un evento importante.;1;A) Improvisado, con amigos y musica.
48;Mujer;A) Salir a beber con amigos y fiestas.;A) Salir a desconectarme, beber y socializar.;B) 1 o 2 veces.;4;C) Tranquilo, en casa y preparando la semana.
41;Mujer;A) Salir a beber con amigos y fiestas.;B) Hacer ejercicio y meditar.;C) Casi nunca.;7;C) Tranquilo, en casa y preparando la semana.
13;Mujer;C) Ahorrando o invirtiendolo.;A) Salir a desconectarme, beber y socializar.;D) Solo cuando hay un evento importante.;6;C) Tranquilo, en casa y preparando la semana.
18;Mujer;A) Salir a beber con amigos y fiestas.;C) Descansar en casa, planeando mi tiempo y gastos.;C) Casi nunca.;5;D) Visitando un lugar nuevo o una actividad nueva.
31;Mujer;B) Gimnasio, comida y salud.;A) Salir a desconectarme, beber y socializar.;D) Solo cuando hay un evento importante.;9;A) Improvisado, con amigos y musica.
36;Mujer;C) Ahorrando o invirtiendolo.;C) Descansar en casa, planeando mi tiempo y gastos.;D) Solo cuando hay un evento importante.;2;C) Tranquilo, en casa y preparando la semana.
14;Hombre;C) Ahorrando o invirtiendolo.;B) Hacer ejercicio y meditar.;B) 1 o 2 veces.;3;C) Tranquilo, en casa y preparando la semana.
13;Hombre;D) Viajes, conciertos, cursos.;C) Descansar en casa, planeando mi tiempo y gastos.;C) Casi nunca.;1;A) Improvisado, con amigos y musica.
21;Mujer;C) Ahorrando o invirtiendolo.;B) Hacer ejercicio y meditar.;D) Solo cuando hay un evento importante.;3;C) Tranquilo, en casa y preparando la semana.
13;Mujer;C) Ahorrando o invirtiendolo.;B) Hacer ejercicio y meditar.;D) Solo cuando hay un evento importante.;7;C) Tranquilo, en casa y preparando la semana.
23;Mujer;D) Viajes, conciertos, cursos.;C) Descansar en casa, planeando mi tiempo y gastos.;C) Casi nunca.;6;C) Tranquilo, en casa y preparando la semana.
13;Hombre;B) Gimnasio, comida y salud.;B) Hacer ejercicio y meditar.;A) 4 o mas veces.;3;C) Tranquilo, en casa y preparando la semana.
17;Mujer;B) Gimnasio, comida y salud.;C) Descansar en casa, planeando mi tiempo y gastos.;B) 1 o 2 veces.;5;C) Tranquilo, en casa y preparando la semana.
28;Mujer;D) Viajes, conciertos, cursos.;A) Salir a desconectarme, beber y socializar.;A) 4 o mas veces.;6;D) Visitando un lugar nuevo o una actividad nueva.
32;Mujer;D) Viajes, conciertos, cursos.;D) Buscar nuevas actividades o viajando.;C) Casi nunca.;3;A) Improvisado, con amigos y musica.
31;Mujer;C) Ahorrando o invirtiendolo.;B) Hacer ejercicio y meditar.;B) 1 o 2 veces.;8;A) Improvisado, con amigos y musica.
13;Mujer;A) Salir a beber con amigos y fiestas.;A) Salir a desconectarme, beber y socializar.;D) Solo cuando hay un evento importante.;4;C) Tranquilo, en casa y preparando la semana.
24;Mujer;B) Gimnasio, comida y salud.;A) Salir a desconectarme, beber y socializar.;B) 1 o 2 veces.;8;D) Visitando un lugar nuevo o una actividad nueva.
38;Mujer;D) Viajes, conciertos, cursos.;B) Hacer ejercicio y meditar.;D) Solo cuando hay un evento importante.;6;C) Tranquilo, en casa y preparando la semana.
41;Hombre;B) Gimnasio, comida y salud.;C) Descansar en casa, planeando mi tiempo y gastos.;B) 1 o 2 veces.;6;C) Tranquilo, en casa y preparando la semana.
28;Hombre;D) Viajes, conciertos, cursos.;B) Hacer ejercicio y meditar.;C) Casi nunca.;6;D) Visitando un lugar nuevo o una actividad nueva.
16;Mujer;B) Gimnasio, comida y salud.;D) Buscar nuevas actividades o viajando.;B) 1 o 2 veces.;5;C) Tranquilo, en casa y preparando la semana.
38;Hombre;C) Ahorrando o invirtiendolo.;C) Descansar en casa, planeando mi tiempo y gastos.;B) 1 o 2 veces.;6;D) Visitando un lugar nuevo o una actividad nueva.
23;Mujer;D) Viajes, conciertos, cursos.;C) Descansar en casa, planeando mi tiempo y gastos.;C) Casi nunca.;3;C) Tranquilo, en casa y preparando la semana.
22;Mujer;C) Ahorrando o invirtiendolo.;B) Hacer ejercicio y meditar.;C) Casi nunca.;3;C) Tranquilo, en casa y preparando la semana.
29;Mujer;C) Ahorrando o invirtiendolo.;C) Descansar en casa, planeando mi tiempo y gastos.;C) Casi nunca.;7;D) Visitando un lugar nuevo o una actividad nueva.
29;Mujer;B) Gimnasio, comida y salud.;B) Hacer ejercicio y meditar.;D) Solo cuando hay un evento importante.;6;C) Tranquilo, en casa y preparando la semana.
48;Mujer;B) Gimnasio, comida y salud.;D) Buscar nuevas actividades o viajando.;D) Solo cuando hay un evento importante.;4;C) Tranquilo, en casa y preparando la semana.
15;Mujer;C) Ahorrando o invirtiendolo.;B) Hacer ejercicio y meditar.;B) 1 o 2 veces.;9;C) Tranquilo, en casa y preparando la semana.
31;Mujer;B) Gimnasio, comida y salud.;D) Buscar nuevas actividades o viajando.;D) Solo cuando hay un evento importante.;7;C) Tranquilo, en casa y preparando la semana.
13;Hombre;D) Viajes, conciertos, cursos.;B) Hacer ejercicio y meditar.;C) Casi nunca.;5;C) Tranquilo, en casa y preparando la semana.
33;Mujer;A) Salir a beber con amigos y fiestas.;B) Hacer ejercicio y meditar.;B) 1 o 2 veces.;3;A) Improvisado, con amigos y musica.
34;Hombre;A) Salir a beber con amigos y fiestas.;A) Salir a desconectarme, beber y socializar.;B) 1 o 2 veces.;5;A) Improvisado, con amigos y musica.
22;Hombre;A) Salir a beber con amigos y fiestas.;D) Buscar nuevas actividades o viajando.;B) 1 o 2 veces.;3;D) Visitando un lugar nuevo o una actividad nueva.
14;Mujer;A) Salir a beber con amigos y fiestas.;C) Descansar en casa, planeando mi tiempo y gastos.;C) Casi nunca.;10;C) Tranquilo, en casa y preparando la semana.
17;Hombre;C) Ahorrando o invirtiendolo.;B) Hacer ejercicio y meditar.;C) Casi nunca.;5;C) Tranquilo, en casa y preparando la semana.
13;Mujer;C) Ahorrando o invirtiendolo.;A) Salir a desconectarme, beber y socializar.;B) 1 o 2 veces.;3;A) Improvisado, con amigos y musica.
41;Mujer;B) Gimnasio, comida y salud.;A) Salir a desconectarme, beber y socializar.;B) 1 o 2 veces.;3;C) Tranquilo, en casa y preparando la semana.
32;Mujer;D) Viajes, conciertos, cursos.;B) Hacer ejercicio y meditar.;D) Solo cuando hay un evento importante.;5;C) Tranquilo, en casa y preparando la semana.
22;Hombre;C) Ahorrando o invirtiendolo.;A) Salir a desconectarme, beber y socializar.;B) 1 o 2 veces.;1;B) Activo, haciendo deporte y comiendo.
19;Mujer;D) Viajes, conciertos, cursos.;D) Buscar nuevas actividades o viajando.;B) 1 o 2 veces.;1;B) Activo, haciendo deporte y comiendo.
37;Hombre;B) Gimnasio, comida y salud.;B) Hacer ejercicio y meditar.;C) Casi nunca.;10;C) Tranquilo, en casa y preparando la semana.
21;Hombre;C) Ahorrando o invirtiendolo.;B) Hacer ejercicio y meditar.;C) Casi nunca.;4;B) Activo, haciendo deporte y comiendo.
32;Hombre;A) Salir a beber con amigos y fiestas.;A) Salir a desconectarme, beber y socializar.;C) Casi nunca.;3;A) Improvisado, con amigos y musica.
17;Mujer;C) Ahorrando o invirtiendolo.;A) Salir a desconectarme, beber y socializar.;C) Casi nunca.;5;C) Tranquilo, en casa y preparando la semana.
13;Hombre;D) Viajes, conciertos, cursos.;B) Hacer ejercicio y meditar.;A) 4 o mas veces.;1;C) Tranquilo, en casa y preparando la semana.
27;Hombre;C) Ahorrando o invirtiendolo.;B) Hacer ejercicio y meditar.;B) 1 o 2 veces.;5;C) Tranquilo, en casa y preparando la semana.
14;Hombre;C) Ahorrando o invirtiendolo.;C) Descansar en casa, planeando mi tiempo y gastos.;C) Casi nunca.;8;A) Improvisado, con amigos y musica.
26;Mujer;C) Ahorrando o invirtiendolo.;C) Descansar en casa, planeando mi tiempo y gastos.;B) 1 o 2 veces.;5;D) Visitando un lugar nuevo o una actividad nueva.
28;Mujer;A) Salir a beber con amigos y fiestas.;D) Buscar nuevas actividades o viajando.;C) Casi nunca.;5;C) Tranquilo, en casa y preparando la semana.
35;Mujer;C) Ahorrando o invirtiendolo.;A) Salir a desconectarme, beber y socializar.;B) 1 o 2 veces.;1;D) Visitando un lugar nuevo o una actividad nueva.
19;Hombre;C) Ahorrando o invirtiendolo.;A) Salir a desconectarme, beber y socializar.;C) Casi nunca.;1;B) Activo, haciendo deporte y comiendo.
15;Mujer;B) Gimnasio, comida y salud.;D) Buscar nuevas actividades o viajando.;B) 1 o 2 veces.;6;A) Improvisado, con amigos y musica.
24;Hombre;C) Ahorrando o invirtiendolo.;B) Hacer ejercicio y meditar.;A) 4 o mas veces.;4;B) Activo, haciendo deporte y comiendo.
20;Mujer;C) Ahorrando o invirtiendolo.;B) Hacer ejercicio y meditar.;C) Casi nunca.;5;B) Activo, haciendo deporte y comiendo.
36;Mujer;C) Ahorrando o invirtiendolo.;A) Salir a desconectarme, beber y socializar.;C) Casi nunca.;5;A) Improvisado, con amigos y musica.
21;Mujer;A) Salir a beber con amigos y fiestas.;A) Salir a desconectarme, beber y socializar.;C) Casi nunca.;6;C) Tranquilo, en casa y preparando la semana.
19;Mujer;C) Ahorrando o invirtiendolo.;B) Hacer ejercicio y meditar.;C) Casi nunca.;8;C) Tranquilo, en casa y preparando la semana.
26;Hombre;B) Gimnasio, comida y salud.;C) Descansar en casa, planeando mi tiempo y gastos.;A) 4 o mas veces.;5;A) Improvisado, con amigos y musica.
17;Mujer;B) Gimnasio, comida y salud.;D) Buscar nuevas actividades o viajando.;D) Solo cuando hay un evento importante.;9;C) Tranquilo, en casa y preparando la semana.
22;Hombre;D) Viajes, conciertos, cursos.;C) Descansar en casa, planeando mi tiempo y gastos.;C) Casi nunca.;3;C) Tranquilo, en casa y preparando la semana.
20;Mujer;A) Salir a beber con amigos y fiestas.;B) Hacer ejercicio y meditar.;B) 1 o 2 veces.;8;A) Improvisado, con amigos y musica.
26;Hombre;C) Ahorrando o invirtiendolo.;A) Salir a desconectarme, beber y socializar.;D) Solo cuando hay un evento importante.;10;D) Visitando un lugar nuevo o una actividad nueva.
23;Mujer;C) Ahorrando o invirtiendolo.;D) Buscar nuevas actividades o viajando.;A) 4 o mas veces.;6;C) Tranquilo, en casa y preparando la semana.
26;Mujer;D) Viajes, conciertos, cursos.;D) Buscar nuevas actividades o viajando.;D) Solo cuando hay un evento importante.;5;A) Improvisado, con amigos y musica.
21;Mujer;B) Gimnasio, comida y salud.;B) Hacer ejercicio y meditar.;C) Casi nunca.;8;C) Tranquilo, en casa y preparando la semana.
25;Hombre;D) Viajes, conciertos, cursos.;B) Hacer ejercicio y meditar.;C) Casi nunca.;5;A) Improvisado, con amigos y musica.
13;Hombre;B) Gimnasio, comida y salud.;C) Descansar en casa, planeando mi tiempo y gastos.;B) 1 o 2 veces.;4;C) Tranquilo, en casa y preparando la semana.
15;Hombre;D) Viajes, conciertos, cursos.;A) Salir a desconectarme, beber y socializar.;B) 1 o 2 veces.;3;C) Tranquilo, en casa y preparando la semana.
21;Mujer;A) Salir a beber con amigos y fiestas.;D) Buscar nuevas actividades o viajando.;A) 4 o mas veces.;6;A) Improvisado, con amigos y musica.
15;Hombre;D) Viajes, conciertos, cursos.;D) Buscar nuevas actividades o viajando.;D) Solo cuando hay un evento importante.;5;C) Tranquilo, en casa y preparando la semana.
13;Hombre;A) Salir a beber con amigos y fiestas.;C) Descansar en casa, planeando mi tiempo y gastos.;C) Casi nunca.;1;C) Tranquilo, en casa y preparando la semana.
14;Mujer;C) Ahorrando o invirtiendolo.;B) Hacer ejercicio y meditar.;B) 1 o 2 veces.;8;A) Improvisado, con amigos y musica.
43;Hombre;B) Gimnasio, comida y salud.;D) Buscar nuevas actividades o viajando.;B) 1 o 2 veces.;8;C) Tranquilo, en casa y preparando la semana.
16;Hombre;C) Ahorrando o invirtiendolo.;A) Salir a desconectarme, beber y socializar.;B) 1 o 2 veces.;7;C) Tranquilo, en casa y preparando la semana.
52;Mujer;C) Ahorrando o invirtiendolo.;D) Buscar nuevas actividades o viajando.;A) 4 o mas veces.;3;B) Activo, haciendo deporte y comiendo.
13;Mujer;B) Gimnasio, comida y salud.;C) Descansar en casa, planeando mi tiempo y gastos.;C) Casi nunca.;6;C) Tranquilo, en casa y preparando la semana.
19;Mujer;B) Gimnasio, comida y salud.;B) Hacer ejercicio y meditar.;A) 4 o mas veces.;7;A) Improvisado, con amigos y musica.
36;Mujer;B) Gimnasio, comida y salud.;B) Hacer ejercicio y meditar.;C) Casi nunca.;8;C) Tranquilo, en casa y preparando la semana.
69;Mujer;B) Gimnasio, comida y salud.;D) Buscar nuevas actividades o viajando.;A) 4 o mas veces.;8;D) Visitando un lugar nuevo o una actividad nueva.
33;Mujer;C) Ahorrando o invirtiendolo.;A) Salir a desconectarme, beber y socializar.;C) Casi nunca.;10;C) Tranquilo, en casa y preparando la semana.
18;Mujer;A) Salir a beber con amigos y fiestas.;D) Buscar nuevas actividades o viajando.;B) 1 o 2 veces.;4;A) Improvisado, con amigos y musica.
24;Mujer;D) Viajes, conciertos, cursos.;C) Descansar en casa, planeando mi tiempo y gastos.;B) 1 o 2 veces.;2;A) Improvisado, con amigos y musica.
29;Mujer;B) Gimnasio, comida y salud.;C) Descansar en casa, planeando mi tiempo y gastos.;C) Casi nunca.;2;A) Improvisado, con amigos y musica.
24;Hombre;D) Viajes, conciertos, cursos.;B) Hacer ejercicio y meditar.;B) 1 o 2 veces.;9;A) Improvisado, con amigos y musica.
13;Mujer;D) Viajes, conciertos, cursos.;A) Salir a desconectarme, beber y socializar.;D) Solo cuando hay un evento importante.;7;C) Tranquilo, en casa y preparando la semana.
22;Hombre;B) Gimnasio, comida y salud.;B) Hacer ejercicio y meditar.;A) 4 o mas veces.;5;C) Tranquilo, en casa y preparando la semana.
13;Mujer;D) Viajes, conciertos, cursos.;D) Buscar nuevas actividades o viajando.;B) 1 o 2 veces.;5;A) Improvisado, con amigos y musica.
34;Mujer;B) Gimnasio, comida y salud.;D) Buscar nuevas actividades o viajando.;B) 1 o 2 veces.;6;C) Tranquilo, en casa y preparando la semana.
41;Hombre;B) Gimnasio, comida y salud.;B) Hacer ejercicio y meditar.;C) Casi nunca.;5;C) Tranquilo, en casa y preparando la semana.
35;Hombre;D) Viajes, conciertos, cursos.;C) Descansar en casa, planeando mi tiempo y gastos.;C) Casi nunca.;8;D) Visitando un lugar nuevo o una actividad nueva.
24;Hombre;C) Ahorrando o invirtiendolo.;A) Salir a desconectarme, beber y socializar.;D) Solo cuando hay un evento importante.;9;C) Tranquilo, en casa y preparando la semana.
36;Mujer;B) Gimnasio, comida y salud.;A) Salir a desconectarme, beber y socializar.;B) 1 o 2 veces.;6;B) Activo, haciendo deporte y comiendo.
39;Mujer;B) Gimnasio, comida y salud.;A) Salir a desconectarme, beber y socializar.;B) 1 o 2 veces.;6;B) Activo, haciendo deporte y comiendo.
28;Mujer;C) Ahorrando o invirtiendolo.;C) Descansar en casa, planeando mi tiempo y gastos.;C) Casi nunca.;5;C) Tranquilo, en casa y preparando la semana.
13;Mujer;B) Gimnasio, comida y salud.;C) Descansar en casa, planeando mi tiempo y gastos.;A) 4 o mas veces.;9;C) Tranquilo, en casa y preparando la semana.
27;Mujer;C) Ahorrando o invirtiendolo.;B) Hacer ejercicio y meditar.;C) Casi nunca.;6;A) Improvisado, con amigos y musica.
23;Mujer;B) Gimnasio, comida y salud.;C) Descansar en casa, planeando mi tiempo y gastos.;C) Casi nunca.;2;C) Tranquilo, en casa y preparando la semana.
20;Mujer;D) Viajes, conciertos, cursos.;A) Salir a desconectarme, beber y socializar.;D) Solo cuando hay un evento importante.;2;C) Tranquilo, en casa y preparando la semana.
45;Hombre;B) Gimnasio, comida y salud.;D) Buscar nuevas actividades o viajando.;A) 4 o mas veces.;4;D) Visitando un lugar nuevo o una actividad nueva.
24;Mujer;B) Gimnasio, comida y salud.;C) Descansar en casa, planeando mi tiempo y gastos.;C) Casi nunca.;5;C) Tranquilo, en casa y preparando la semana.
27;Mujer;C) Ahorrando o invirtiendolo.;C) Descansar en casa, planeando mi tiempo y gastos.;C) Casi nunca.;1;C) Tranquilo, en casa y preparando la semana.
21;Mujer;A) Salir a beber con amigos y fiestas.;D) Buscar nuevas actividades o viajando.;D) Solo cuando hay un evento importante.;6;B) Activo, haciendo deporte y comiendo.
67;Hombre;D) Viajes, conciertos, cursos.;D) Buscar nuevas actividades o viajando.;B) 1 o 2 veces.;1;C) Tranquilo, en casa y preparando la semana.
20;Hombre;D) Viajes, conciertos, cursos.;B) Hacer ejercicio y meditar.;B) 1 o 2 veces.;5;C) Tranquilo, en casa y preparando la semana.
49;Hombre;D) Viajes, conciertos, cursos.;C) Descansar en casa, planeando mi tiempo y gastos.;B) 1 o 2 veces.;5;C) Tranquilo, en casa y preparando la semana.
18;Hombre;A) Salir a beber con amigos y fiestas.;A) Salir a desconectarme, beber y socializar.;B) 1 o 2 veces.;6;D) Visitando un lugar nuevo o una actividad nueva.
21;Mujer;A) Salir a beber con amigos y fiestas.;D) Buscar nuevas actividades o viajando.;D) Solo cuando hay un evento importante.;8;B) Activo, haciendo deporte y comiendo.
36;Hombre;C) Ahorrando o invirtiendolo.;C) Descansar en casa, planeando mi tiempo y gastos.;B) 1 o 2 veces.;1;C) Tranquilo, en casa y preparando la semana.
29;Mujer;A) Salir a beber con amigos y fiestas.;D) Buscar nuevas actividades o viajando.;D) Solo cuando hay un evento importante.;4;C) Tranquilo, en casa y preparando la semana.
22;Mujer;B) Gimnasio, comida y salud.;C) Descansar en casa, planeando mi tiempo y gastos.;B) 1 o 2 veces.;4;C) Tranquilo, en casa y preparando la semana.
36;Mujer;C) Ahorrando o invirtiendolo.;A) Salir a desconectarme, beber y socializar.;C) Casi nunca.;1;B) Activo, haciendo deporte y comiendo.
18;Mujer;B) Gimnasio, comida y salud.;B) Hacer ejercicio y meditar.;D) Solo cuando hay un evento importante.;3;C) Tranquilo, en casa y preparando la semana.
25;Hombre;D) Viajes, conciertos, cursos.;B) Hacer ejercicio y meditar.;C) Casi nunca.;4;C) Tranquilo, en casa y preparando la semana.
13;Mujer;C) Ahorrando o invirtiendolo.;A) Salir a desconectarme, beber y socializar.;D) Solo cuando hay un evento importante.;4;A) Improvisado, con amigos y musica.
13;Mujer;C) Ahorrando o invirtiendolo.;D) Buscar nuevas actividades o viajando.;B) 1 o 2 veces.;9;C) Tranquilo, en casa y preparando la semana.
13;Hombre;B) Gimnasio, comida y salud.;A) Salir a desconectarme, beber y socializar.;B) 1 o 2 veces.;10;C) Tranquilo, en casa y preparando la semana.
27;Mujer;D) Viajes, conciertos, cursos.;C) Descansar en casa, planeando mi tiempo y gastos.;B) 1 o 2 veces.;8;C) Tranquilo, en casa y preparando la semana.
13;Mujer;C) Ahorrando o invirtiendolo.;D) Buscar nuevas actividades o viajando.;D) Solo cuando hay un evento importante.;10;C) Tranquilo, en casa y preparando la semana.
13;Mujer;C) Ahorrando o invirtiendolo.;B) Hacer ejercicio y meditar.;C) Casi nunca.;2;A) Improvisado, con amigos y musica.
24;Mujer;B) Gimnasio, comida y salud.;C) Descansar en casa, planeando mi tiempo y gastos.;B) 1 o 2 veces.;5;B) Activo, haciendo deporte y comiendo.
24;Hombre;B) Gimnasio, comida y salud.;C) Descansar en casa, planeando mi tiempo y gastos.;C) Casi nunca.;4;C) Tranquilo, en casa y preparando la semana.
27;Mujer;D) Viajes, conciertos, cursos.;B) Hacer ejercicio y meditar.;B) 1 o 2 veces.;3;C) Tranquilo, en casa y preparando la semana.
18;Hombre;D) Viajes, conciertos, cursos.;B) Hacer ejercicio y meditar.;D) Solo cuando hay un evento importante.;6;C) Tranquilo, en casa y preparando la semana.
19;Mujer;C) Ahorrando o invirtiendolo.;D) Buscar nuevas actividades o viajando.;D) Solo cuando hay un evento importante.;5;C) Tranquilo, en casa y preparando la semana.
33;Hombre;D) Viajes, conciertos, cursos.;D) Buscar nuevas actividades o viajando.;C) Casi nunca.;2;C) Tranquilo, en casa y preparando la semana.
18;Mujer;B) Gimnasio, comida y salud.;A) Salir a desconectarme, beber y socializar.;D) Solo cuando hay un evento importante.;4;C) Tranquilo, en casa y preparando la semana.
23;Mujer;D) Viajes, conciertos, cursos.;D) Buscar nuevas actividades o viajando.;D) Solo cuando hay un evento importante.;9;D) Visitando un lugar nuevo o una actividad nueva.
35;Hombre;B) Gimnasio, comida y salud.;C) Descansar en casa, planeando mi tiempo y gastos.;D) Solo cuando hay un evento importante.;4;A) Improvisado, con amigos y musica.
13;Hombre;C) Ahorrando o invirtiendolo.;C) Descansar en casa, planeando mi tiempo y gastos.;C) Casi nunca.;6;C) Tranquilo, en casa y preparando la semana.
22;Mujer;C) Ahorrando o invirtiendolo.;A) Salir a desconectarme, beber y socializar.;D) Solo cuando hay un evento importante.;3;C) Tranquilo, en casa y preparando la semana.
13;Mujer;C) Ahorrando o invirtiendolo.;A) Salir a desconectarme, beber y socializar.;D) Solo cuando hay un evento importante.;7;B) Activo, haciendo deporte y comiendo.
21;Mujer;C) Ahorrando o invirtiendolo.;C) Descansar en casa, planeando mi tiempo y gastos.;B) 1 o 2 veces.;10;A) Improvisado, con amigos y musica.
20;Hombre;D) Viajes, conciertos, cursos.;C) Descansar en casa, planeando mi tiempo y gastos.;C) Casi nunca.;4;C) Tranquilo, en casa y preparando la semana.
18;Mujer;D) Viajes, conciertos, cursos.;B) Hacer ejercicio y meditar.;D) Solo cuando hay un evento importante.;2;C) Tranquilo, en casa y preparando la semana.
20;Hombre;B) Gimnasio, comida y salud.;C) Descansar en casa, planeando mi tiempo y gastos.;C) Casi nunca.;3;C) Tranquilo, en casa y preparando la semana.
19;Mujer;A) Salir a beber con amigos y fiestas.;C) Descansar en casa, planeando mi tiempo y gastos.;C) Casi nunca.;4;C) Tranquilo, en casa y preparando la semana.
21;Mujer;C) Ahorrando o invirtiendolo.;B) Hacer ejercicio y meditar.;C) Casi nunca.;6;C) Tranquilo, en casa y preparando la semana.
27;Mujer;B) Gimnasio, comida y salud.;B) Hacer ejercicio y meditar.;B) 1 o 2 veces.;7;B) Activo, haciendo deporte y comiendo.
32;Mujer;B) Gimnasio, comida y salud.;B) Hacer ejercicio y meditar.;D) Solo cuando hay un evento importante.;3;B) Activo, haciendo deporte y comiendo.
64;Mujer;C) Ahorrando o invirtiendolo.;B) Hacer ejercicio y meditar.;D) Solo cuando hay un evento importante.;2;D) Visitando un lugar nuevo o una actividad nueva.
24;Hombre;A) Salir a beber con amigos y fiestas.;B) Hacer ejercicio y meditar.;A) 4 o mas veces.;3;A) Improvisado, con amigos y musica.
61;Mujer;A) Salir a beber con amigos y fiestas.;C) Descansar en casa, planeando mi tiempo y gastos.;C) Casi nunca.;8;B) Activo, haciendo deporte y comiendo.
40;Mujer;B) Gimnasio, comida y salud.;C) Descansar en casa, planeando mi tiempo y gastos.;B) 1 o 2 veces.;7;C) Tranquilo, en casa y preparando la semana.
21;Hombre;B) Gimnasio, comida y salud.;B) Hacer ejercicio y meditar.;C) Casi nunca.;10;C) Tranquilo, en casa y preparando la semana.
13;Mujer;B) Gimnasio, comida y salud.;A) Salir a desconectarme, beber y socializar.;B) 1 o 2 veces.;8;C) Tranquilo, en casa y preparando la semana.
25;Mujer;C) Ahorrando o invirtiendolo.;B) Hacer ejercicio y meditar.;B) 1 o 2 veces.;4;C) Tranquilo, en casa y preparando la semana.
16;Hombre;C) Ahorrando o invirtiendolo.;C) Descansar en casa, planeando mi tiempo y gastos.;B) 1 o 2 veces.;6;A) Improvisado, con amigos y musica.
22;Hombre;B) Gimnasio, comida y salud.;D) Buscar nuevas actividades o viajando.;B) 1 o 2 veces.;10;C) Tranquilo, en casa y preparando la semana.
29;Hombre;B) Gimnasio, comida y salud.;B) Hacer ejercicio y meditar.;D) Solo cuando hay un evento importante.;9;C) Tranquilo, en casa y preparando la semana.
63;Hombre;A) Salir a beber con amigos y fiestas.;B) Hacer ejercicio y meditar.;B) 1 o 2 veces.;6;D) Visitando un lugar nuevo o una actividad nueva.
32;Mujer;B) Gimnasio, comida y salud.;C) Descansar en casa, planeando mi tiempo y gastos.;C) Casi nunca.;6;C) Tranquilo, en casa y preparando la semana.
15;Mujer;B) Gimnasio, comida y salud.;A) Salir a desconectarme, beber y socializar.;B) 1 o 2 veces.;9;C) Tranquilo, en casa y preparando la semana.
13;Mujer;B) Gimnasio, comida y salud.;D) Buscar nuevas actividades o viajando.;B) 1 o 2 veces.;7;C) Tranquilo, en casa y preparando la semana.
31;Hombre;A) Salir a beber con amigos y fiestas.;C) Descansar en casa, planeando mi tiempo y gastos.;C) Casi nunca.;10;A) Improvisado, con amigos y musica.
15;Hombre;C) Ahorrando o invirtiendolo.;D) Buscar nuevas actividades o viajando.;B) 1 o 2 veces.;8;C) Tranquilo, en casa y preparando la semana.
49;Mujer;B) Gimnasio, comida y salud.;D) Buscar nuevas actividades o viajando.;D) Solo cuando hay un evento importante.;2;D) Visitando un lugar nuevo o una actividad nueva.
33;Mujer;C) Ahorrando o invirtiendolo.;B) Hacer ejercicio y meditar.;A) 4 o mas veces.;6;A) Improvisado, con amigos y musica.
13;Mujer;B) Gimnasio, comida y salud.;B) Hacer ejercicio y meditar.;B) 1 o 2 veces.;4;A) Improvisado, con amigos y musica.
28;Mujer;A) Salir a beber con amigos y fiestas.;A) Salir a desconectarme, beber y socializar.;D) Solo cuando hay un evento importante.;8;C) Tranquilo, en casa y preparando la semana.
13;Hombre;C) Ahorrando o invirtiendolo.;A) Salir a desconectarme, beber y socializar.;D) Solo cuando hay un evento importante.;3;C) Tranquilo, en casa y preparando la semana.
13;Mujer;D) Viajes, conciertos, cursos.;A) Salir a desconectarme, beber y socializar.;B) 1 o 2 veces.;7;C) Tranquilo, en casa y preparando la semana.
22;Mujer;B) Gimnasio, comida y salud.;B) Hacer ejercicio y meditar.;B) 1 o 2 veces.;4;D) Visitando un lugar nuevo o una actividad nueva.
13;Mujer;D) Viajes, conciertos, cursos.;A) Salir a desconectarme, beber y socializar.;B) 1 o 2 veces.;6;B) Activo, haciendo deporte y comiendo.
17;Hombre;C) Ahorrando o invirtiendolo.;A) Salir a desconectarme, beber y socializar.;C) Casi nunca.;2;C) Tranquilo, en casa y preparando la semana.
18;Mujer;B) Gimnasio, comida y salud.;D) Buscar nuevas actividades o viajando.;B) 1 o 2 veces.;1;D) Visitando un lugar nuevo o una actividad nueva.
29;Mujer;B) Gimnasio, comida y salud.;A) Salir a desconectarme, beber y socializar.;C) Casi nunca.;5;C) Tranquilo, en casa y preparando la semana.
20;Mujer;A) Salir a beber con amigos y fiestas.;C) Descansar en casa, planeando mi tiempo y gastos.;D) Solo cuando hay un evento importante.;3;C) Tranquilo, en casa y preparando la semana.
13;Mujer;D) Viajes, conciertos, cursos.;B) Hacer ejercicio y meditar.;B) 1 o 2 veces.;6;C) Tranquilo, en casa y preparando la semana.
34;Mujer;B) Gimnasio, comida y salud.;B) Hacer ejercicio y meditar.;C) Casi nunca.;6;D) Visitando un lugar nuevo o una actividad nueva.
37;Mujer;C) Ahorrando o invirtiendolo.;C) Descansar en casa, planeando mi tiempo y gastos.;B) 1 o 2 veces.;5;C) Tranquilo, en casa y preparando la semana.
37;Hombre;C) Ahorrando o invirtiendolo.;D) Buscar nuevas actividades o viajando.;B) 1 o 2 veces.;3;A) Improvisado, con amigos y musica.
49;Hombre;A) Salir a beber con amigos y fiestas.;B) Hacer ejercicio y meditar.;C) Casi nunca.;1;C) Tranquilo, en casa y preparando la semana.
16;Mujer;C) Ahorrando o invirtiendolo.;C) Descansar en casa, planeando mi tiempo y gastos.;D) Solo cuando hay un evento importante.;3;A) Improvisado, con amigos y musica.
39;Mujer;B) Gimnasio, comida y salud.;D) Buscar nuevas actividades o viajando.;C) Casi nunca.;1;B) Activo, haciendo deporte y comiendo.
20;Mujer;C) Ahorrando o invirtiendolo.;D) Buscar nuevas actividades o viajando.;B) 1 o 2 veces.;6;C) Tranquilo, en casa y preparando la semana.
27;Mujer;B) Gimnasio, comida y salud.;B) Hacer ejercicio y meditar.;B) 1 o 2 veces.;5;C) Tranquilo, en casa y preparando la semana.
14;Mujer;D) Viajes, conciertos, cursos.;D) Buscar nuevas actividades o viajando.;B) 1 o 2 veces.;3;C) Tranquilo, en casa y preparando la semana.
13;Hombre;C) Ahorrando o invirtiendolo.;B) Hacer ejercicio y meditar.;D) Solo cuando hay un evento importante.;10;C) Tranquilo, en casa y preparando la semana.
20;Hombre;C) Ahorrando o invirtiendolo.;A) Salir a desconectarme, beber y socializar.;D) Solo cuando hay un evento importante.;8;A) Improvisado, con amigos y musica.
28;Mujer;B) Gimnasio, comida y salud.;C) Descansar en casa, planeando mi tiempo y gastos.;C) Casi nunca.;5;C) Tranquilo, en casa y preparando la semana.
13;Mujer;C) Ahorrando o invirtiendolo.;C) Descansar en casa, planeando mi tiempo y gastos.;C) Casi nunca.;7;C) Tranquilo, en casa y preparando la semana.
21;Hombre;C) Ahorrando o invirtiendolo.;B) Hacer ejercicio y meditar.;B) 1 o 2 veces.;2;A) Improvisado, con amigos y musica.
13;Hombre;B) Gimnasio, comida y salud.;C) Descansar en casa, planeando mi tiempo y gastos.;B) 1 o 2 veces.;7;A) Improvisado, con amigos y musica.
31;Hombre;C) Ahorrando o invirtiendolo.;B) Hacer ejercicio y meditar.;A) 4 o mas veces.;7;C) Tranquilo, en casa y preparando la semana.
22;Mujer;C) Ahorrando o invirtiendolo.;B) Hacer ejercicio y meditar.;A) 4 o mas veces.;7;B) Activo, haciendo deporte y comiendo.
31;Mujer;C) Ahorrando o invirtiendolo.;D) Buscar nuevas actividades o viajando.;D) Solo cuando hay un evento importante.;3;A) Improvisado, con amigos y musica.
33;Hombre;C) Ahorrando o invirtiendolo.;B) Hacer ejercicio y meditar.;C) Casi nunca.;4;C) Tranquilo, en casa y preparando la semana.
31;Mujer;C) Ahorrando o invirtiendolo.;B) Hacer ejercicio y meditar.;D) Solo cuando hay un evento importante.;1;C) Tranquilo, en casa y preparando la semana.
16;Mujer;B) Gimnasio, comida y salud.;B) Hacer ejercicio y meditar.;B) 1 o 2 veces.;3;C) Tranquilo, en casa y preparando la semana.
24;Mujer;C) Ahorrando o invirtiendolo.;C) Descansar en casa, planeando mi tiempo y gastos.;C) Casi nunca.;7;C) Tranquilo, en casa y preparando la semana.
24;Hombre;C) Ahorrando o invirtiendolo.;D) Buscar nuevas actividades o viajando.;D) Solo cuando hay un evento importante.;2;A) Improvisado, con amigos y musica.
13;Mujer;B) Gimnasio, comida y salud.;C) Descansar en casa, planeando mi tiempo y gastos.;B) 1 o 2 veces.;7;C) Tranquilo, en casa y preparando la semana.
35;Hombre;B) Gimnasio, comida y salud.;D) Buscar nuevas actividades o viajando.;D) Solo cuando hay un evento importante.;8;C) Tranquilo, en casa y preparando la semana.
23;Hombre;A) Salir a beber con amigos y fiestas.;B) Hacer ejercicio y meditar.;C) Casi nunca.;3;C) Tranquilo, en casa y preparando la semana.
23;Mujer;A) Salir a beber con amigos y fiestas.;A) Salir a desconectarme, beber y socializar.;D) Solo cuando hay un evento importante.;8;C) Tranquilo, en casa y preparando la semana.
29;Hombre;B) Gimnasio, comida y salud.;C) Descansar en casa, planeando mi tiempo y gastos.;B) 1 o 2 veces.;7;C) Tranquilo, en casa y preparando la semana.
33;Mujer;C) Ahorrando o invirtiendolo.;C) Descansar en casa, planeando mi tiempo y gastos.;C) Casi nunca.;6;C) Tranquilo, en casa y preparando la semana.
28;Mujer;C) Ahorrando o invirtiendolo.;C) Descansar en casa, planeando mi tiempo y gastos.;B) 1 o 2 veces.;10;A) Improvisado, con amigos y musica.
31;Mujer;A) Salir a beber con amigos y fiestas.;B) Hacer ejercicio y meditar.;C) Casi nunca.;2;C) Tranquilo, en casa y preparando la semana.
32;Mujer;B) Gimnasio, comida y salud.;C) Descansar en casa, planeando mi tiempo y gastos.;D) Solo cuando hay un evento importante.;3;C) Tranquilo, en casa y preparando la semana.
14;Hombre;A) Salir a beber con amigos y fiestas.;B) Hacer ejercicio y meditar.;A) 4 o mas veces.;5;C) Tranquilo, en casa y preparando la semana.
26;Mujer;B) Gimnasio, comida y salud.;C) Descansar en casa, planeando mi tiempo y gastos.;C) Casi nunca.;5;D) Visitando un lugar nuevo o una actividad nueva.
37;Hombre;D) Viajes, conciertos, cursos.;C) Descansar en casa, planeando mi tiempo y gastos.;D) Solo cuando hay un evento importante.;2;A) Improvisado, con amigos y musica.
13;Mujer;C) Ahorrando o invirtiendolo.;B) Hacer ejercicio y meditar.;C) Casi nunca.;7;A) Improvisado, con amigos y musica.
21;Hombre;A) Salir a beber con amigos y fiestas.;D) Buscar nuevas actividades o viajando.;A) 4 o mas veces.;1;C) Tranquilo, en casa y preparando la semana.
20;Hombre;C) Ahorrando o invirtiendolo.;B) Hacer ejercicio y meditar.;D) Solo cuando hay un evento importante.;7;A) Improvisado, con amigos y musica.
41;Mujer;C) Ahorrando o invirtiendolo.;B) Hacer ejercicio y meditar.;B) 1 o 2 veces.;5;A) Improvisado, con amigos y musica.
17;Hombre;C) Ahorrando o invirtiendolo.;D) Buscar nuevas actividades o viajando.;C) Casi nunca.;4;A) Improvisado, con amigos y musica.
30;Hombre;B) Gimnasio, comida y salud.;B) Hacer ejercicio y meditar.;C) Casi nunca.;4;A) Improvisado, con amigos y musica.
21;Hombre;D) Viajes, conciertos, cursos.;B) Hacer ejercicio y meditar.;B) 1 o 2 veces.;9;C) Tranquilo, en casa y preparando la semana.
23;Mujer;A) Salir a beber con amigos y fiestas.;C) Descansar en casa, planeando mi tiempo y gastos.;B) 1 o 2 veces.;5;C) Tranquilo, en casa y preparando la semana.
26;Mujer;D) Viajes, conciertos, cursos.;B) Hacer ejercicio y meditar.;C) Casi nunca.;4;C) Tranquilo, en casa y preparando la semana.
37;Mujer;B) Gimnasio, comida y salud.;C) Descansar en casa, planeando mi tiempo y gastos.;C) Casi nunca.;4;C) Tranquilo, en casa y preparando la semana.
57;Mujer;B) Gimnasio, comida y salud.;D) Buscar nuevas actividades o viajando.;A) 4 o mas veces.;4;C) Tranquilo, en casa y preparando la semana.
13;Mujer;C) Ahorrando o invirtiendolo.;A) Salir a desconectarme, beber y socializar.;D) Solo cuando hay un evento importante.;1;A) Improvisado, con amigos y musica.
34;Mujer;D) Viajes, conciertos, cursos.;A) Salir a desconectarme, beber y socializar.;A) 4 o mas veces.;4;C) Tranquilo, en casa y preparando la semana.
34;Mujer;A) Salir a beber con amigos y fiestas.;D) Buscar nuevas actividades o viajando.;D) Solo cuando hay un evento importante.;6;C) Tranquilo, en casa y preparando la semana.
50;Mujer;C) Ahorrando o invirtiendolo.;C) Descansar en casa, planeando mi tiempo y gastos.;B) 1 o 2 veces.;5;C) Tranquilo, en casa y preparando la semana.
33;Hombre;C) Ahorrando o invirtiendolo.;A) Salir a desconectarme, beber y socializar.;C) Casi nunca.;4;C) Tranquilo, en casa y preparando la semana.
29;Mujer;B) Gimnasio, comida y salud.;D) Buscar nuevas actividades o viajando.;C) Casi nunca.;9;C) Tranquilo, en casa y preparando la semana.
20;Hombre;B) Gimnasio, comida y salud.;B) Hacer ejercicio y meditar.;C) Casi nunca.;1;A) Improvisado, con amigos y musica.
31;Mujer;A) Salir a beber con amigos y fiestas.;B) Hacer ejercicio y meditar.;C) Casi nunca.;4;C) Tranquilo, en casa y preparando la semana.
18;Hombre;B) Gimnasio, comida y salud.;B) Hacer ejercicio y meditar.;B) 1 o 2 veces.;5;C) Tranquilo, en casa y preparando la semana.
21;Mujer;C) Ahorrando o invirtiendolo.;C) Descansar en casa, planeando mi tiempo y gastos.;D) Solo cuando hay un evento importante.;6;A) Improvisado, con amigos y musica.
26;Mujer;B) Gimnasio, comida y salud.;C) Descansar en casa, planeando mi tiempo y gastos.;D) Solo cuando hay un evento importante.;7;D) Visitando un lugar nuevo o una actividad nueva.
27;Hombre;B) Gimnasio, comida y salud.;B) Hacer ejercicio y meditar.;C) Casi nunca.;5;B) Activo, haciendo deporte y comiendo.
26;Mujer;C) Ahorrando o invirtiendolo.;D) Buscar nuevas actividades o viajando.;B) 1 o 2 veces.;6;D) Visitando un lugar nuevo o una actividad nueva.
26;Mujer;C) Ahorrando o invirtiendolo.;D) Buscar nuevas actividades o viajando.;B) 1 o 2 veces.;3;C) Tranquilo, en casa y preparando la semana.
25;Mujer;A) Salir a beber con amigos y fiestas.;A) Salir a desconectarme, beber y socializar.;D) Solo cuando hay un evento importante.;9;B) Activo, haciendo deporte y comiendo.
68;Mujer;B) Gimnasio, comida y salud.;A) Salir a desconectarme, beber y socializar.;C) Casi nunca.;1;A) Improvisado, con amigos y musica.
18;Mujer;B) Gimnasio, comida y salud.;C) Descansar en casa, planeando mi tiempo y gastos.;A) 4 o mas veces.;1;C) Tranquilo, en casa y preparando la semana.
25;Mujer;D) Viajes, conciertos, cursos.;C) Descansar en casa, planeando mi tiempo y gastos.;C) Casi nunca.;4;C) Tranquilo, en casa y preparando la semana.
69;Mujer;D) Viajes, conciertos, cursos.;A) Salir a desconectarme, beber y socializar.;C) Casi nunca.;5;A) Improvisado, con amigos y musica.
15;Mujer;B) Gimnasio, comida y salud.;B) Hacer ejercicio y meditar.;D) Solo cuando hay un evento importante.;3;C) Tranquilo, en casa y preparando la semana.
40;Hombre;B) Gimnasio, comida y salud.;B) Hacer ejercicio y meditar.;A) 4 o mas veces.;5;C) Tranquilo, en casa y preparando la semana.
28;Mujer;B) Gimnasio, comida y salud.;A) Salir a desconectarme, beber y socializar.;C) Casi nunca.;5;C) Tranquilo, en casa y preparando la semana.
26;Mujer;C) Ahorrando o invirtiendolo.;B) Hacer ejercicio y meditar.;D) Solo cuando hay un evento importante.;5;C) Tranquilo, en casa y preparando la semana.
13;Mujer;A) Salir a beber con amigos y fiestas.;A) Salir a desconectarme, beber y socializar.;A) 4 o mas veces.;3;A) Improvisado, con amigos y musica.
13;Mujer;B) Gimnasio, comida y salud.;B) Hacer ejercicio y meditar.;A) 4 o mas veces.;4;A) Improvisado, con amigos y musica.
31;Hombre;C) Ahorrando o invirtiendolo.;D) Buscar nuevas actividades o viajando.;B) 1 o 2 veces.;7;C) Tranquilo, en casa y preparando la semana.
33;Hombre;C) Ahorrando o invirtiendolo.;B) Hacer ejercicio y meditar.;C) Casi nunca.;2;A) Improvisado, con amigos y musica.
29;Mujer;B) Gimnasio, comida y salud.;B) Hacer ejercicio y meditar.;C) Casi nunca.;8;C) Tranquilo, en casa y preparando la semana.
45;Mujer;B) Gimnasio, comida y salud.;B) Hacer ejercicio y meditar.;D) Solo cuando hay un evento importante.;4;C) Tranquilo, en casa y preparando la semana.
22;Hombre;A) Salir a beber con amigos y fiestas.;A) Salir a desconectarme, beber y socializar.;A) 4 o mas veces.;3;A) Improvisado, con amigos y musica.
30;Hombre;D) Viajes, conciertos, cursos.;B) Hacer ejercicio y meditar.;B) 1 o 2 veces.;3;C) Tranquilo, en casa y preparando la semana.
13;Hombre;C) Ahorrando o invirtiendolo.;B) Hacer ejercicio y meditar.;B) 1 o 2 veces.;6;A) Improvisado, con amigos y musica.
37;Mujer;B) Gimnasio, comida y salud.;D) Buscar nuevas actividades o viajando.;D) Solo cuando hay un evento importante.;8;A) Improvisado, con amigos y musica.
40;Mujer;C) Ahorrando o invirtiendolo.;C) Descansar en casa, planeando mi tiempo y gastos.;D) Solo cuando hay un evento importante.;2;A) Improvisado, con amigos y musica.
28;Hombre;D) Viajes, conciertos, cursos.;C) Descansar en casa, planeando mi tiempo y gastos.;C) Casi nunca.;6;C) Tranquilo, en casa y preparando la semana.
20;Mujer;C) Ahorrando o invirtiendolo.;A) Salir a desconectarme, beber y socializar.;D) Solo cuando hay un evento importante.;8;A) Improvisado, con amigos y musica.
30;Mujer;C) Ahorrando o invirtiendolo.;A) Salir a desconectarme, beber y socializar.;B) 1 o 2 veces.;1;B) Activo, haciendo deporte y comiendo.
24;Hombre;B) Gimnasio, comida y salud.;C) Descansar en casa, planeando mi tiempo y gastos.;C) Casi nunca.;8;C) Tranquilo, en casa y preparando la semana.
30;Mujer;B) Gimnasio, comida y salud.;C) Descansar en casa, planeando mi tiempo y gastos.;D) Solo cuando hay un evento importante.;3;A) Improvisado, con amigos y musica.
42;Mujer;C) Ahorrando o invirtiendolo.;C) Descansar en casa, planeando mi tiempo y gastos.;B) 1 o 2 veces.;7;C) Tranquilo, en casa y preparando la semana.
29;Hombre;B) Gimnasio, comida y salud.;D) Buscar nuevas actividades o viajando.;C) Casi nunca.;3;C) Tranquilo, en casa y preparando la semana.
24;Mujer;B) Gimnasio, comida y salud.;B) Hacer ejercicio y meditar.;D) Solo cuando hay un evento importante.;7;C) Tranquilo, en casa y preparando la semana.
13;Mujer;B) Gimnasio, comida y salud.;A) Salir a desconectarme, beber y socializar.;C) Casi nunca.;5;C) Tranquilo, en casa y preparando la semana.
31;Mujer;B) Gimnasio, comida y salud.;C) Descansar en casa, planeando mi tiempo y gastos.;B) 1 o 2 veces.;3;C) Tranquilo, en casa y preparando la semana.
13;Hombre;B) Gimnasio, comida y salud.;B) Hacer ejercicio y meditar.;B) 1 o 2 veces.;6;C) Tranquilo, en casa y preparando la semana.
19;Mujer;C) Ahorrando o invirtiendolo.;A) Salir a desconectarme, beber y socializar.;D) Solo cuando hay un evento importante.;5;C) Tranquilo, en casa y preparando la semana.
30;Mujer;C) Ahorrando o invirtiendolo.;D) Buscar nuevas actividades o viajando.;D) Solo cuando hay un evento importante.;9;D) Visitando un lugar nuevo o una actividad nueva.
13;Mujer;D) Viajes, conciertos, cursos.;B) Hacer ejercicio y meditar.;C) Casi nunca.;6;C) Tranquilo, en casa y preparando la semana.
28;Mujer;D) Viajes, conciertos, cursos.;C) Descansar en casa, planeando mi tiempo y gastos.;B) 1 o 2 veces.;6;B) Activo, haciendo deporte y comiendo.
15;Mujer;D) Viajes, conciertos, cursos.;D) Buscar nuevas actividades o viajando.;C) Casi nunca.;2;A) Improvisado, con amigos y musica.
37;Hombre;C) Ahorrando o invirtiendolo.;A) Salir a desconectarme, beber y socializar.;B) 1 o 2 veces.;8;B) Activo, haciendo deporte y comiendo.
16;Mujer;B) Gimnasio, comida y salud.;C) Descansar en casa, planeando mi tiempo y gastos.;D) Solo cuando hay un evento importante.;3;C) Tranquilo, en casa y preparando la semana.
37;Hombre;C) Ahorrando o invirtiendolo.;A) Salir a desconectarme, beber y socializar.;C) Casi nunca.;3;C) Tranquilo, en casa y preparando la semana.
13;Hombre;B) Gimnasio, comida y salud.;B) Hacer ejercicio y meditar.;C) Casi nunca.;7;C) Tranquilo, en casa y preparando la semana.
24;Mujer;B) Gimnasio, comida y salud.;D) Buscar nuevas actividades o viajando.;B) 1 o 2 veces.;3;C) Tranquilo, en casa y preparando la semana.
13;Hombre;C) Ahorrando o invirtiendolo.;B) Hacer ejercicio y meditar.;B) 1 o 2 veces.;2;C) Tranquilo, en casa y preparando la semana.
13;Mujer;B) Gimnasio, comida y salud.;B) Hacer ejercicio y meditar.;D) Solo cuando hay un evento importante.;8;B) Activo, haciendo deporte y comiendo.
40;Mujer;C) Ahorrando o invirtiendolo.;C) Descansar en casa, planeando mi tiempo y gastos.;C) Casi nunca.;8;A) Improvisado, con amigos y musica.
23;Hombre;B) Gimnasio, comida y salud.;D) Buscar nuevas actividades o viajando.;B) 1 o 2 veces.;7;C) Tranquilo, en casa y preparando la semana.
20;Mujer;A) Salir a beber con amigos y fiestas.;D) Buscar nuevas actividades o viajando.;D) Solo cuando hay un evento importante.;6;B) Activo, haciendo deporte y comiendo.
41;Mujer;A) Salir a beber con amigos y fiestas.;B) Hacer ejercicio y meditar.;C) Casi nunca.;3;C) Tranquilo, en casa y preparando la semana.
37;Mujer;C) Ahorrando o invirtiendolo.;B) Hacer ejercicio y meditar.;B) 1 o 2 veces.;7;D) Visitando un lugar nuevo o una actividad nueva.
14;Mujer;D) Viajes, conciertos, cursos.;B) Hacer ejercicio y meditar.;C) Casi nunca.;4;C) Tranquilo, en casa y preparando la semana.
13;Mujer;A) Salir a beber con amigos y fiestas.;C) Descansar en casa, planeando mi tiempo y gastos.;D) Solo cuando hay un evento importante.;10;C) Tranquilo, en casa y preparando la semana.
16;Mujer;D) Viajes, conciertos, cursos.;B) Hacer ejercicio y meditar.;C) Casi nunca.;4;A) Improvisado, con amigos y musica.
13;Hombre;A) Salir a beber con amigos y fiestas.;A) Salir a desconectarme, beber y socializar.;B) 1 o 2 veces.;5;C) Tranquilo, en casa y preparando la semana.
33;Mujer;B) Gimnasio, comida y salud.;B) Hacer ejercicio y meditar.;A) 4 o mas veces.;6;C) Tranquilo, en casa y preparando la semana.
24;Hombre;B) Gimnasio, comida y salud.;B) Hacer ejercicio y meditar.;D) Solo cuando hay un evento importante.;7;C) Tranquilo, en casa y preparando la semana.
26;Mujer;C) Ahorrando o invirtiendolo.;D) Buscar nuevas actividades o viajando.;B) 1 o 2 veces.;1;A) Improvisado, con amigos y musica.
13;Hombre;B) Gimnasio, comida y salud.;B) Hacer ejercicio y meditar.;B) 1 o 2 veces.;7;D) Visitando un lugar nuevo o una actividad nueva.
35;Mujer;B) Gimnasio, comida y salud.;A) Salir a desconectarme, beber y socializar.;D) Solo cuando hay un evento importante.;9;C) Tranquilo, en casa y preparando la semana.
13;Mujer;C) Ahorrando o invirtiendolo.;A) Salir a desconectarme, beber y socializar.;C) Casi nunca.;3;C) Tranquilo, en casa y preparando la semana.
29;Hombre;B) Gimnasio, comida y salud.;C) Descansar en casa, planeando mi tiempo y gastos.;D) Solo cuando hay un evento importante.;1;C) Tranquilo, en casa y preparando la semana.
59;Mujer;B) Gimnasio, comida y salud.;B) Hacer ejercicio y meditar.;A) 4 o mas veces.;8;C) Tranquilo, en casa y preparando la semana.
31;Hombre;A) Salir a beber con amigos y fiestas.;B) Hacer ejercicio y meditar.;B) 1 o 2 veces.;6;A) Improvisado, con amigos y musica.
31;Mujer;B) Gimnasio, comida y salud.;D) Buscar nuevas actividades o viajando.;C) Casi nunca.;4;C) Tranquilo, en casa y preparando la semana.
17;Mujer;B) Gimnasio, comida y salud.;B) Hacer ejercicio y meditar.;A) 4 o mas veces.;3;C) Tranquilo, en casa y preparando la semana.
30;Mujer;A) Salir a beber con amigos y fiestas.;A) Salir a desconectarme, beber y socializar.;C) Casi nunca.;8;C) Tranquilo, en casa y preparando la semana.
34;Mujer;C) Ahorrando o invirtiendolo.;C) Descansar en casa, planeando mi tiempo y gastos.;B) 1 o 2 veces.;2;C) Tranquilo, en casa y preparando la semana.
31;Hombre;C) Ahorrando o invirtiendolo.;C) Descansar en casa, planeando mi tiempo y gastos.;C) Casi nunca.;8;C) Tranquilo, en casa y preparando la semana.
37;Hombre;D) Viajes, conciertos, cursos.;D) Buscar nuevas actividades o viajando.;B) 1 o 2 veces.;6;C) Tranquilo, en casa y preparando la semana.
31;Mujer;D) Viajes, conciertos, cursos.;B) Hacer ejercicio y meditar.;B) 1 o 2 veces.;4;C) Tranquilo, en casa y preparando la semana.
20;Mujer;C) Ahorrando o invirtiendolo.;D) Buscar nuevas actividades o viajando.;A) 4 o mas veces.;5;C) Tranquilo, en casa y preparando la semana.
19;Mujer;D) Viajes, conciertos, cursos.;B) Hacer ejercicio y meditar.;B) 1 o 2 veces.;5;C) Tranquilo, en casa y preparando la semana.
29;Mujer;B) Gimnasio, comida y salud.;C) Descansar en casa, planeando mi tiempo y gastos.;C) Casi nunca.;1;A) Improvisado, con amigos y musica.
27;Mujer;C) Ahorrando o invirtiendolo.;C) Descansar en casa, planeando mi tiempo y gastos.;B) 1 o 2 veces.;6;B) Activo, haciendo deporte y comiendo.
13;Mujer;D) Viajes, conciertos, cursos.;C) Descansar en casa, planeando mi tiempo y gastos.;B) 1 o 2 veces.;7;C) Tranquilo, en casa y preparando la semana.
37;Hombre;B) Gimnasio, comida y salud.;A) Salir a desconectarme, beber y socializar.;B) 1 o 2 veces.;6;B) Activo, haciendo deporte y comiendo.
22;Hombre;B) Gimnasio, comida y salud.;B) Hacer ejercicio y meditar.;D) Solo cuando hay un evento importante.;8;C) Tranquilo, en casa y preparando la semana.
21;Hombre;D) Viajes, conciertos, cursos.;A) Salir a desconectarme, beber y socializar.;B) 1 o 2 veces.;4;A) Improvisado, con amigos y musica.
42;Mujer;B) Gimnasio, comida y salud.;C) Descansar en casa, planeando mi tiempo y gastos.;D) Solo cuando hay un evento importante.;3;C) Tranquilo, en casa y preparando la semana.
18;Mujer;B) Gimnasio, comida y salud.;B) Hacer ejercicio y meditar.;D) Solo cuando hay un evento importante.;9;C) Tranquilo, en casa y preparando la semana.
14;Mujer;A) Salir a beber con amigos y fiestas.;B) Hacer ejercicio y meditar.;C) Casi nunca.;9;C) Tranquilo, en casa y preparando la semana.
23;Hombre;B) Gimnasio, comida y salud.;C) Descansar en casa, planeando mi tiempo y gastos.;D) Solo cuando hay un evento importante.;5;C) Tranquilo, en casa y preparando la semana.
15;Mujer;D) Viajes, conciertos, cursos.;A) Salir a desconectarme, beber y socializar.;D) Solo cuando hay un evento importante.;4;C) Tranquilo, en casa y preparando la semana.
25;Hombre;B) Gimnasio, comida y salud.;C) Descansar en casa, planeando mi tiempo y gastos.;C) Casi nunca.;3;C) Tranquilo, en casa y preparando la semana.
45;Mujer;A) Salir a beber con amigos y fiestas.;A) Salir a desconectarme, beber y socializar.;B) 1 o 2 veces.;5;C) Tranquilo, en casa y preparando la semana.
15;Hombre;B) Gimnasio, comida y salud.;D) Buscar nuevas actividades o viajando.;D) Solo cuando hay un evento importante.;1;B) Activo, haciendo deporte y comiendo.
33;Hombre;D) Viajes, conciertos, cursos.;B) Hacer ejercicio y meditar.;B) 1 o 2 veces.;3;C) Tranquilo, en casa y preparando la semana.
21;Hombre;B) Gimnasio, comida y salud.;A) Salir a desconectarme, beber y socializar.;C) Casi nunca.;9;B) Activo, haciendo deporte y comiendo.
24;Mujer;B) Gimnasio, comida y salud.;B) Hacer ejercicio y meditar.;B) 1 o 2 veces.;4;C) Tranquilo, en casa y preparando la semana.
26;Mujer;A) Salir a beber con amigos y fiestas.;B) Hacer ejercicio y meditar.;D) Solo cuando hay un evento importante.;4;D) Visitando un lugar nuevo o una actividad nueva.
33;Mujer;C) Ahorrando o invirtiendolo.;A) Salir a desconectarme, beber y socializar.;B) 1 o 2 veces.;3;A) Improvisado, con amigos y musica.
50;Mujer;D) Viajes, conciertos, cursos.;C) Descansar en casa, planeando mi tiempo y gastos.;D) Solo cuando hay un evento importante.;6;C) Tranquilo, en casa y preparando la semana.
19;Hombre;A) Salir a beber con amigos y fiestas.;A) Salir a desconectarme, beber y socializar.;C) Casi nunca.;9;C) Tranquilo, en casa y preparando la semana.
19;Mujer;C) Ahorrando o invirtiendolo.;B) Hacer ejercicio y meditar.;C) Casi nunca.;5;C) Tranquilo, en casa y preparando la semana.
26;Hombre;B) Gimnasio, comida y salud.;C) Descansar en casa, planeando mi tiempo y gastos.;A) 4 o mas veces.;9;C) Tranquilo, en casa y preparando la semana.
28;Hombre;C) Ahorrando o invirtiendolo.;A) Salir a desconectarme, beber y socializar.;B) 1 o 2 veces.;7;B) Activo, haciendo deporte y comiendo.
22;Hombre;D) Viajes, conciertos, cursos.;A) Salir a desconectarme, beber y socializar.;C) Casi nunca.;7;C) Tranquilo, en casa y preparando la semana.
34;Mujer;A) Salir a beber con amigos y fiestas.;C) Descansar en casa, planeando mi tiempo y gastos.;D) Solo cuando hay un evento importante.;3;A) Improvisado, con amigos y musica.
27;Mujer;D) Viajes, conciertos, cursos.;C) Descansar en casa, planeando mi tiempo y gastos.;C) Casi nunca.;5;C) Tranquilo, en casa y preparando la semana.
27;Mujer;A) Salir a beber con amigos y fiestas.;D) Buscar nuevas actividades o viajando.;C) Casi nunca.;4;C) Tranquilo, en casa y preparando la semana.
13;Mujer;D) Viajes, conciertos, cursos.;B) Hacer ejercicio y meditar.;C) Casi nunca.;5;B) Activo, haciendo deporte y comiendo.
41;Mujer;A) Salir a beber con amigos y fiestas.;A) Salir a desconectarme, beber y socializar.;D) Solo cuando hay un evento importante.;5;D) Visitando un lugar nuevo o una actividad nueva.
23;Mujer;A) Salir a beber con amigos y fiestas.;C) Descansar en casa, planeando mi tiempo y gastos.;C) Casi nunca.;1;B) Activo, haciendo deporte y comiendo.
31;Mujer;A) Salir a beber con amigos y fiestas.;C) Descansar en casa, planeando mi tiempo y gastos.;C) Casi nunca.;5;C) Tranquilo, en casa y preparando la semana.
26;Hombre;A) Salir a beber con amigos y fiestas.;B) Hacer ejercicio y meditar.;A) 4 o mas veces.;7;D) Visitando un lugar nuevo o una actividad nueva.
18;Mujer;C) Ahorrando o invirtiendolo.;C) Descansar en casa, planeando mi tiempo y gastos.;C) Casi nunca.;5;C) Tranquilo, en casa y preparando la semana.
31;Mujer;B) Gimnasio, comida y salud.;A) Salir a desconectarme, beber y socializar.;B) 1 o 2 veces.;9;D) Visitando un lugar nuevo o una actividad nueva.
14;Hombre;C) Ahorrando o invirtiendolo.;D) Buscar nuevas actividades o viajando.;D) Solo cuando hay un evento importante.;4;B) Activo, haciendo deporte y comiendo.
39;Hombre;B) Gimnasio, comida y salud.;C) Descansar en casa, planeando mi tiempo y gastos.;D) Solo cuando hay un evento importante.;3;C) Tranquilo, en casa y preparando la semana.
21;Mujer;B) Gimnasio, comida y salud.;B) Hacer ejercicio y meditar.;C) Casi nunca.;8;C) Tranquilo, en casa y preparando la semana.
29;Hombre;A) Salir a beber con amigos y fiestas.;B) Hacer ejercicio y meditar.;B) 1 o 2 veces.;1;B) Activo, haciendo deporte y comiendo.
28;Mujer;C) Ahorrando o invirtiendolo.;D) Buscar nuevas actividades o viajando.;B) 1 o 2 veces.;4;C) Tranquilo, en casa y preparando la semana.
15;Hombre;B) Gimnasio, comida y salud.;A) Salir a desconectarme, beber y socializar.;D) Solo cuando hay un evento importante.;5;C) Tranquilo, en casa y preparando la semana.
32;Mujer;A) Salir a beber con amigos y fiestas.;D) Buscar nuevas actividades o viajando.;A) 4 o mas veces.;5;A) Improvisado, con amigos y musica.
13;Hombre;D) Viajes, conciertos, cursos.;A) Salir a desconectarme, beber y socializar.;D) Solo cuando hay un evento importante.;8;C) Tranquilo, en casa y preparando la semana.
13;Mujer;B) Gimnasio, comida y salud.;B) Hacer ejercicio y meditar.;D) Solo cuando hay un evento importante.;10;D) Visitando un lugar nuevo o una actividad nueva.
25;Mujer;C) Ahorrando o invirtiendolo.;B) Hacer ejercicio y meditar.;C) Casi nunca.;5;C) Tranquilo, en casa y preparando la semana.
24;Mujer;B) Gimnasio, comida y salud.;A) Salir a desconectarme, beber y socializar.;A) 4 o mas veces.;7;C) Tranquilo, en casa y preparando la semana.
20;Hombre;B) Gimnasio, comida y salud.;C) Descansar en casa, planeando mi tiempo y gastos.;B) 1 o 2 veces.;4;A) Improvisado, con amigos y musica.
21;Hombre;C) Ahorrando o invirtiendolo.;D) Buscar nuevas actividades o viajando.;B) 1 o 2 veces.;1;A) Improvisado, con amigos y musica.
36;Mujer;B) Gimnasio, comida y salud.;A) Salir a desconectarme, beber y socializar.;C) Casi nunca.;3;C) Tranquilo, en casa y preparando la semana.
18;Hombre;C) Ahorrando o invirtiendolo.;B) Hacer ejercicio y meditar.;C) Casi nunca.;9;C) Tranquilo, en casa y preparando la semana.
36;Mujer;B) Gimnasio, comida y salud.;B) Hacer ejercicio y meditar.;C) Casi nunca.;7;C) Tranquilo, en casa y preparando la semana.
13;Hombre;D) Viajes, conciertos, cursos.;C) Descansar en casa, planeando mi tiempo y gastos.;A) 4 o mas veces.;6;C) Tranquilo, en casa y preparando la semana.
19;Hombre;C) Ahorrando o invirtiendolo.;D) Buscar nuevas actividades o viajando.;C) Casi nunca.;5;C) Tranquilo, en casa y preparando la semana.
13;Hombre;C) Ahorrando o invirtiendolo.;C) Descansar en casa, planeando mi tiempo y gastos.;D) Solo cuando hay un evento importante.;6;C) Tranquilo, en casa y preparando la semana.
33;Hombre;A) Salir a beber con amigos y fiestas.;D) Buscar nuevas actividades o viajando.;B) 1 o 2 veces.;6;C) Tranquilo, en casa y preparando la semana.
40;Mujer;C) Ahorrando o invirtiendolo.;C) Descansar en casa, planeando mi tiempo y gastos.;A) 4 o mas veces.;8;C) Tranquilo, en casa y preparando la semana.
20;Mujer;B) Gimnasio, comida y salud.;C) Descansar en casa, planeando mi tiempo y gastos.;B) 1 o 2 veces.;7;A) Improvisado, con amigos y musica.
25;Hombre;B) Gimnasio, comida y salud.;C) Descansar en casa, planeando mi tiempo y gastos.;C) Casi nunca.;4;A) Improvisado, con amigos y musica.
28;Mujer;A) Salir a beber con amigos y fiestas.;D) Buscar nuevas actividades o viajando.;C) Casi nunca.;4;A) Improvisado, con amigos y musica.
28;Mujer;A) Salir a beber con amigos y fiestas.;A) Salir a desconectarme, beber y socializar.;C) Casi nunca.;7;A) Improvisado, con amigos y musica.
24;Mujer;B) Gimnasio, comida y salud.;D) Buscar nuevas actividades o viajando.;C) Casi nunca.;8;C) Tranquilo, en casa y preparando la semana.
13;Hombre;B) Gimnasio, comida y salud.;B) Hacer ejercicio y meditar.;B) 1 o 2 veces.;4;A) Improvisado, con amigos y musica.
13;Mujer;C) Ahorrando o invirtiendolo.;D) Buscar nuevas actividades o viajando.;C) Casi nunca.;2;C) Tranquilo, en casa y preparando la semana.
24;Mujer;A) Salir a beber con amigos y fiestas.;C) Descansar en casa, planeando mi tiempo y gastos.;C) Casi nunca.;5;C) Tranquilo, en casa y preparando la semana.
25;Hombre;B) Gimnasio, comida y salud.;B) Hacer ejercicio y meditar.;C) Casi nunca.;6;C) Tranquilo, en casa y preparando la semana.
30;Mujer;D) Viajes, conciertos, cursos.;C) Descansar en casa, planeando mi tiempo y gastos.;B) 1 o 2 veces.;4;D) Visitando un lugar nuevo o una actividad nueva.
27;Hombre;B) Gimnasio, comida y salud.;B) Hacer ejercicio y meditar.;B) 1 o 2 veces.;2;C) Tranquilo, en casa y preparando la semana.
41;Mujer;C) Ahorrando o invirtiendolo.;A) Salir a desconectarme, beber y socializar.;A) 4 o mas veces.;5;B) Activo, haciendo deporte y comiendo.
17;Hombre;B) Gimnasio, comida y salud.;D) Buscar nuevas actividades o viajando.;B) 1 o 2 veces.;7;D) Visitando un lugar nuevo o una actividad nueva.
27;Hombre;B) Gimnasio, comida y salud.;B) Hacer ejercicio y meditar.;C) Casi nunca.;5;C) Tranquilo, en casa y preparando la semana.
31;Hombre;B) Gimnasio, comida y salud.;C) Descansar en casa, planeando mi tiempo y gastos.;C) Casi nunca.;9;C) Tranquilo, en casa y preparando la semana.
13;Mujer;C) Ahorrando o invirtiendolo.;A) Salir a desconectarme, beber y socializar.;C) Casi nunca.;5;C) Tranquilo, en casa y preparando la semana.
20;Mujer;A) Salir a beber con amigos y fiestas.;C) Descansar en casa, planeando mi tiempo y gastos.;A) 4 o mas veces.;7;C) Tranquilo, en casa y preparando la semana.
20;Hombre;B) Gimnasio, comida y salud.;B) Hacer ejercicio y meditar.;C) Casi nunca.;1;B) Activo, haciendo deporte y comiendo.
18;Hombre;B) Gimnasio, comida y salud.;C) Descansar en casa, planeando mi tiempo y gastos.;C) Casi nunca.;7;C) Tranquilo, en casa y preparando la semana.
19;Mujer;B) Gimnasio, comida y salud.;A) Salir a desconectarme, beber y socializar.;D) Solo cuando hay un evento importante.;2;C) Tranquilo, en casa y preparando la semana.
15;Hombre;D) Viajes, conciertos, cursos.;D) Buscar nuevas actividades o viajando.;D) Solo cuando hay un evento importante.;2;A) Improvisado, con amigos y musica.
13;Mujer;B) Gimnasio, comida y salud.;B) Hacer ejercicio y meditar.;C) Casi nunca.;4;C) Tranquilo, en casa y preparando la semana.
25;Mujer;B) Gimnasio, comida y salud.;C) Descansar en casa, planeando mi tiempo y gastos.;D) Solo cuando hay un evento importante.;7;C) Tranquilo, en casa y preparando la semana.
17;Mujer;C) Ahorrando o invirtiendolo.;D) Buscar nuevas actividades o viajando.;D) Solo cuando hay un evento importante.;2;B) Activo, haciendo deporte y comiendo.
13;Mujer;B) Gimnasio, comida y salud.;B) Hacer ejercicio y meditar.;B) 1 o 2 veces.;7;D) Visitando un lugar nuevo o una actividad nueva.
16;Mujer;D) Viajes, conciertos, cursos.;C) Descansar en casa, planeando mi tiempo y gastos.;D) Solo cuando hay un evento importante.;6;C) Tranquilo, en casa y preparando la semana.
26;Mujer;C) Ahorrando o invirtiendolo.;D) Buscar nuevas actividades o viajando.;D) Solo cuando hay un evento importante.;7;C) Tranquilo, en casa y preparando la semana.
23;Mujer;C) Ahorrando o invirtiendolo.;A) Salir a desconectarme, beber y socializar.;C) Casi nunca.;9;C) Tranquilo, en casa y preparando la semana.
31;Mujer;B) Gimnasio, comida y salud.;B) Hacer ejercicio y meditar.;C) Casi nunca.;5;A) Improvisado, con amigos y musica.
16;Mujer;C) Ahorrando o invirtiendolo.;B) Hacer ejercicio y meditar.;D) Solo cuando hay un evento importante.;5;C) Tranquilo, en casa y preparando la semana.
33;Hombre;C) Ahorrando o invirtiendolo.;C) Descansar en casa, planeando mi tiempo y gastos.;C) Casi nunca.;6;C) Tranquilo, en casa y preparando la semana.
28;Mujer;C) Ahorrando o invirtiendolo.;D) Buscar nuevas actividades o viajando.;D) Solo cuando hay un evento importante.;6;B) Activo, haciendo deporte y comiendo.
22;Hombre;C) Ahorrando o invirtiendolo.;C) Descansar en casa, planeando mi tiempo y gastos.;C) Casi nunca.;5;C) Tranquilo, en casa y preparando la semana.
21;Mujer;C) Ahorrando o invirtiendolo.;A) Salir a desconectarme, beber y socializar.;D) Solo cuando hay un evento importante.;5;D) Visitando un lugar nuevo o una actividad nueva.
27;Mujer;D) Viajes, conciertos, cursos.;B) Hacer ejercicio y meditar.;C) Casi nunca.;5;A) Improvisado, con amigos y musica.
28;Mujer;B) Gimnasio, comida y salud.;A) Salir a desconectarme, beber y socializar.;D) Solo cuando hay un evento importante.;6;B) Activo, haciendo deporte y comiendo.
18;Hombre;D) Viajes, conciertos, cursos.;B) Hacer ejercicio y meditar.;D) Solo cuando hay un evento importante.;3;A) Improvisado, con amigos y musica.
28;Hombre;D) Viajes, conciertos, cursos.;A) Salir a desconectarme, beber y socializar.;C) Casi nunca.;1;C) Tranquilo, en casa y preparando la semana.
26;Mujer;B) Gimnasio, comida y salud.;B) Hacer ejercicio y meditar.;D) Solo cuando hay un evento importante.;6;C) Tranquilo, en casa y preparando la semana.
29;Mujer;C) Ahorrando o invirtiendolo.;D) Buscar nuevas actividades o viajando.;C) Casi nunca.;7;C) Tranquilo, en casa y preparando la semana.
31;Mujer;A) Salir a beber con amigos y fiestas.;A) Salir a desconectarme, beber y socializar.;B) 1 o 2 veces.;6;C) Tranquilo, en casa y preparando la semana.
22;Mujer;A) Salir a beber con amigos y fiestas.;C) Descansar en casa, planeando mi tiempo y gastos.;D) Solo cuando hay un evento importante.;6;A) Improvisado, con amigos y musica.
49;Hombre;D) Viajes, conciertos, cursos.;D) Buscar nuevas actividades o viajando.;B) 1 o 2 veces.;7;A) Improvisado, con amigos y musica.
25;Mujer;A) Salir a beber con amigos y fiestas.;B) Hacer ejercicio y meditar.;C) Casi nunca.;3;A) Improvisado, con amigos y musica.
26;Mujer;B) Gimnasio, comida y salud.;B) Hacer ejercicio y meditar.;B) 1 o 2 veces.;10;B) Activo, haciendo deporte y comiendo.
38;Mujer;A) Salir a beber con amigos y fiestas.;C) Descansar en casa, planeando mi tiempo y gastos.;C) Casi nunca.;7;B) Activo, haciendo deporte y comiendo.
28;Hombre;A) Salir a beber con amigos y fiestas.;A) Salir a desconectarme, beber y socializar.;D) Solo cuando hay un evento importante.;5;C) Tranquilo, en casa y preparando la semana.
16;Mujer;A) Salir a beber con amigos y fiestas.;B) Hacer ejercicio y meditar.;C) Casi nunca.;7;C) Tranquilo, en casa y preparando la semana.
27;Hombre;B) Gimnasio, comida y salud.;B) Hacer ejercicio y meditar.;B) 1 o 2 veces.;5;B) Activo, haciendo deporte y comiendo.
13;Hombre;C) Ahorrando o invirtiendolo.;C) Descansar en casa, planeando mi tiempo y gastos.;C) Casi nunca.;6;A) Improvisado, con amigos y musica.
23;Mujer;A) Salir a beber con amigos y fiestas.;A) Salir a desconectarme, beber y socializar.;A) 4 o mas veces.;10;C) Tranquilo, en casa y preparando la semana.
31;Mujer;D) Viajes, conciertos, cursos.;C) Descansar en casa, planeando mi tiempo y gastos.;C) Casi nunca.;7;C) Tranquilo, en casa y preparando la semana.
35;Mujer;A) Salir a beber con amigos y fiestas.;A) Salir a desconectarme, beber y socializar.;D) Solo cuando hay un evento importante.;8;C) Tranquilo, en casa y preparando la semana.
38;Mujer;C) Ahorrando o invirtiendolo.;A) Salir a desconectarme, beber y socializar.;C) Casi nunca.;4;D) Visitando un lugar nuevo o una actividad nueva.
17;Hombre;B) Gimnasio, comida y salud.;C) Descansar en casa, planeando mi tiempo y gastos.;C) Casi nunca.;2;C) Tranquilo, en casa y preparando la semana.
25;Mujer;C) Ahorrando o invirtiendolo.;A) Salir a desconectarme, beber y socializar.;D) Solo cuando hay un evento importante.;9;D) Visitando un lugar nuevo o una actividad nueva.
13;Mujer;C) Ahorrando o invirtiendolo.;A) Salir a desconectarme, beber y socializar.;B) 1 o 2 veces.;10;A) Improvisado, con amigos y musica.
24;Mujer;B) Gimnasio, comida y salud.;C) Descansar en casa, planeando mi tiempo y gastos.;D) Solo cuando hay un evento importante.;10;A) Improvisado, con amigos y musica.
33;Mujer;D) Viajes, conciertos, cursos.;B) Hacer ejercicio y meditar.;C) Casi nunca.;5;C) Tranquilo, en casa y preparando la semana.
38;Mujer;C) Ahorrando o invirtiendolo.;D) Buscar nuevas actividades o viajando.;B) 1 o 2 veces.;6;C) Tranquilo, en casa y preparando la semana.
33;Mujer;B) Gimnasio, comida y salud.;A) Salir a desconectarme, beber y socializar.;C) Casi nunca.;5;A) Improvisado, con amigos y musica.
34;Mujer;B) Gimnasio, comida y salud.;C) Descansar en casa, planeando mi tiempo y gastos.;C) Casi nunca.;4;A) Improvisado, con amigos y musica.
34;Mujer;D) Viajes, conciertos, cursos.;C) Descansar en casa, planeando mi tiempo y gastos.;D) Solo cuando hay un evento importante.;6;C) Tranquilo, en casa y preparando la semana.
39;Mujer;A) Salir a beber con amigos y fiestas.;D) Buscar nuevas actividades o viajando.;C) Casi nunca.;7;C) Tranquilo, en casa y preparando la semana.
19;Mujer;D) Viajes, conciertos, cursos.;B) Hacer ejercicio y meditar.;A) 4 o mas veces.;3;A) Improvisado, con amigos y musica.
25;Mujer;A) Salir a beber con amigos y fiestas.;C) Descansar en casa, planeando mi tiempo y gastos.;D) Solo cuando hay un evento importante.;3;A) Improvisado, con amigos y musica.
35;Mujer;C) Ahorrando o invirtiendolo.;D) Buscar nuevas actividades o viajando.;A) 4 o mas veces.;7;C) Tranquilo, en casa y preparando la semana.
28;Hombre;D) Viajes, conciertos, cursos.;C) Descansar en casa, planeando mi tiempo y gastos.;B) 1 o 2 veces.;3;B) Activo, haciendo deporte y comiendo.
13;Hombre;A) Salir a beber con amigos y fiestas.;B) Hacer ejercicio y meditar.;D) Solo cuando hay un evento importante.;7;B) Activo, haciendo deporte y comiendo.
23;Mujer;A) Salir a beber con amigos y fiestas.;C) Descansar en casa, planeando mi tiempo y gastos.;D) Solo cuando hay un evento importante.;5;C) Tranquilo, en casa y preparando la semana.
42;Mujer;A) Salir a beber con amigos y fiestas.;D) Buscar nuevas actividades o viajando.;B) 1 o 2 veces.;7;C) Tranquilo, en casa y preparando la semana.
29;Mujer;C) Ahorrando o invirtiendolo.;C) Descansar en casa, planeando mi tiempo y gastos.;B) 1 o 2 veces.;2;C) Tranquilo, en casa y preparando la semana.
34;Hombre;C) Ahorrando o invirtiendolo.;D) Buscar nuevas actividades o viajando.;B) 1 o 2 veces.;8;C) Tranquilo, en casa y preparando la semana.
34;Mujer;C) Ahorrando o invirtiendolo.;C) Descansar en casa, planeando mi tiempo y gastos.;B) 1 o 2 veces.;5;D) Visitando un lugar nuevo o una actividad nueva.
51;Mujer;C) Ahorrando o invirtiendolo.;C) Descansar en casa, planeando mi tiempo y gastos.;D) Solo cuando hay un evento importante.;1;B) Activo, haciendo deporte y comiendo.
25;Hombre;C) Ahorrando o invirtiendolo.;C) Descansar en casa, planeando mi tiempo y gastos.;D) Solo cuando hay un evento importante.;9;C) Tranquilo, en casa y preparando la semana.
25;Mujer;C) Ahorrando o invirtiendolo.;A) Salir a desconectarme, beber y socializar.;D) Solo cuando hay un evento importante.;7;C) Tranquilo, en casa y preparando la semana.
24;Hombre;B) Gimnasio, comida y salud.;A) Salir a desconectarme, beber y socializar.;B) 1 o 2 veces.;8;B) Activo, haciendo deporte y comiendo.
18;Hombre;C) Ahorrando o invirtiendolo.;B) Hacer ejercicio y meditar.;B) 1 o 2 veces.;6;C) Tranquilo, en casa y preparando la semana.
19;Mujer;B) Gimnasio, comida y salud.;B) Hacer ejercicio y meditar.;C) Casi nunca.;5;C) Tranquilo, en casa y preparando la semana.
22;Mujer;B) Gimnasio, comida y salud.;D) Buscar nuevas actividades o viajando.;C) Casi nunca.;7;C) Tranquilo, en casa y preparando la semana.
37;Hombre;A) Salir a beber con amigos y fiestas.;D) Buscar nuevas actividades o viajando.;C) Casi nunca.;8;A) Improvisado, con amigos y musica.
13;Hombre;B) Gimnasio, comida y salud.;B) Hacer ejercicio y meditar.;D) Solo cuando hay un evento importante.;5;C) Tranquilo, en casa y preparando la semana.
21;Mujer;B) Gimnasio, comida y salud.;B) Hacer ejercicio y meditar.;C) Casi nunca.;10;A) Improvisado, con amigos y musica.
23;Mujer;C) Ahorrando o invirtiendolo.;A) Salir a desconectarme, beber y socializar.;D) Solo cuando hay un evento importante.;10;C) Tranquilo, en casa y preparando la semana.
36;Hombre;B) Gimnasio, comida y salud.;B) Hacer ejercicio y meditar.;C) Casi nunca.;3;A) Improvisado, con amigos y musica.
25;Hombre;A) Salir a beber con amigos y fiestas.;C) Descansar en casa, planeando mi tiempo y gastos.;B) 1 o 2 veces.;5;C) Tranquilo, en casa y preparando la semana.
29;Hombre;C) Ahorrando o invirtiendolo.;C) Descansar en casa, planeando mi tiempo y gastos.;D) Solo cuando hay un evento importante.;2;A) Improvisado, con amigos y musica.
35;Mujer;D) Viajes, conciertos, cursos.;C) Descansar en casa, planeando mi tiempo y gastos.;C) Casi nunca.;3;C) Tranquilo, en casa y preparando la semana.
21;Mujer;B) Gimnasio, comida y salud.;A) Salir a desconectarme, beber y socializar.;C) Casi nunca.;7;C) Tranquilo, en casa y preparando la semana.
13;Mujer;C) Ahorrando o invirtiendolo.;D) Buscar nuevas actividades o viajando.;B) 1 o 2 veces.;3;C) Tranquilo, en casa y preparando la semana.
33;Mujer;B) Gimnasio, comida y salud.;D) Buscar nuevas actividades o viajando.;B) 1 o 2 veces.;5;B) Activo, haciendo deporte y comiendo.
24;Mujer;A) Salir a beber con amigos y fiestas.;C) Descansar en casa, planeando mi tiempo y gastos.;D) Solo cuando hay un evento importante.;10;B) Activo, haciendo deporte y comiendo.
18;Mujer;C) Ahorrando o invirtiendolo.;C) Descansar en casa, planeando mi tiempo y gastos.;C) Casi nunca.;9;C) Tranquilo, en casa y preparando la semana.
31;Hombre;A) Salir a beber con amigos y fiestas.;A) Salir a desconectarme, beber y socializar.;C) Casi nunca.;6;C) Tranquilo, en casa y preparando la semana.
35;Hombre;B) Gimnasio, comida y salud.;C) Descansar en casa, planeando mi tiempo y gastos.;C) Casi nunca.;5;C) Tranquilo, en casa y preparando la semana.
38;Mujer;B) Gimnasio, comida y salud.;A) Salir a desconectarme, beber y socializar.;D) Solo cuando hay un evento importante.;8;C) Tranquilo, en casa y preparando la semana.
42;Hombre;B) Gimnasio, comida y salud.;A) Salir a desconectarme, beber y socializar.;C) Casi nunca.;4;B) Activo, haciendo deporte y comiendo.
17;Mujer;C) Ahorrando o invirtiendolo.;B) Hacer ejercicio y meditar.;C) Casi nunca.;2;C) Tranquilo, en casa y preparando la semana.
46;Mujer;B) Gimnasio, comida y salud.;B) Hacer ejercicio y meditar.;A) 4 o mas veces.;2;A) Improvisado, con amigos y musica.
13;Mujer;C) Ahorrando o invirtiendolo.;A) Salir a desconectarme, beber y socializar.;B) 1 o 2 veces.;2;D) Visitando un lugar nuevo o una actividad nueva.
24;Mujer;C) Ahorrando o invirtiendolo.;A) Salir a desconectarme, beber y socializar.;B) 1 o 2 veces.;10;C) Tranquilo, en casa y preparando la semana.
24;Mujer;B) Gimnasio, comida y salud.;B) Hacer ejercicio y meditar.;D) Solo cuando hay un evento importante.;1;C) Tranquilo, en casa y preparando la semana.
24;Mujer;D) Viajes, conciertos, cursos.;A) Salir a desconectarme, beber y socializar.;B) 1 o 2 veces.;2;C) Tranquilo, en casa y preparando la semana.
16;Hombre;D) Viajes, conciertos, cursos.;C) Descansar en casa, planeando mi tiempo y gastos.;B) 1 o 2 veces.;6;C) Tranquilo, en casa y preparando la semana.
35;Mujer;A) Salir a beber con amigos y fiestas.;C) Descansar en casa, planeando mi tiempo y gastos.;A) 4 o mas veces.;9;C) Tranquilo, en casa y preparando la semana.
21;Mujer;B) Gimnasio, comida y salud.;A) Salir a desconectarme, beber y socializar.;D) Solo cuando hay un evento importante.;3;A) Improvisado, con amigos y musica.
14;Hombre;D) Viajes, conciertos, cursos.;D) Buscar nuevas actividades o viajando.;B) 1 o 2 veces.;8;C) Tranquilo, en casa y preparando la semana.
13;Hombre;A) Salir a beber con amigos y fiestas.;D) Buscar nuevas actividades o viajando.;C) Casi nunca.;2;C) Tranquilo, en casa y preparando la semana.
16;Mujer;B) Gimnasio, comida y salud.;A) Salir a desconectarme, beber y socializar.;C) Casi nunca.;6;D) Visitando un lugar nuevo o una actividad nueva.
13;Hombre;B) Gimnasio, comida y salud.;B) Hacer ejercicio y meditar.;D) Solo cuando hay un evento importante.;6;A) Improvisado, con amigos y musica.
23;Mujer;C) Ahorrando o invirtiendolo.;C) Descansar en casa, planeando mi tiempo y gastos.;D) Solo cuando hay un evento importante.;3;C) Tranquilo, en casa y preparando la semana.
17;Mujer;C) Ahorrando o invirtiendolo.;C) Descansar en casa, planeando mi tiempo y gastos.;B) 1 o 2 veces.;6;A) Improvisado, con amigos y musica.
29;Mujer;C) Ahorrando o invirtiendolo.;B) Hacer ejercicio y meditar.;D) Solo cuando hay un evento importante.;4;C) Tranquilo, en casa y preparando la semana.
28;Mujer;A) Salir a beber con amigos y fiestas.;D) Buscar nuevas actividades o viajando.;B) 1 o 2 veces.;3;C) Tranquilo, en casa y preparando la semana.
13;Mujer;B) Gimnasio, comida y salud.;C) Descansar en casa, planeando mi tiempo y gastos.;D) Solo cuando hay un evento importante.;3;C) Tranquilo, en casa y preparando la semana.
26;Hombre;A) Salir a beber con amigos y fiestas.;A) Salir a desconectarme, beber y socializar.;A) 4 o mas veces.;4;C) Tranquilo, en casa y preparando la semana.
23;Hombre;A) Salir a beber con amigos y fiestas.;C) Descansar en casa, planeando mi tiempo y gastos.;C) Casi nunca.;7;B) Activo, haciendo deporte y comiendo.
24;Hombre;A) Salir a beber con amigos y fiestas.;B) Hacer ejercicio y meditar.;B) 1 o 2 veces.;2;B) Activo, haciendo deporte y comiendo.
14;Hombre;B) Gimnasio, comida y salud.;A) Salir a desconectarme, beber y socializar.;D) Solo cuando hay un evento importante.;3;B) Activo, haciendo deporte y comiendo.
31;Mujer;A) Salir a beber con amigos y fiestas.;C) Descansar en casa, planeando mi tiempo y gastos.;C) Casi nunca.;3;C) Tranquilo, en casa y preparando la semana.
49;Hombre;A) Salir a beber con amigos y fiestas.;A) Salir a desconectarme, beber y socializar.;C) Casi nunca.;6;C) Tranquilo, en casa y preparando la semana.
26;Mujer;B) Gimnasio, comida y salud.;D) Buscar nuevas actividades o viajando.;D) Solo cuando hay un evento importante.;1;C) Tranquilo, en casa y preparando la semana.
40;Mujer;A) Salir a beber con amigos y fiestas.;B) Hacer ejercicio y meditar.;C) Casi nunca.;8;C) Tranquilo, en casa y preparando la semana.
16;Mujer;C) Ahorrando o invirtiendolo.;C) Descansar en casa, planeando mi tiempo y gastos.;C) Casi nunca.;4;A) Improvisado, con amigos y musica.
17;Mujer;C) Ahorrando o invirtiendolo.;B) Hacer ejercicio y meditar.;C) Casi nunca.;5;B) Activo, haciendo deporte y comiendo.
13;Mujer;D) Viajes, conciertos, cursos.;D) Buscar nuevas actividades o viajando.;C) Casi nunca.;7;C) Tranquilo, en casa y preparando la semana.
16;Mujer;B) Gimnasio, comida y salud.;C) Descansar en casa, planeando mi tiempo y gastos.;D) Solo cuando hay un evento importante.;3;C) Tranquilo, en casa y preparando la semana.
32;Hombre;B) Gimnasio, comida y salud.;B) Hacer ejercicio y meditar.;D) Solo cuando hay un evento importante.;10;C) Tranquilo, en casa y preparando la semana.
30;Hombre;C) Ahorrando o invirtiendolo.;C) Descansar en casa, planeando mi tiempo y gastos.;C) Casi nunca.;3;D) Visitando un lugar nuevo o una actividad nueva.
14;Mujer;A) Salir a beber con amigos y fiestas.;D) Buscar nuevas actividades o viajando.;B) 1 o 2 veces.;8;B) Activo, haciendo deporte y comiendo.
24;Hombre;A) Salir a beber con amigos y fiestas.;B) Hacer ejercicio y meditar.;C) Casi nunca.;4;C) Tranquilo, en casa y preparando la semana.
31;Mujer;C) Ahorrando o invirtiendolo.;C) Descansar en casa, planeando mi tiempo y gastos.;C) Casi nunca.;2;A) Improvisado, con amigos y musica.
24;Hombre;B) Gimnasio, comida y salud.;B) Hacer ejercicio y meditar.;C) Casi nunca.;7;A) Improvisado, con amigos y musica.
27;Mujer;C) Ahorrando o invirtiendolo.;C) Descansar en casa, planeando mi tiempo y gastos.;D) Solo cuando hay un evento importante.;1;D) Visitando un lugar nuevo o una actividad nueva.
42;Mujer;B) Gimnasio, comida y salud.;B) Hacer ejercicio y meditar.;C) Casi nunca.;7;C) Tranquilo, en casa y preparando la semana.
31;Hombre;C) Ahorrando o invirtiendolo.;B) Hacer ejercicio y meditar.;B) 1 o 2 veces.;5;A) Improvisado, con amigos y musica.
13;Mujer;B) Gimnasio, comida y salud.;C) Descansar en casa, planeando mi tiempo y gastos.;D) Solo cuando hay un evento importante.;6;C) Tranquilo, en casa y preparando la semana.
18;Mujer;A) Salir a beber con amigos y fiestas.;D) Buscar nuevas actividades o viajando.;C) Casi nunca.;10;C) Tranquilo, en casa y preparando la semana.
13;Mujer;C) Ahorrando o invirtiendolo.;C) Descansar en casa, planeando mi tiempo y gastos.;C) Casi nunca.;6;C) Tranquilo, en casa y preparando la semana.
52;Hombre;A) Salir a beber con amigos y fiestas.;A) Salir a desconectarme, beber y socializar.;A) 4 o mas veces.;1;C) Tranquilo, en casa y preparando la semana.
34;Hombre;C) Ahorrando o invirtiendolo.;C) Descansar en casa, planeando mi tiempo y gastos.;D) Solo cuando hay un evento importante.;6;C) Tranquilo, en casa y preparando la semana.
17;Hombre;A) Salir a beber con amigos y fiestas.;C) Descansar en casa, planeando mi tiempo y gastos.;D) Solo cuando hay un evento importante.;4;A) Improvisado, con amigos y musica.
19;Hombre;B) Gimnasio, comida y salud.;A) Salir a desconectarme, beber y socializar.;C) Casi nunca.;4;C) Tranquilo, en casa y preparando la semana.
33;Mujer;B) Gimnasio, comida y salud.;B) Hacer ejercicio y meditar.;D) Solo cuando hay un evento importante.;10;C) Tranquilo, en casa y preparando la semana.
21;Hombre;A) Salir a beber con amigos y fiestas.;B) Hacer ejercicio y meditar.;C) Casi nunca.;8;C) Tranquilo, en casa y preparando la semana.
27;Mujer;C) Ahorrando o invirtiendolo.;D) Buscar nuevas actividades o viajando.;D) Solo cuando hay un evento importante.;2;C) Tranquilo, en casa y preparando la semana.
15;Mujer;C) Ahorrando o invirtiendolo.;B) Hacer ejercicio y meditar.;C) Casi nunca.;7;C) Tranquilo, en casa y preparando la semana.
28;Hombre;D) Viajes, conciertos, cursos.;A) Salir a desconectarme, beber y socializar.;B) 1 o 2 veces.;10;C) Tranquilo, en casa y preparando la semana.
28;Hombre;B) Gimnasio, comida y salud.;C) Descansar en casa, planeando mi tiempo y gastos.;B) 1 o 2 veces.;5;A) Improvisado, con amigos y musica.
28;Hombre;C) Ahorrando o invirtiendolo.;C) Descansar en casa, planeando mi tiempo y gastos.;C) Casi nunca.;6;B) Activo, haciendo deporte y comiendo.
16;Hombre;B) Gimnasio, comida y salud.;C) Descansar en casa, planeando mi tiempo y gastos.;A) 4 o mas veces.;2;D) Visitando un lugar nuevo o una actividad nueva.
41;Mujer;B) Gimnasio, comida y salud.;C) Descansar en casa, planeando mi tiempo y gastos.;C) Casi nunca.;2;C) Tranquilo, en casa y preparando la semana.
27;Hombre;A) Salir a beber con amigos y fiestas.;D) Buscar nuevas actividades o viajando.;B) 1 o 2 veces.;1;A) Improvisado, con amigos y musica.
17;Mujer;B) Gimnasio, comida y salud.;C) Descansar en casa, planeando mi tiempo y gastos.;A) 4 o mas veces.;4;C) Tranquilo, en casa y preparando la semana.
33;Mujer;A) Salir a beber con amigos y fiestas.;B) Hacer ejercicio y meditar.;D) Solo cuando hay un evento importante.;4;A) Improvisado, con amigos y musica.
33;Hombre;C) Ahorrando o invirtiendolo.;B) Hacer ejercicio y meditar.;B) 1 o 2 veces.;7;C) Tranquilo, en casa y preparando la semana.
33;Mujer;D) Viajes, conciertos, cursos.;B) Hacer ejercicio y meditar.;B) 1 o 2 veces.;4;C) Tranquilo, en casa y preparando la semana.
13;Mujer;B) Gimnasio, comida y salud.;B) Hacer ejercicio y meditar.;A) 4 o mas veces.;5;A) Improvisado, con amigos y musica.
16;Hombre;C) Ahorrando o invirtiendolo.;A) Salir a desconectarme, beber y socializar.;C) Casi nunca.;1;C) Tranquilo, en casa y preparando la semana.
23;Mujer;C) Ahorrando o invirtiendolo.;C) Descansar en casa, planeando mi tiempo y gastos.;B) 1 o 2 veces.;7;C) Tranquilo, en casa y preparando la semana.
24;Mujer;C) Ahorrando o invirtiendolo.;A) Salir a desconectarme, beber y socializar.;B) 1 o 2 veces.;7;C) Tranquilo, en casa y preparando la semana.
43;Mujer;C) Ahorrando o invirtiendolo.;D) Buscar nuevas actividades o viajando.;C) Casi nunca.;4;C) Tranquilo, en casa y preparando la semana.
30;Mujer;D) Viajes, conciertos, cursos.;C) Descansar en casa, planeando mi tiempo y gastos.;C) Casi nunca.;6;C) Tranquilo, en casa y preparando la semana.
28;Mujer;B) Gimnasio, comida y salud.;A) Salir a desconectarme, beber y socializar.;C) Casi nunca.;7;C) Tranquilo, en casa y preparando la semana.
23;Mujer;B) Gimnasio, comida y salud.;A) Salir a desconectarme, beber y socializar.;D) Solo cuando hay un evento importante.;9;C) Tranquilo, en casa y preparando la semana.
21;Mujer;B) Gimnasio, comida y salud.;B) Hacer ejercicio y meditar.;C) Casi nunca.;5;C) Tranquilo, en casa y preparando la semana.
21;Hombre;C) Ahorrando o invirtiendolo.;C) Descansar en casa, planeando mi tiempo y gastos.;A) 4 o mas veces.;9;C) Tranquilo, en casa y preparando la semana.
23;Mujer;C) Ahorrando o invirtiendolo.;B) Hacer ejercicio y meditar.;B) 1 o 2 veces.;4;C) Tranquilo, en casa y preparando la semana.
22;Mujer;A) Salir a beber con amigos y fiestas.;B) Hacer ejercicio y meditar.;B) 1 o 2 veces.;6;A) Improvisado, con amigos y musica.
26;Hombre;B) Gimnasio, comida y salud.;C) Descansar en casa, planeando mi tiempo y gastos.;B) 1 o 2 veces.;5;C) Tranquilo, en casa y preparando la semana.
23;Hombre;B) Gimnasio, comida y salud.;A) Salir a desconectarme, beber y socializar.;A) 4 o mas veces.;6;C) Tranquilo, en casa y preparando la semana.
13;Hombre;B) Gimnasio, comida y salud.;A) Salir a desconectarme, beber y socializar.;C) Casi nunca.;5;C) Tranquilo, en casa y preparando la semana.
27;Mujer;B) Gimnasio, comida y salud.;D) Buscar nuevas actividades o viajando.;A) 4 o mas veces.;8;C) Tranquilo, en casa y preparando la semana.
22;Hombre;A) Salir a beber con amigos y fiestas.;C) Descansar en casa, planeando mi tiempo y gastos.;B) 1 o 2 veces.;4;C) Tranquilo, en casa y preparando la semana.
26;Mujer;D) Viajes, conciertos, cursos.;C) Descansar en casa, planeando mi tiempo y gastos.;C) Casi nunca.;5;C) Tranquilo, en casa y preparando la semana.
22;Mujer;B) Gimnasio, comida y salud.;C) Descansar en casa, planeando mi tiempo y gastos.;B) 1 o 2 veces.;4;C) Tranquilo, en casa y preparando la semana.
31;Hombre;D) Viajes, conciertos, cursos.;C) Descansar en casa, planeando mi tiempo y gastos.;C) Casi nunca.;8;C) Tranquilo, en casa y preparando la semana.
39;Mujer;A) Salir a beber con amigos y fiestas.;D) Buscar nuevas actividades o viajando.;D) Solo cuando hay un evento importante.;9;A) Improvisado, con amigos y musica.
21;Mujer;B) Gimnasio, comida y salud.;B) Hacer ejercicio y meditar.;C) Casi nunca.;8;C) Tranquilo, en casa y preparando la semana.
13;Mujer;B) Gimnasio, comida y salud.;A) Salir a desconectarme, beber y socializar.;B) 1 o 2 veces.;1;B) Activo, haciendo deporte y comiendo.
27;Mujer;D) Viajes, conciertos, cursos.;C) Descansar en casa, planeando mi tiempo y gastos.;D) Solo cuando hay un evento importante.;3;C) Tranquilo, en casa y preparando la semana.
29;Mujer;C) Ahorrando o invirtiendolo.;D) Buscar nuevas actividades o viajando.;D) Solo cuando hay un evento importante.;8;C) Tranquilo, en casa y preparando la semana.
17;Hombre;D) Viajes, conciertos, cursos.;C) Descansar en casa, planeando mi tiempo y gastos.;B) 1 o 2 veces.;6;B) Activo, haciendo deporte y comiendo.
13;Mujer;B) Gimnasio, comida y salud.;B) Hacer ejercicio y meditar.;C) Casi nunca.;6;A) Improvisado, con amigos y musica.
23;Hombre;D) Viajes, conciertos, cursos.;A) Salir a desconectarme, beber y socializar.;C) Casi nunca.;1;C) Tranquilo, en casa y preparando la semana.
44;Mujer;A) Salir a beber con amigos y fiestas.;D) Buscar nuevas actividades o viajando.;D) Solo cuando hay un evento importante.;4;C) Tranquilo, en casa y preparando la semana.
24;Hombre;A) Salir a beber con amigos y fiestas.;C) Descansar en casa, planeando mi tiempo y gastos.;B) 1 o 2 veces.;2;C) Tranquilo, en casa y preparando la semana.
30;Hombre;A) Salir a beber con amigos y fiestas.;B) Hacer ejercicio y meditar.;B) 1 o 2 veces.;4;C) Tranquilo, en casa y preparando la semana.
17;Mujer;B) Gimnasio, comida y salud.;D) Buscar nuevas actividades o viajando.;B) 1 o 2 veces.;7;C) Tranquilo, en casa y preparando la semana.
34;Mujer;D) Viajes, conciertos, cursos.;C) Descansar en casa, planeando mi tiempo y gastos.;D) Solo cuando hay un evento importante.;4;A) Improvisado, con amigos y musica.
13;Mujer;B) Gimnasio, comida y salud.;B) Hacer ejercicio y meditar.;C) Casi nunca.;2;C) Tranquilo, en casa y preparando la semana.
27;Mujer;B) Gimnasio, comida y salud.;B) Hacer ejercicio y meditar.;A) 4 o mas veces.;8;C) Tranquilo, en casa y preparando la semana.
31;Mujer;B) Gimnasio, comida y salud.;C) Descansar en casa, planeando mi tiempo y gastos.;A) 4 o mas veces.;6;C) Tranquilo, en casa y preparando la semana.
13;Hombre;D) Viajes, conciertos, cursos.;D) Buscar nuevas actividades o viajando.;C) Casi nunca.;8;A) Improvisado, con amigos y musica.
13;Mujer;B) Gimnasio, comida y salud.;B) Hacer ejercicio y meditar.;D) Solo cuando hay un evento importante.;5;C) Tranquilo, en casa y preparando la semana.
18;Mujer;D) Viajes, conciertos, cursos.;B) Hacer ejercicio y meditar.;B) 1 o 2 veces.;2;A) Improvisado, con amigos y musica.
27;Hombre;C) Ahorrando o invirtiendolo.;A) Salir a desconectarme, beber y socializar.;C) Casi nunca.;10;C) Tranquilo, en casa y preparando la semana.
22;Mujer;B) Gimnasio, comida y salud.;C) Descansar en casa, planeando mi tiempo y gastos.;C) Casi nunca.;3;D) Visitando un lugar nuevo o una actividad nueva.
22;Mujer;C) Ahorrando o invirtiendolo.;B) Hacer ejercicio y meditar.;A) 4 o mas veces.;7;C) Tranquilo, en casa y preparando la semana.
13;Mujer;C) Ahorrando o invirtiendolo.;C) Descansar en casa, planeando mi tiempo y gastos.;D) Solo cuando hay un evento importante.;1;C) Tranquilo, en casa y preparando la semana.
21;Hombre;D) Viajes, conciertos, cursos.;A) Salir a desconectarme, beber y socializar.;C) Casi nunca.;1;A) Improvisado, con amigos y musica.
21;Mujer;D) Viajes, conciertos, cursos.;C) Descansar en casa, planeando mi tiempo y gastos.;C) Casi nunca.;6;A) Improvisado, con amigos y musica.
24;Hombre;B) Gimnasio, comida y salud.;A) Salir a desconectarme, beber y socializar.;C) Casi nunca.;10;C) Tranquilo, en casa y preparando la semana.
27;Mujer;B) Gimnasio, comida y salud.;C) Descansar en casa, planeando mi tiempo y gastos.;B) 1 o 2 veces.;6;C) Tranquilo, en casa y preparando la semana.
27;Mujer;C) Ahorrando o invirtiendolo.;C) Descansar en casa, planeando mi tiempo y gastos.;B) 1 o 2 veces.;2;A) Improvisado, con amigos y musica.
13;Mujer;C) Ahorrando o invirtiendolo.;B) Hacer ejercicio y meditar.;C) Casi nunca.;5;A) Improvisado, con amigos y musica.
37;Hombre;B) Gimnasio, comida y salud.;B) Hacer ejercicio y meditar.;C) Casi nunca.;6;D) Visitando un lugar nuevo o una actividad nueva.
27;Hombre;C) Ahorrando o invirtiendolo.;B) Hacer ejercicio y meditar.;B) 1 o 2 veces.;2;C) Tranquilo, en casa y preparando la semana.
22;Mujer;C) Ahorrando o invirtiendolo.;B) Hacer ejercicio y meditar.;D) Solo cuando hay un evento importante.;7;C) Tranquilo, en casa y preparando la semana.
35;Mujer;B) Gimnasio, comida y salud.;B) Hacer ejercicio y meditar.;D) Solo cuando hay un evento importante.;6;C) Tranquilo, en casa y preparando la semana.
13;Mujer;B) Gimnasio, comida y salud.;B) Hacer ejercicio y meditar.;A) 4 o mas veces.;9;C) Tranquilo, en casa y preparando la semana.
25;Mujer;A) Salir a beber con amigos y fiestas.;C) Descansar en casa, planeando mi tiempo y gastos.;C) Casi nunca.;3;C) Tranquilo, en casa y preparando la semana.
14;Hombre;A) Salir a beber con amigos y fiestas.;B) Hacer ejercicio y meditar.;D) Solo cuando hay un evento importante.;7;A) Improvisado, con amigos y musica.
34;Mujer;C) Ahorrando o invirtiendolo.;C) Descansar en casa, planeando mi tiempo y gastos.;C) Casi nunca.;7;A) Improvisado, con amigos y musica.
22;Mujer;A) Salir a beber con amigos y fiestas.;B) Hacer ejercicio y meditar.;C) Casi nunca.;5;C) Tranquilo, en casa y preparando la semana.
22;Mujer;A) Salir a beber con amigos y fiestas.;C) Descansar en casa, planeando mi tiempo y gastos.;B) 1 o 2 veces.;10;A) Improvisado, con amigos y musica.
31;Mujer;B) Gimnasio, comida y salud.;B) Hacer ejercicio y meditar.;C) Casi nunca.;3;C) Tranquilo, en casa y preparando la semana.
36;Hombre;C) Ahorrando o invirtiendolo.;A) Salir a desconectarme, beber y socializar.;D) Solo cuando hay un evento importante.;1;A) Improvisado, con amigos y musica.
42;Hombre;B) Gimnasio, comida y salud.;D) Buscar nuevas actividades o viajando.;D) Solo cuando hay un evento importante.;5;A) Improvisado, con amigos y musica.
28;Mujer;B) Gimnasio, comida y salud.;A) Salir a desconectarme, beber y socializar.;D) Solo cuando hay un evento importante.;2;C) Tranquilo, en casa y preparando la semana.
22;Mujer;D) Viajes, conciertos, cursos.;B) Hacer ejercicio y meditar.;C) Casi nunca.;4;C) Tranquilo, en casa y preparando la semana.
37;Mujer;B) Gimnasio, comida y salud.;D) Buscar nuevas actividades o viajando.;D) Solo cuando hay un evento importante.;5;C) Tranquilo, en casa y preparando la semana.
13;Mujer;D) Viajes, conciertos, cursos.;B) Hacer ejercicio y meditar.;C) Casi nunca.;5;C) Tranquilo, en casa y preparando la semana.
30;Hombre;C) Ahorrando o invirtiendolo.;A) Salir a desconectarme, beber y socializar.;B) 1 o 2 veces.;3;C) Tranquilo, en casa y preparando la semana.
37;Mujer;B) Gimnasio, comida y salud.;B) Hacer ejercicio y meditar.;C) Casi nunca.;8;C) Tranquilo, en casa y preparando la semana.
18;Mujer;D) Viajes, conciertos, cursos.;C) Descansar en casa, planeando mi tiempo y gastos.;B) 1 o 2 veces.;6;A) Improvisado, con amigos y musica.
22;Hombre;D) Viajes, conciertos, cursos.;A) Salir a desconectarme, beber y socializar.;B) 1 o 2 veces.;1;C) Tranquilo, en casa y preparando la semana.
27;Mujer;C) Ahorrando o invirtiendolo.;C) Descansar en casa, planeando mi tiempo y gastos.;C) Casi nunca.;1;C) Tranquilo, en casa y preparando la semana.
13;Hombre;C) Ahorrando o invirtiendolo.;D) Buscar nuevas actividades o viajando.;D) Solo cuando hay un evento importante.;7;C) Tranquilo, en casa y preparando la semana.
67;Hombre;A) Salir a beber con amigos y fiestas.;C) Descansar en casa, planeando mi tiempo y gastos.;C) Casi nunca.;8;B) Activo, haciendo deporte y comiendo.
36;Mujer;D) Viajes, conciertos, cursos.;A) Salir a desconectarme, beber y socializar.;D) Solo cuando hay un evento importante.;4;A) Improvisado, con amigos y musica.
48;Mujer;A) Salir a beber con amigos y fiestas.;B) Hacer ejercicio y meditar.;B) 1 o 2 veces.;5;C) Tranquilo, en casa y preparando la semana.
42;Mujer;D) Viajes, conciertos, cursos.;A) Salir a desconectarme, beber y socializar.;C) Casi nunca.;3;C) Tranquilo, en casa y preparando la semana.
31;Hombre;B) Gimnasio, comida y salud.;B) Hacer ejercicio y meditar.;B) 1 o 2 veces.;6;B) Activo, haciendo deporte y comiendo.
14;Hombre;D) Viajes, conciertos, cursos.;B) Hacer ejercicio y meditar.;B) 1 o 2 veces.;3;A) Improvisado, con amigos y musica.
25;Mujer;D) Viajes, conciertos, cursos.;A) Salir a desconectarme, beber y socializar.;A) 4 o mas veces.;7;C) Tranquilo, en casa y preparando la semana.
14;Mujer;B) Gimnasio, comida y salud.;A) Salir a desconectarme, beber y socializar.;D) Solo cuando hay un evento importante.;4;C) Tranquilo, en casa y preparando la semana.
22;Hombre;B) Gimnasio, comida y salud.;C) Descansar en casa, planeando mi tiempo y gastos.;C) Casi nunca.;7;A) Improvisado, con amigos y musica.
24;Mujer;B) Gimnasio, comida y salud.;A) Salir a desconectarme, beber y socializar.;C) Casi nunca.;6;D) Visitando un lugar nuevo o una actividad nueva.
33;Mujer;A) Salir a beber con amigos y fiestas.;B) Hacer ejercicio y meditar.;C) Casi nunca.;3;A) Improvisado, con amigos y musica.
20;Hombre;D) Viajes, conciertos, cursos.;C) Descansar en casa, planeando mi tiempo y gastos.;C) Casi nunca.;6;A) Improvisado, con amigos y musica.
22;Mujer;B) Gimnasio, comida y salud.;B) Hacer ejercicio y meditar.;B) 1 o 2 veces.;2;C) Tranquilo, en casa y preparando la semana.
28;Mujer;C) Ahorrando o invirtiendolo.;D) Buscar nuevas actividades o viajando.;C) Casi nunca.;9;C) Tranquilo, en casa y preparando la semana.
24;Mujer;B) Gimnasio, comida y salud.;C) Descansar en casa, planeando mi tiempo y gastos.;B) 1 o 2 veces.;7;C) Tranquilo, en casa y preparando la semana.
15;Mujer;B) Gimnasio, comida y salud.;A) Salir a desconectarme, beber y socializar.;A) 4 o mas veces.;4;C) Tranquilo, en casa y preparando la semana.
14;Mujer;D) Viajes, conciertos, cursos.;B) Hacer ejercicio y meditar.;C) Casi nunca.;7;A) Improvisado, con amigos y musica.
28;Mujer;A) Salir a beber con amigos y fiestas.;B) Hacer ejercicio y meditar.;C) Casi nunca.;6;C) Tranquilo, en casa y preparando la semana.
40;Mujer;C) Ahorrando o invirtiendolo.;B) Hacer ejercicio y meditar.;C) Casi nunca.;7;B) Activo, haciendo deporte y comiendo.
13;Mujer;B) Gimnasio, comida y salud.;B) Hacer ejercicio y meditar.;C) Casi nunca.;5;C) Tranquilo, en casa y preparando la semana.
52;Mujer;B) Gimnasio, comida y salud.;A) Salir a desconectarme, beber y socializar.;C) Casi nunca.;7;B) Activo, haciendo deporte y comiendo.
42;Mujer;A) Salir a beber con amigos y fiestas.;A) Salir a desconectarme, beber y socializar.;C) Casi nunca.;2;A) Improvisado, con amigos y musica.
15;Mujer;C) Ahorrando o invirtiendolo.;C) Descansar en casa, planeando mi tiempo y gastos.;C) Casi nunca.;8;A) Improvisado, con amigos y musica.
20;Hombre;A) Salir a beber con amigos y fiestas.;A) Salir a desconectarme, beber y socializar.;B) 1 o 2 veces.;8;A) Improvisado, con amigos y musica.
15;Mujer;B) Gimnasio, comida y salud.;B) Hacer ejercicio y meditar.;B) 1 o 2 veces.;7;A) Improvisado, con amigos y musica.
16;Mujer;A) Salir a beber con amigos y fiestas.;D) Buscar nuevas actividades o viajando.;B) 1 o 2 veces.;7;C) Tranquilo, en casa y preparando la semana.
15;Hombre;A) Salir a beber con amigos y fiestas.;A) Salir a desconectarme, beber y socializar.;B) 1 o 2 veces.;7;C) Tranquilo, en casa y preparando la semana.
35;Hombre;D) Viajes, conciertos, cursos.;B) Hacer ejercicio y meditar.;D) Solo cuando hay un evento importante.;5;C) Tranquilo, en casa y preparando la semana.
13;Mujer;C) Ahorrando o invirtiendolo.;B) Hacer ejercicio y meditar.;D) Solo cuando hay un evento importante.;7;A) Improvisado, con amigos y musica.
24;Mujer;A) Salir a beber con amigos y fiestas.;A) Salir a desconectarme, beber y socializar.;B) 1 o 2 veces.;5;C) Tranquilo, en casa y preparando la semana.
17;Mujer;D) Viajes, conciertos, cursos.;B) Hacer ejercicio y meditar.;B) 1 o 2 veces.;8;A) Improvisado, con amigos y musica.
13;Mujer;C) Ahorrando o invirtiendolo.;C) Descansar en casa, planeando mi tiempo y gastos.;C) Casi nunca.;5;C) Tranquilo, en casa y preparando la semana.
19;Hombre;B) Gimnasio, comida y salud.;C) Descansar en casa, planeando mi tiempo y gastos.;B) 1 o 2 veces.;7;C) Tranquilo, en casa y preparando la semana.
13;Mujer;B) Gimnasio, comida y salud.;B) Hacer ejercicio y meditar.;B) 1 o 2 veces.;5;A) Improvisado, con amigos y musica.
27;Mujer;A) Salir a beber con amigos y fiestas.;B) Hacer ejercicio y meditar.;B) 1 o 2 veces.;6;C) Tranquilo, en casa y preparando la semana.
16;Mujer;D) Viajes, conciertos, cursos.;C) Descansar en casa, planeando mi tiempo y gastos.;C) Casi nunca.;5;C) Tranquilo, en casa y preparando la semana.
38;Hombre;C) Ahorrando o invirtiendolo.;C) Descansar en casa, planeando mi tiempo y gastos.;C) Casi nunca.;10;D) Visitando un lugar nuevo o una actividad nueva.
30;Hombre;B) Gimnasio, comida y salud.;B) Hacer ejercicio y meditar.;C) Casi nunca.;4;A) Improvisado, con amigos y musica.
40;Hombre;B) Gimnasio, comida y salud.;B) Hacer ejercicio y meditar.;B) 1 o 2 veces.;6;C) Tranquilo, en casa y preparando la semana.
58;Hombre;C) Ahorrando o invirtiendolo.;C) Descansar en casa, planeando mi tiempo y gastos.;C) Casi nunca.;3;B) Activo, haciendo deporte y comiendo.
17;Hombre;C) Ahorrando o invirtiendolo.;B) Hacer ejercicio y meditar.;C) Casi nunca.;6;A) Improvisado, con amigos y musica.
29;Hombre;C) Ahorrando o invirtiendolo.;C) Descansar en casa, planeando mi tiempo y gastos.;C) Casi nunca.;3;A) Improvisado, con amigos y musica.
20;Mujer;D) Viajes, conciertos, cursos.;A) Salir a desconectarme, beber y socializar.;B) 1 o 2 veces.;7;C) Tranquilo, en casa y preparando la semana.
23;Hombre;C) Ahorrando o invirtiendolo.;C) Descansar en casa, planeando mi tiempo y gastos.;B) 1 o 2 veces.;4;C) Tranquilo, en casa y preparando la semana.
42;Mujer;A) Salir a beber con amigos y fiestas.;D) Buscar nuevas actividades o viajando.;D) Solo cuando hay un evento importante.;2;D) Visitando un lugar nuevo o una actividad nueva.
27;Hombre;B) Gimnasio, comida y salud.;C) Descansar en casa, planeando mi tiempo y gastos.;B) 1 o 2 veces.;1;C) Tranquilo, en casa y preparando la semana.
40;Mujer;B) Gimnasio, comida y salud.;C) Descansar en casa, planeando mi tiempo y gastos.;D) Solo cuando hay un evento importante.;1;C) Tranquilo, en casa y preparando la semana.
32;Hombre;B) Gimnasio, comida y salud.;C) Descansar en casa, planeando mi tiempo y gastos.;D) Solo cuando hay un evento importante.;2;C) Tranquilo, en casa y preparando la semana.
60;Hombre;D) Viajes, conciertos, cursos.;D) Buscar nuevas actividades o viajando.;B) 1 o 2 veces.;7;A) Improvisado, con amigos y musica.
15;Mujer;B) Gimnasio, comida y salud.;C) Descansar en casa, planeando mi tiempo y gastos.;C) Casi nunca.;3;A) Improvisado, con amigos y musica.
42;Mujer;B) Gimnasio, comida y salud.;B) Hacer ejercicio y meditar.;D) Solo cuando hay un evento importante.;4;A) Improvisado, con amigos y musica.
13;Mujer;B) Gimnasio, comida y salud.;D) Buscar nuevas actividades o viajando.;D) Solo cuando hay un evento importante.;4;B) Activo, haciendo deporte y comiendo.
32;Mujer;B) Gimnasio, comida y salud.;B) Hacer ejercicio y meditar.;D) Solo cuando hay un evento importante.;5;C) Tranquilo, en casa y preparando la semana.
18;Mujer;B) Gimnasio, comida y salud.;B) Hacer ejercicio y meditar.;D) Solo cuando hay un evento importante.;2;A) Improvisado, con amigos y musica.
22;Mujer;B) Gimnasio, comida y salud.;C) Descansar en casa, planeando mi tiempo y gastos.;B) 1 o 2 veces.;7;C) Tranquilo, en casa y preparando la semana.
13;Mujer;C) Ahorrando o invirtiendolo.;C) Descansar en casa, planeando mi tiempo y gastos.;B) 1 o 2 veces.;6;C) Tranquilo, en casa y preparando la semana.
31;Mujer;A) Salir a beber con amigos y fiestas.;B) Hacer ejercicio y meditar.;B) 1 o 2 veces.;1;C) Tranquilo, en casa y preparando la semana.
13;Hombre;C) Ahorrando o invirtiendolo.;D) Buscar nuevas actividades o viajando.;C) Casi nunca.;3;C) Tranquilo, en casa y preparando la semana.
37;Mujer;C) Ahorrando o invirtiendolo.;D) Buscar nuevas actividades o viajando.;A) 4 o mas veces.;1;A) Improvisado, con amigos y musica.
41;Hombre;C) Ahorrando o invirtiendolo.;A) Salir a desconectarme, beber y socializar.;D) Solo cuando hay un evento importante.;7;C) Tranquilo, en casa y preparando la semana.
26;Hombre;C) Ahorrando o invirtiendolo.;A) Salir a desconectarme, beber y socializar.;A) 4 o mas veces.;7;A) Improvisado, con amigos y musica.
36;Hombre;D) Viajes, conciertos, cursos.;C) Descansar en casa, planeando mi tiempo y gastos.;D) Solo cuando hay un evento importante.;5;C) Tranquilo, en casa y preparando la semana.
17;Hombre;A) Salir a beber con amigos y fiestas.;C) Descansar en casa, planeando mi tiempo y gastos.;D) Solo cuando hay un evento importante.;5;A) Improvisado, con amigos y musica.
32;Mujer;D) Viajes, conciertos, cursos.;B) Hacer ejercicio y meditar.;C) Casi nunca.;5;A) Improvisado, con amigos y musica.
13;Hombre;B) Gimnasio, comida y salud.;B) Hacer ejercicio y meditar.;B) 1 o 2 veces.;8;A) Improvisado, con amigos y musica.
13;Mujer;B) Gimnasio, comida y salud.;A) Salir a desconectarme, beber y socializar.;C) Casi nunca.;4;A) Improvisado, con amigos y musica.
27;Mujer;D) Viajes, conciertos, cursos.;C) Descansar en casa, planeando mi tiempo y gastos.;C) Casi nunca.;5;C) Tranquilo, en casa y preparando la semana.
13;Mujer;C) Ahorrando o invirtiendolo.;A) Salir a desconectarme, beber y socializar.;B) 1 o 2 veces.;5;C) Tranquilo, en casa y preparando la semana.
33;Mujer;B) Gimnasio, comida y salud.;C) Descansar en casa, planeando mi tiempo y gastos.;D) Solo cuando hay un evento importante.;7;A) Improvisado, con amigos y musica.
19;Mujer;C) Ahorrando o invirtiendolo.;B) Hacer ejercicio y meditar.;C) Casi nunca.;1;C) Tranquilo, en casa y preparando la semana.
13;Hombre;C) Ahorrando o invirtiendolo.;C) Descansar en casa, planeando mi tiempo y gastos.;D) Solo cuando hay un evento importante.;10;C) Tranquilo, en casa y preparando la semana.
20;Mujer;B) Gimnasio, comida y salud.;D) Buscar nuevas actividades o viajando.;D) Solo cuando hay un evento importante.;9;A) Improvisado, con amigos y musica.
30;Mujer;D) Viajes, conciertos, cursos.;A) Salir a desconectarme, beber y socializar.;A) 4 o mas veces.;5;C) Tranquilo, en casa y preparando la semana.
38;Mujer;C) Ahorrando o invirtiendolo.;C) Descansar en casa, planeando mi tiempo y gastos.;C) Casi nunca.;2;C) Tranquilo, en casa y preparando la semana.
49;Mujer;A) Salir a beber con amigos y fiestas.;A) Salir a desconectarme, beber y socializar.;B) 1 o 2 veces.;10;B) Activo, haciendo deporte y comiendo.
14;Mujer;A) Salir a beber con amigos y fiestas.;C) Descansar en casa, planeando mi tiempo y gastos.;B) 1 o 2 veces.;7;B) Activo, haciendo deporte y comiendo.
22;Hombre;D) Viajes, conciertos, cursos.;C) Descansar en casa, planeando mi tiempo y gastos.;C) Casi nunca.;8;C) Tranquilo, en casa y preparando la semana.
13;Mujer;B) Gimnasio, comida y salud.;C) Descansar en casa, planeando mi tiempo y gastos.;C) Casi nunca.;4;C) Tranquilo, en casa y preparando la semana.
13;Mujer;C) Ahorrando o invirtiendolo.;B) Hacer ejercicio y meditar.;D) Solo cuando hay un evento importante.;4;D) Visitando un lugar nuevo o una actividad nueva.
68;Hombre;D) Viajes, conciertos, cursos.;B) Hacer ejercicio y meditar.;A) 4 o mas veces.;1;A) Improvisado, con amigos y musica.
13;Mujer;D) Viajes, conciertos, cursos.;D) Buscar nuevas actividades o viajando.;C) Casi nunca.;5;C) Tranquilo, en casa y preparando la semana.
30;Mujer;D) Viajes, conciertos, cursos.;C) Descansar en casa, planeando mi tiempo y gastos.;C) Casi nunca.;10;A) Improvisado, con amigos y musica.
20;Hombre;B) Gimnasio, comida y salud.;B) Hacer ejercicio y meditar.;C) Casi nunca.;6;A) Improvisado, con amigos y musica.
33;Hombre;B) Gimnasio, comida y salud.;C) Descansar en casa, planeando mi tiempo y gastos.;D) Solo cuando hay un evento importante.;2;C) Tranquilo, en casa y preparando la semana.
13;Hombre;B) Gimnasio, comida y salud.;B) Hacer ejercicio y meditar.;B) 1 o 2 veces.;6;C) Tranquilo, en casa y preparando la semana.
27;Mujer;C) Ahorrando o invirtiendolo.;C) Descansar en casa, planeando mi tiempo y gastos.;B) 1 o 2 veces.;7;C) Tranquilo, en casa y preparando la semana.
13;Mujer;D) Viajes, conciertos, cursos.;B) Hacer ejercicio y meditar.;B) 1 o 2 veces.;9;B) Activo, haciendo deporte y comiendo.
27;Hombre;B) Gimnasio, comida y salud.;D) Buscar nuevas actividades o viajando.;C) Casi nunca.;7;A) Improvisado, con amigos y musica.
21;Hombre;C) Ahorrando o invirtiendolo.;B) Hacer ejercicio y meditar.;C) Casi nunca.;7;C) Tranquilo, en casa y preparando la semana.
13;Mujer;D) Viajes, conciertos, cursos.;C) Descansar en casa, planeando mi tiempo y gastos.;C) Casi nunca.;1;A) Improvisado, con amigos y musica.
19;Mujer;C) Ahorrando o invirtiendolo.;C) Descansar en casa, planeando mi tiempo y gastos.;C) Casi nunca.;7;A) Improvisado, con amigos y musica.
37;Hombre;C) Ahorrando o invirtiendolo.;B) Hacer ejercicio y meditar.;C) Casi nunca.;7;C) Tranquilo, en casa y preparando la semana.
23;Hombre;A) Salir a beber con amigos y fiestas.;C) Descansar en casa, planeando mi tiempo y gastos.;C) Casi nunca.;2;C) Tranquilo, en casa y preparando la semana.
34;Mujer;B) Gimnasio, comida y salud.;C) Descansar en casa, planeando mi tiempo y gastos.;B) 1 o 2 veces.;6;A) Improvisado, con amigos y musica.
28;Hombre;C) Ahorrando o invirtiendolo.;C) Descansar en casa, planeando mi tiempo y gastos.;B) 1 o 2 veces.;8;A) Improvisado, con amigos y musica.
25;Mujer;B) Gimnasio, comida y salud.;B) Hacer ejercicio y meditar.;D) Solo cuando hay un evento importante.;3;C) Tranquilo, en casa y preparando la semana.
13;Hombre;D) Viajes, conciertos, cursos.;B) Hacer ejercicio y meditar.;C) Casi nunca.;3;A) Improvisado, con amigos y musica.
14;Mujer;C) Ahorrando o invirtiendolo.;C) Descansar en casa, planeando mi tiempo y gastos.;C) Casi nunca.;4;A) Improvisado, con amigos y musica.
25;Mujer;D) Viajes, conciertos, cursos.;C) Descansar en casa, planeando mi tiempo y gastos.;C) Casi nunca.;4;C) Tranquilo, en casa y preparando la semana.
28;Mujer;B) Gimnasio, comida y salud.;B) Hacer ejercicio y meditar.;D) Solo cuando hay un evento importante.;1;A) Improvisado, con amigos y musica.
17;Mujer;C) Ahorrando o invirtiendolo.;C) Descansar en casa, planeando mi tiempo y gastos.;D) Solo cuando hay un evento importante.;8;A) Improvisado, con amigos y musica.
14;Hombre;A) Salir a beber con amigos y fiestas.;A) Salir a desconectarme, beber y socializar.;D) Solo cuando hay un evento importante.;3;B) Activo, haciendo deporte y comiendo.
45;Hombre;B) Gimnasio, comida y salud.;C) Descansar en casa, planeando mi tiempo y gastos.;D) Solo cuando hay un evento importante.;6;C) Tranquilo, en casa y preparando la semana.
14;Mujer;A) Salir a beber con amigos y fiestas.;C) Descansar en casa, planeando mi tiempo y gastos.;A) 4 o mas veces.;5;C) Tranquilo, en casa y preparando la semana.
17;Mujer;D) Viajes, conciertos, cursos.;B) Hacer ejercicio y meditar.;C) Casi nunca.;2;D) Visitando un lugar nuevo o una actividad nueva.
18;Hombre;B) Gimnasio, comida y salud.;C) Descansar en casa, planeando mi tiempo y gastos.;C) Casi nunca.;3;B) Activo, haciendo deporte y comiendo.
13;Mujer;B) Gimnasio, comida y salud.;B) Hacer ejercicio y meditar.;D) Solo cuando hay un evento importante.;4;C) Tranquilo, en casa y preparando la semana.
15;Hombre;D) Viajes, conciertos, cursos.;C) Descansar en casa, planeando mi tiempo y gastos.;C) Casi nunca.;9;A) Improvisado, con amigos y musica.
21;Mujer;C) Ahorrando o invirtiendolo.;B) Hacer ejercicio y meditar.;C) Casi nunca.;4;A) Improvisado, con amigos y musica.
13;Mujer;B) Gimnasio, comida y salud.;B) Hacer ejercicio y meditar.;C) Casi nunca.;1;C) Tranquilo, en casa y preparando la semana.
38;Hombre;B) Gimnasio, comida y salud.;B) Hacer ejercicio y meditar.;C) Casi nunca.;4;A) Improvisado, con amigos y musica.
33;Mujer;D) Viajes, conciertos, cursos.;C) Descansar en casa, planeando mi tiempo y gastos.;C) Casi nunca.;6;B) Activo, haciendo deporte y comiendo.
17;Hombre;B) Gimnasio, comida y salud.;B) Hacer ejercicio y meditar.;B) 1 o 2 veces.;1;C) Tranquilo, en casa y preparando la semana.
22;Hombre;C) Ahorrando o invirtiendolo.;D) Buscar nuevas actividades o viajando.;C) Casi nunca.;2;A) Improvisado, con amigos y musica.
23;Mujer;B) Gimnasio, comida y salud.;B) Hacer ejercicio y meditar.;B) 1 o 2 veces.;4;C) Tranquilo, en casa y preparando la semana.
16;Mujer;C) Ahorrando o invirtiendolo.;B) Hacer ejercicio y meditar.;C) Casi nunca.;5;C) Tranquilo, en casa y preparando la semana.
36;Hombre;D) Viajes, conciertos, cursos.;B) Hacer ejercicio y meditar.;C) Casi nunca.;5;C) Tranquilo, en casa y preparando la semana.
22;Hombre;C) Ahorrando o invirtiendolo.;D) Buscar nuevas actividades o viajando.;C) Casi nunca.;8;C) Tranquilo, en casa y preparando la semana.
29;Mujer;C) Ahorrando o invirtiendolo.;B) Hacer ejercicio y meditar.;D) Solo cuando hay un evento importante.;4;C) Tranquilo, en casa y preparando la semana.
19;Hombre;B) Gimnasio, comida y salud.;B) Hacer ejercicio y meditar.;B) 1 o 2 veces.;5;A) Improvisado, con amigos y musica.
13;Mujer;C) Ahorrando o invirtiendolo.;B) Hacer ejercicio y meditar.;B) 1 o 2 veces.;1;C) Tranquilo, en casa y preparando la semana.
13;Hombre;B) Gimnasio, comida y salud.;C) Descansar en casa, planeando mi tiempo y gastos.;D) Solo cuando hay un evento importante.;2;C) Tranquilo, en casa y preparando la semana.
13;Hombre;A) Salir a beber con amigos y fiestas.;C) Descansar en casa, planeando mi tiempo y gastos.;C) Casi nunca.;8;C) Tranquilo, en casa y preparando la semana.
27;Hombre;C) Ahorrando o invirtiendolo.;C) Descansar en casa, planeando mi tiempo y gastos.;C) Casi nunca.;3;C) Tranquilo, en casa y preparando la semana.
41;Mujer;C) Ahorrando o invirtiendolo.;C) Descansar en casa, planeando mi tiempo y gastos.;C) Casi nunca.;5;A) Improvisado, con amigos y musica.
32;Hombre;B) Gimnasio, comida y salud.;C) Descansar en casa, planeando mi tiempo y gastos.;D) Solo cuando hay un evento importante.;10;C) Tranquilo, en casa y preparando la semana.
43;Mujer;D) Viajes, conciertos, cursos.;A) Salir a desconectarme, beber y socializar.;A) 4 o mas veces.;10;D) Visitando un lugar nuevo o una actividad nueva.
28;Mujer;A) Salir a beber con amigos y fiestas.;B) Hacer ejercicio y meditar.;C) Casi nunca.;10;C) Tranquilo, en casa y preparando la semana.
18;Mujer;B) Gimnasio, comida y salud.;B) Hacer ejercicio y meditar.;C) Casi nunca.;6;D) Visitando un lugar nuevo o una actividad nueva.
26;Hombre;C) Ahorrando o invirtiendolo.;C) Descansar en casa, planeando mi tiempo y gastos.;B) 1 o 2 veces.;1;C) Tranquilo, en casa y preparando la semana.
31;Mujer;B) Gimnasio, comida y salud.;A) Salir a desconectarme, beber y socializar.;C) Casi nunca.;1;A) Improvisado, con amigos y musica.
13;Hombre;D) Viajes, conciertos, cursos.;C) Descansar en casa, planeando mi tiempo y gastos.;D) Solo cuando hay un evento importante.;1;B) Activo, haciendo deporte y comiendo.
21;Hombre;B) Gimnasio, comida y salud.;D) Buscar nuevas actividades o viajando.;D) Solo cuando hay un evento importante.;6;C) Tranquilo, en casa y preparando la semana.
25;Hombre;D) Viajes, conciertos, cursos.;C) Descansar en casa, planeando mi tiempo y gastos.;D) Solo cuando hay un evento importante.;6;C) Tranquilo, en casa y preparando la semana.
22;Hombre;A) Salir a beber con amigos y fiestas.;B) Hacer ejercicio y meditar.;D) Solo cuando hay un evento importante.;6;B) Activo, haciendo deporte y comiendo.
16;Mujer;C) Ahorrando o invirtiendolo.;D) Buscar nuevas actividades o viajando.;B) 1 o 2 veces.;6;A) Improvisado, con amigos y musica.
43;Hombre;C) Ahorrando o invirtiendolo.;B) Hacer ejercicio y meditar.;B) 1 o 2 veces.;9;A) Improvisado, con amigos y musica.
27;Mujer;D) Viajes, conciertos, cursos.;B) Hacer ejercicio y meditar.;D) Solo cuando hay un evento importante.;7;C) Tranquilo, en casa y preparando la semana.
14;Hombre;B) Gimnasio, comida y salud.;B) Hacer ejercicio y meditar.;B) 1 o 2 veces.;6;B) Activo, haciendo deporte y comiendo.
41;Mujer;B) Gimnasio, comida y salud.;A) Salir a desconectarme, beber y socializar.;B) 1 o 2 veces.;7;A) Improvisado, con amigos y musica.
22;Mujer;B) Gimnasio, comida y salud.;B) Hacer ejercicio y meditar.;D) Solo cuando hay un evento importante.;6;C) Tranquilo, en casa y preparando la semana.
23;Mujer;B) Gimnasio, comida y salud.;D) Buscar nuevas actividades o viajando.;B) 1 o 2 veces.;5;A) Improvisado, con amigos y musica.
16;Mujer;D) Viajes, conciertos, cursos.;C) Descansar en casa, planeando mi tiempo y gastos.;C) Casi nunca.;4;C) Tranquilo, en casa y preparando la semana.
51;Hombre;A) Salir a beber con amigos y fiestas.;A) Salir a desconectarme, beber y socializar.;C) Casi nunca.;4;D) Visitando un lugar nuevo o una actividad nueva.
27;Mujer;C) Ahorrando o invirtiendolo.;B) Hacer ejercicio y meditar.;B) 1 o 2 veces.;3;C) Tranquilo, en casa y preparando la semana.
14;Mujer;D) Viajes, conciertos, cursos.;D) Buscar nuevas actividades o viajando.;C) Casi nunca.;1;C) Tranquilo, en casa y preparando la semana.
32;Mujer;B) Gimnasio, comida y salud.;C) Descansar en casa, planeando mi tiempo y gastos.;B) 1 o 2 veces.;4;B) Activo, haciendo deporte y comiendo.
33;Hombre;A) Salir a beber con amigos y fiestas.;B) Hacer ejercicio y meditar.;C) Casi nunca.;3;C) Tranquilo, en casa y preparando la semana.
37;Mujer;C) Ahorrando o invirtiendolo.;A) Salir a desconectarme, beber y socializar.;D) Solo cuando hay un evento importante.;4;A) Improvisado, con amigos y musica.
25;Hombre;A) Salir a beber con amigos y fiestas.;B) Hacer ejercicio y meditar.;B) 1 o 2 veces.;5;C) Tranquilo, en casa y preparando la semana.
21;Hombre;C) Ahorrando o invirtiendolo.;A) Salir a desconectarme, beber y socializar.;C) Casi nunca.;1;C) Tranquilo, en casa y preparando la semana.
41;Hombre;C) Ahorrando o invirtiendolo.;C) Descansar en casa, planeando mi tiempo y gastos.;C) Casi nunca.;3;B) Activo, haciendo deporte y comiendo.
13;Mujer;B) Gimnasio, comida y salud.;B) Hacer ejercicio y meditar.;D) Solo cuando hay un evento importante.;6;A) Improvisado, con amigos y musica.
25;Mujer;B) Gimnasio, comida y salud.;C) Descansar en casa, planeando mi tiempo y gastos.;B) 1 o 2 veces.;5;C) Tranquilo, en casa y preparando la semana.
14;Hombre;D) Viajes, conciertos, cursos.;C) Descansar en casa, planeando mi tiempo y gastos.;B) 1 o 2 veces.;6;C) Tranquilo, en casa y preparando la semana.
25;Mujer;B) Gimnasio, comida y salud.;C) Descansar en casa, planeando mi tiempo y gastos.;D) Solo cuando hay un evento importante.;3;C) Tranquilo, en casa y preparando la semana.
20;Hombre;C) Ahorrando o invirtiendolo.;B) Hacer ejercicio y meditar.;D) Solo cuando hay un evento importante.;9;B) Activo, haciendo deporte y comiendo.
13;Mujer;C) Ahorrando o invirtiendolo.;A) Salir a desconectarme, beber y socializar.;D) Solo cuando hay un evento importante.;4;C) Tranquilo, en casa y preparando la semana.
17;Mujer;B) Gimnasio, comida y salud.;A) Salir a desconectarme, beber y socializar.;B) 1 o 2 veces.;10;D) Visitando un lugar nuevo o una actividad nueva.
33;Hombre;A) Salir a beber con amigos y fiestas.;B) Hacer ejercicio y meditar.;C) Casi nunca.;1;C) Tranquilo, en casa y preparando la semana.
25;Mujer;C) Ahorrando o invirtiendolo.;D) Buscar nuevas actividades o viajando.;C) Casi nunca.;3;A) Improvisado, con amigos y musica.
55;Mujer;D) Viajes, conciertos, cursos.;B) Hacer ejercicio y meditar.;B) 1 o 2 veces.;3;B) Activo, haciendo deporte y comiendo.
13;Mujer;C) Ahorrando o invirtiendolo.;C) Descansar en casa, planeando mi tiempo y gastos.;C) Casi nunca.;6;C) Tranquilo, en casa y preparando la semana.
21;Mujer;B) Gimnasio, comida y salud.;D) Buscar nuevas actividades o viajando.;B) 1 o 2 veces.;4;C) Tranquilo, en casa y preparando la semana.
13;Mujer;A) Salir a beber con amigos y fiestas.;C) Descansar en casa, planeando mi tiempo y gastos.;C) Casi nunca.;3;C) Tranquilo, en casa y preparando la semana.
37;Mujer;A) Salir a beber con amigos y fiestas.;B) Hacer ejercicio y meditar.;C) Casi nunca.;3;C) Tranquilo, en casa y preparando la semana.
16;Mujer;B) Gimnasio, comida y salud.;A) Salir a desconectarme, beber y socializar.;D) Solo cuando hay un evento importante.;9;C) Tranquilo, en casa y preparando la semana.
16;Mujer;A) Salir a beber con amigos y fiestas.;B) Hacer ejercicio y meditar.;B) 1 o 2 veces.;4;B) Activo, haciendo deporte y comiendo.
25;Mujer;B) Gimnasio, comida y salud.;A) Salir a desconectarme, beber y socializar.;D) Solo cuando hay un evento importante.;4;C) Tranquilo, en casa y preparando la semana.
13;Hombre;B) Gimnasio, comida y salud.;C) Descansar en casa, planeando mi tiempo y gastos.;C) Casi nunca.;5;C) Tranquilo, en casa y preparando la semana.
17;Hombre;B) Gimnasio, comida y salud.;A) Salir a desconectarme, beber y socializar.;C) Casi nunca.;4;C) Tranquilo, en casa y preparando la semana.
26;Mujer;C) Ahorrando o invirtiendolo.;D) Buscar nuevas actividades o viajando.;D) Solo cuando hay un evento importante.;4;C) Tranquilo, en casa y preparando la semana.
20;Mujer;A) Salir a beber con amigos y fiestas.;C) Descansar en casa, planeando mi tiempo y gastos.;C) Casi nunca.;4;C) Tranquilo, en casa y preparando la semana.
36;Hombre;C) Ahorrando o invirtiendolo.;C) Descansar en casa, planeando mi tiempo y gastos.;D) Solo cuando hay un evento importante.;2;B) Activo, haciendo deporte y comiendo.
22;Hombre;D) Viajes, conciertos, cursos.;B) Hacer ejercicio y meditar.;B) 1 o 2 veces.;1;C) Tranquilo, en casa y preparando la semana.
37;Mujer;D) Viajes, conciertos, cursos.;A) Salir a desconectarme, beber y socializar.;A) 4 o mas veces.;9;C) Tranquilo, en casa y preparando la semana.
55;Hombre;C) Ahorrando o invirtiendolo.;A) Salir a desconectarme, beber y socializar.;D) Solo cuando hay un evento importante.;4;D) Visitando un lugar nuevo o una actividad nueva.
45;Hombre;A) Salir a beber con amigos y fiestas.;B) Hacer ejercicio y meditar.;D) Solo cuando hay un evento importante.;6;B) Activo, haciendo deporte y comiendo.
32;Mujer;C) Ahorrando o invirtiendolo.;A) Salir a desconectarme, beber y socializar.;C) Casi nunca.;7;C) Tranquilo, en casa y preparando la semana.
36;Mujer;D) Viajes, conciertos, cursos.;A) Salir a desconectarme, beber y socializar.;A) 4 o mas veces.;5;B) Activo, haciendo deporte y comiendo.
25;Mujer;B) Gimnasio, comida y salud.;D) Buscar nuevas actividades o viajando.;D) Solo cuando hay un evento importante.;1;C) Tranquilo, en casa y preparando la semana.
13;Hombre;D) Viajes, conciertos, cursos.;C) Descansar en casa, planeando mi tiempo y gastos.;B) 1 o 2 veces.;6;C) Tranquilo, en casa y preparando la semana.
48;Hombre;B) Gimnasio, comida y salud.;B) Hacer ejercicio y meditar.;A) 4 o mas veces.;7;B) Activo, haciendo deporte y comiendo.
17;Hombre;B) Gimnasio, comida y salud.;B) Hacer ejercicio y meditar.;D) Solo cuando hay un evento importante.;8;A) Improvisado, con amigos y musica.
32;Mujer;B) Gimnasio, comida y salud.;C) Descansar en casa, planeando mi tiempo y gastos.;C) Casi nunca.;7;C) Tranquilo, en casa y preparando la semana.
22;Mujer;D) Viajes, conciertos, cursos.;B) Hacer ejercicio y meditar.;D) Solo cuando hay un evento importante.;5;C) Tranquilo, en casa y preparando la semana.
34;Hombre;C) Ahorrando o invirtiendolo.;B) Hacer ejercicio y meditar.;D) Solo cuando hay un evento importante.;6;C) Tranquilo, en casa y preparando la semana.
13;Mujer;B) Gimnasio, comida y salud.;B) Hacer ejercicio y meditar.;C) Casi nunca.;4;A) Improvisado, con amigos y musica.
23;Hombre;C) Ahorrando o invirtiendolo.;D) Buscar nuevas actividades o viajando.;D) Solo cuando hay un evento importante.;10;B) Activo, haciendo deporte y comiendo.
28;Mujer;C) Ahorrando o invirtiendolo.;B) Hacer ejercicio y meditar.;C) Casi nunca.;6;C) Tranquilo, en casa y preparando la semana.
29;Mujer;A) Salir a beber con amigos y fiestas.;C) Descansar en casa, planeando mi tiempo y gastos.;D) Solo cuando hay un evento importante.;3;A) Improvisado, con amigos y musica.
22;Hombre;C) Ahorrando o invirtiendolo.;C) Descansar en casa, planeando mi tiempo y gastos.;D) Solo cuando hay un evento importante.;6;C) Tranquilo, en casa y preparando la semana.
23;Hombre;C) Ahorrando o invirtiendolo.;C) Descansar en casa, planeando mi tiempo y gastos.;D) Solo cuando hay un evento importante.;6;C) Tranquilo, en casa y preparando la semana.
19;Mujer;B) Gimnasio, comida y salud.;C) Descansar en casa, planeando mi tiempo y gastos.;D) Solo cuando hay un evento importante.;2;C) Tranquilo, en casa y preparando la semana.
24;Mujer;B) Gimnasio, comida y salud.;D) Buscar nuevas actividades o viajando.;D) Solo cuando hay un evento importante.;5;C) Tranquilo, en casa y preparando la semana.
13;Hombre;C) Ahorrando o invirtiendolo.;B) Hacer ejercicio y meditar.;C) Casi nunca.;8;C) Tranquilo, en casa y preparando la semana.
14;Mujer;A) Salir a beber con amigos y fiestas.;D) Buscar nuevas actividades o viajando.;B) 1 o 2 veces.;10;D) Visitando un lugar nuevo o una actividad nueva.
17;Mujer;D) Viajes, conciertos, cursos.;B) Hacer ejercicio y meditar.;B) 1 o 2 veces.;10;C) Tranquilo, en casa y preparando la semana.
33;Mujer;C) Ahorrando o invirtiendolo.;B) Hacer ejercicio y meditar.;C) Casi nunca.;4;A) Improvisado, con amigos y musica.
32;Hombre;D) Viajes, conciertos, cursos.;A) Salir a desconectarme, beber y socializar.;C) Casi nunca.;6;C) Tranquilo, en casa y preparando la semana.
34;Hombre;A) Salir a beber con amigos y fiestas.;C) Descansar en casa, planeando mi tiempo y gastos.;D) Solo cuando hay un evento importante.;5;A) Improvisado, con amigos y musica.
23;Mujer;D) Viajes, conciertos, cursos.;C) Descansar en casa, planeando mi tiempo y gastos.;B) 1 o 2 veces.;9;B) Activo, haciendo deporte y comiendo.
38;Mujer;C) Ahorrando o invirtiendolo.;C) Descansar en casa, planeando mi tiempo y gastos.;A) 4 o mas veces.;3;C) Tranquilo, en casa y preparando la semana.
40;Mujer;B) Gimnasio, comida y salud.;B) Hacer ejercicio y meditar.;C) Casi nunca.;2;C) Tranquilo, en casa y preparando la semana.
28;Mujer;C) Ahorrando o invirtiendolo.;C) Descansar en casa, planeando mi tiempo y gastos.;D) Solo cuando hay un evento importante.;6;D) Visitando un lugar nuevo o una actividad nueva.
38;Mujer;C) Ahorrando o invirtiendolo.;B) Hacer ejercicio y meditar.;B) 1 o 2 veces.;8;C) Tranquilo, en casa y preparando la semana.
29;Mujer;B) Gimnasio, comida y salud.;C) Descansar en casa, planeando mi tiempo y gastos.;B) 1 o 2 veces.;6;A) Improvisado, con amigos y musica.
13;Mujer;C) Ahorrando o invirtiendolo.;B) Hacer ejercicio y meditar.;D) Solo cuando hay un evento importante.;1;D) Visitando un lugar nuevo o una actividad nueva.
13;Mujer;C) Ahorrando o invirtiendolo.;C) Descansar en casa, planeando mi tiempo y gastos.;D) Solo cuando hay un evento importante.;9;C) Tranquilo, en casa y preparando la semana.
15;Hombre;B) Gimnasio, comida y salud.;C) Descansar en casa, planeando mi tiempo y gastos.;D) Solo cuando hay un evento importante.;4;C) Tranquilo, en casa y preparando la semana.
18;Hombre;C) Ahorrando o invirtiendolo.;B) Hacer ejercicio y meditar.;C) Casi nunca.;7;C) Tranquilo, en casa y preparando la semana.
23;Mujer;D) Viajes, conciertos, cursos.;B) Hacer ejercicio y meditar.;B) 1 o 2 veces.;8;B) Activo, haciendo deporte y comiendo.
21;Hombre;A) Salir a beber con amigos y fiestas.;B) Hacer ejercicio y meditar.;A) 4 o mas veces.;8;C) Tranquilo, en casa y preparando la semana.
21;Mujer;A) Salir a beber con amigos y fiestas.;A) Salir a desconectarme, beber y socializar.;D) Solo cuando hay un evento importante.;4;A) Improvisado, con amigos y musica.
13;Mujer;A) Salir a beber con amigos y fiestas.;C) Descansar en casa, planeando mi tiempo y gastos.;D) Solo cuando hay un evento importante.;9;D) Visitando un lugar nuevo o una actividad nueva.
13;Hombre;A) Salir a beber con amigos y fiestas.;B) Hacer ejercicio y meditar.;B) 1 o 2 veces.;9;C) Tranquilo, en casa y preparando la semana.
14;Mujer;A) Salir a beber con amigos y fiestas.;D) Buscar nuevas actividades o viajando.;D) Solo cuando hay un evento importante.;8;C) Tranquilo, en casa y preparando la semana.
36;Hombre;A) Salir a beber con amigos y fiestas.;A) Salir a desconectarme, beber y socializar.;B) 1 o 2 veces.;7;C) Tranquilo, en casa y preparando la semana.
46;Hombre;C) Ahorrando o invirtiendolo.;B) Hacer ejercicio y meditar.;A) 4 o mas veces.;9;D) Visitando un lugar nuevo o una actividad nueva.
19;Mujer;B) Gimnasio, comida y salud.;C) Descansar en casa, planeando mi tiempo y gastos.;C) Casi nunca.;3;C) Tranquilo, en casa y preparando la semana.
29;Hombre;A) Salir a beber con amigos y fiestas.;D) Buscar nuevas actividades o viajando.;D) Solo cuando hay un evento importante.;6;A) Improvisado, con amigos y musica.
13;Mujer;A) Salir a beber con amigos y fiestas.;C) Descansar en casa, planeando mi tiempo y gastos.;C) Casi nunca.;4;C) Tranquilo, en casa y preparando la semana.
36;Hombre;D) Viajes, conciertos, cursos.;A) Salir a desconectarme, beber y socializar.;B) 1 o 2 veces.;3;B) Activo, haciendo deporte y comiendo.
20;Mujer;D) Viajes, conciertos, cursos.;C) Descansar en casa, planeando mi tiempo y gastos.;C) Casi nunca.;1;C) Tranquilo, en casa y preparando la semana.
59;Mujer;A) Salir a beber con amigos y fiestas.;D) Buscar nuevas actividades o viajando.;A) 4 o mas veces.;4;C) Tranquilo, en casa y preparando la semana.
17;Mujer;A) Salir a beber con amigos y fiestas.;C) Descansar en casa, planeando mi tiempo y gastos.;A) 4 o mas veces.;3;A) Improvisado, con amigos y musica.
47;Mujer;C) Ahorrando o invirtiendolo.;C) Descansar en casa, planeando mi tiempo y gastos.;D) Solo cuando hay un evento importante.;5;C) Tranquilo, en casa y preparando la semana.
13;Hombre;C) Ahorrando o invirtiendolo.;C) Descansar en casa, planeando mi tiempo y gastos.;A) 4 o mas veces.;3;C) Tranquilo, en casa y preparando la semana.
22;Hombre;B) Gimnasio, comida y salud.;B) Hacer ejercicio y meditar.;B) 1 o 2 veces.;4;C) Tranquilo, en casa y preparando la semana.
36;Mujer;B) Gimnasio, comida y salud.;C) Descansar en casa, planeando mi tiempo y gastos.;C) Casi nunca.;4;C) Tranquilo, en casa y preparando la semana.
13;Mujer;B) Gimnasio, comida y salud.;D) Buscar nuevas actividades o viajando.;B) 1 o 2 veces.;4;B) Activo, haciendo deporte y comiendo.
13;Mujer;D) Viajes, conciertos, cursos.;A) Salir a desconectarme, beber y socializar.;D) Solo cuando hay un evento importante.;9;A) Improvisado, con amigos y musica.
13;Mujer;D) Viajes, conciertos, cursos.;D) Buscar nuevas actividades o viajando.;C) Casi nunca.;7;C) Tranquilo, en casa y preparando la semana.
23;Mujer;D) Viajes, conciertos, cursos.;D) Buscar nuevas actividades o viajando.;C) Casi nunca.;2;C) Tranquilo, en casa y preparando la semana.
23;Mujer;B) Gimnasio, comida y salud.;D) Buscar nuevas actividades o viajando.;D) Solo cuando hay un evento importante.;3;D) Visitando un lugar nuevo o una actividad nueva.
33;Mujer;C) Ahorrando o invirtiendolo.;D) Buscar nuevas actividades o viajando.;B) 1 o 2 veces.;8;C) Tranquilo, en casa y preparando la semana.
13;Mujer;A) Salir a beber con amigos y fiestas.;D) Buscar nuevas actividades o viajando.;D) Solo cuando hay un evento importante.;4;C) Tranquilo, en casa y preparando la semana.
33;Hombre;C) Ahorrando o invirtiendolo.;A) Salir a desconectarme, beber y socializar.;D) Solo cuando hay un evento importante.;6;C) Tranquilo, en casa y preparando la semana.
24;Mujer;C) Ahorrando o invirtiendolo.;B) Hacer ejercicio y meditar.;A) 4 o mas veces.;9;B) Activo, haciendo deporte y comiendo.
25;Hombre;B) Gimnasio, comida y salud.;B) Hacer ejercicio y meditar.;D) Solo cuando hay un evento importante.;1;C) Tranquilo, en casa y preparando la semana.
27;Mujer;B) Gimnasio, comida y salud.;A) Salir a desconectarme, beber y socializar.;C) Casi nunca.;8;A) Improvisado, con amigos y musica.
13;Mujer;A) Salir a beber con amigos y fiestas.;B) Hacer ejercicio y meditar.;B) 1 o 2 veces.;3;C) Tranquilo, en casa y preparando la semana.
13;Mujer;D) Viajes, conciertos, cursos.;D) Buscar nuevas actividades o viajando.;B) 1 o 2 veces.;7;C) Tranquilo, en casa y preparando la semana.
34;Hombre;C) Ahorrando o invirtiendolo.;C) Descansar en casa, planeando mi tiempo y gastos.;C) Casi nunca.;4;C) Tranquilo, en casa y preparando la semana.
24;Mujer;B) Gimnasio, comida y salud.;B) Hacer ejercicio y meditar.;C) Casi nunca.;7;C) Tranquilo, en casa y preparando la semana.
22;Mujer;B) Gimnasio, comida y salud.;C) Descansar en casa, planeando mi tiempo y gastos.;C) Casi nunca.;10;C) Tranquilo, en casa y preparando la semana.
13;Mujer;B) Gimnasio, comida y salud.;B) Hacer ejercicio y meditar.;C) Casi nunca.;1;D) Visitando un lugar nuevo o una actividad nueva.
26;Mujer;A) Salir a beber con amigos y fiestas.;A) Salir a desconectarme, beber y socializar.;B) 1 o 2 veces.;4;C) Tranquilo, en casa y preparando la semana.
29;Mujer;C) Ahorrando o invirtiendolo.;A) Salir a desconectarme, beber y socializar.;C) Casi nunca.;7;B) Activo, haciendo deporte y comiendo.
26;Hombre;B) Gimnasio, comida y salud.;B) Hacer ejercicio y meditar.;D) Solo cuando hay un evento importante.;6;C) Tranquilo, en casa y preparando la semana.
24;Mujer;D) Viajes, conciertos, cursos.;C) Descansar en casa, planeando mi tiempo y gastos.;C) Casi nunca.;3;C) Tranquilo, en casa y preparando la semana.
21;Hombre;C) Ahorrando o invirtiendolo.;A) Salir a desconectarme, beber y socializar.;C) Casi nunca.;7;B) Activo, haciendo deporte y comiendo.
24;Mujer;B) Gimnasio, comida y salud.;C) Descansar en casa, planeando mi tiempo y gastos.;C) Casi nunca.;5;B) Activo, haciendo deporte y comiendo.
24;Mujer;C) Ahorrando o invirtiendolo.;C) Descansar en casa, planeando mi tiempo y gastos.;A) 4 o mas veces.;6;B) Activo, haciendo deporte y comiendo.
19;Mujer;A) Salir a beber con amigos y fiestas.;C) Descansar en casa, planeando mi tiempo y gastos.;C) Casi nunca.;7;B) Activo, haciendo deporte y comiendo.
28;Mujer;D) Viajes, conciertos, cursos.;B) Hacer ejercicio y meditar.;C) Casi nunca.;7;C) Tranquilo, en casa y preparando la semana.
32;Mujer;C) Ahorrando o invirtiendolo.;B) Hacer ejercicio y meditar.;B) 1 o 2 veces.;4;A) Improvisado, con amigos y musica.
15;Mujer;B) Gimnasio, comida y salud.;D) Buscar nuevas actividades o viajando.;C) Casi nunca.;2;C) Tranquilo, en casa y preparando la semana.
15;Hombre;B) Gimnasio, comida y salud.;A) Salir a desconectarme, beber y socializar.;C) Casi nunca.;6;C) Tranquilo, en casa y preparando la semana.
39;Hombre;C) Ahorrando o invirtiendolo.;D) Buscar nuevas actividades o viajando.;D) Solo cuando hay un evento importante.;2;A) Improvisado, con amigos y musica.
27;Mujer;A) Salir a beber con amigos y fiestas.;C) Descansar en casa, planeando mi tiempo y gastos.;C) Casi nunca.;4;C) Tranquilo, en casa y preparando la semana.
21;Mujer;B) Gimnasio, comida y salud.;A) Salir a desconectarme, beber y socializar.;D) Solo cuando hay un evento importante.;1;A) Improvisado, con amigos y musica.
31;Hombre;C) Ahorrando o invirtiendolo.;C) Descansar en casa, planeando mi tiempo y gastos.;C) Casi nunca.;5;A) Improvisado, con amigos y musica.
43;Hombre;B) Gimnasio, comida y salud.;B) Hacer ejercicio y meditar.;B) 1 o 2 veces.;6;B) Activo, haciendo deporte y comiendo.
22;Hombre;B) Gimnasio, comida y salud.;A) Salir a desconectarme, beber y socializar.;D) Solo cuando hay un evento importante.;5;C) Tranquilo, en casa y preparando la semana.
20;Mujer;C) Ahorrando o invirtiendolo.;B) Hacer ejercicio y meditar.;B) 1 o 2 veces.;5;A) Improvisado, con amigos y musica.
22;Mujer;B) Gimnasio, comida y salud.;B) Hacer ejercicio y meditar.;C) Casi nunca.;5;B) Activo, haciendo deporte y comiendo.
61;Mujer;C) Ahorrando o invirtiendolo.;D) Buscar nuevas actividades o viajando.;C) Casi nunca.;3;C) Tranquilo, en casa y preparando la semana.
24;Hombre;A) Salir a beber con amigos y fiestas.;B) Hacer ejercicio y meditar.;B) 1 o 2 veces.;2;A) Improvisado, con amigos y musica.
28;Mujer;B) Gimnasio, comida y salud.;C) Descansar en casa, planeando mi tiempo y gastos.;C) Casi nunca.;2;C) Tranquilo, en casa y preparando la semana.
17;Mujer;C) Ahorrando o invirtiendolo.;D) Buscar nuevas actividades o viajando.;C) Casi nunca.;5;A) Improvisado, con amigos y musica.
15;Mujer;D) Viajes, conciertos, cursos.;D) Buscar nuevas actividades o viajando.;B) 1 o 2 veces.;5;C) Tranquilo, en casa y preparando la semana.
26;Mujer;C) Ahorrando o invirtiendolo.;C) Descansar en casa, planeando mi tiempo y gastos.;D) Solo cuando hay un evento importante.;5;C) Tranquilo, en casa y preparando la semana.
29;Hombre;B) Gimnasio, comida y salud.;B) Hacer ejercicio y meditar.;D) Solo cuando hay un evento importante.;9;A) Improvisado, con amigos y musica.
24;Mujer;B) Gimnasio, comida y salud.;B) Hacer ejercicio y meditar.;A) 4 o mas veces.;3;A) Improvisado, con amigos y musica.
27;Mujer;C) Ahorrando o invirtiendolo.;B) Hacer ejercicio y meditar.;B) 1 o 2 veces.;7;C) Tranquilo, en casa y preparando la semana.
24;Mujer;B) Gimnasio, comida y salud.;A) Salir a desconectarme, beber y socializar.;A) 4 o mas veces.;7;A) Improvisado, con amigos y musica.
20;Hombre;B) Gimnasio, comida y salud.;D) Buscar nuevas actividades o viajando.;C) Casi nunca.;1;C) Tranquilo, en casa y preparando la semana.
31;Mujer;D) Viajes, conciertos, cursos.;C) Descansar en casa, planeando mi tiempo y gastos.;C) Casi nunca.;5;A) Improvisado, con amigos y musica.
26;Mujer;D) Viajes, conciertos, cursos.;D) Buscar nuevas actividades o viajando.;B) 1 o 2 veces.;5;D) Visitando un lugar nuevo o una actividad nueva.
21;Hombre;B) Gimnasio, comida y salud.;C) Descansar en casa, planeando mi tiempo y gastos.;B) 1 o 2 veces.;9;C) Tranquilo, en casa y preparando la semana.
16;Hombre;B) Gimnasio, comida y salud.;C) Descansar en casa, planeando mi tiempo y gastos.;D) Solo cuando hay un evento importante.;8;C) Tranquilo, en casa y preparando la semana.
29;Mujer;A) Salir a beber con amigos y fiestas.;B) Hacer ejercicio y meditar.;B) 1 o 2 veces.;4;D) Visitando un lugar nuevo o una actividad nueva.
35;Mujer;D) Viajes, conciertos, cursos.;C) Descansar en casa, planeando mi tiempo y gastos.;D) Solo cuando hay un evento importante.;1;D) Visitando un lugar nuevo o una actividad nueva.
36;Mujer;B) Gimnasio, comida y salud.;A) Salir a desconectarme, beber y socializar.;D) Solo cuando hay un evento importante.;4;A) Improvisado, con amigos y musica.
28;Mujer;B) Gimnasio, comida y salud.;B) Hacer ejercicio y meditar.;C) Casi nunca.;8;C) Tranquilo, en casa y preparando la semana.
62;Hombre;B) Gimnasio, comida y salud.;C) Descansar en casa, planeando mi tiempo y gastos.;B) 1 o 2 veces.;5;C) Tranquilo, en casa y preparando la semana.
33;Hombre;A) Salir a beber con amigos y fiestas.;C) Descansar en casa, planeando mi tiempo y gastos.;A) 4 o mas veces.;6;D) Visitando un lugar nuevo o una actividad nueva.
19;Hombre;B) Gimnasio, comida y salud.;B) Hacer ejercicio y meditar.;D) Solo cuando hay un evento importante.;4;B) Activo, haciendo deporte y comiendo.
23;Mujer;A) Salir a beber con amigos y fiestas.;B) Hacer ejercicio y meditar.;D) Solo cuando hay un evento importante.;1;C) Tranquilo, en casa y preparando la semana.
20;Mujer;C) Ahorrando o invirtiendolo.;A) Salir a desconectarme, beber y socializar.;B) 1 o 2 veces.;10;D) Visitando un lugar nuevo o una actividad nueva.
29;Hombre;B) Gimnasio, comida y salud.;C) Descansar en casa, planeando mi tiempo y gastos.;B) 1 o 2 veces.;2;C) Tranquilo, en casa y preparando la semana.
13;Mujer;B) Gimnasio, comida y salud.;C) Descansar en casa, planeando mi tiempo y gastos.;B) 1 o 2 veces.;1;C) Tranquilo, en casa y preparando la semana.
18;Mujer;A) Salir a beber con amigos y fiestas.;A) Salir a desconectarme, beber y socializar.;B) 1 o 2 veces.;7;A) Improvisado, con amigos y musica.
34;Hombre;A) Salir a beber con amigos y fiestas.;B) Hacer ejercicio y meditar.;C) Casi nunca.;4;D) Visitando un lugar nuevo o una actividad nueva.
18;Hombre;C) Ahorrando o invirtiendolo.;C) Descansar en casa, planeando mi tiempo y gastos.;B) 1 o 2 veces.;1;C) Tranquilo, en casa y preparando la semana.
26;Hombre;C) Ahorrando o invirtiendolo.;B) Hacer ejercicio y meditar.;D) Solo cuando hay un evento importante.;5;C) Tranquilo, en casa y preparando la semana.
37;Hombre;B) Gimnasio, comida y salud.;C) Descansar en casa, planeando mi tiempo y gastos.;D) Solo cuando hay un evento importante.;1;A) Improvisado, con amigos y musica.
58;Mujer;B) Gimnasio, comida y salud.;A) Salir a desconectarme, beber y socializar.;A) 4 o mas veces.;7;A) Improvisado, con amigos y musica.
43;Hombre;B) Gimnasio, comida y salud.;B) Hacer ejercicio y meditar.;C) Casi nunca.;8;A) Improvisado, con amigos y musica.
17;Mujer;C) Ahorrando o invirtiendolo.;A) Salir a desconectarme, beber y socializar.;B) 1 o 2 veces.;9;A) Improvisado, con amigos y musica.
37;Mujer;C) Ahorrando o invirtiendolo.;B) Hacer ejercicio y meditar.;B) 1 o 2 veces.;5;C) Tranquilo, en casa y preparando la semana.
17;Mujer;B) Gimnasio, comida y salud.;C) Descansar en casa, planeando mi tiempo y gastos.;B) 1 o 2 veces.;1;C) Tranquilo, en casa y preparando la semana.
13;Mujer;D) Viajes, conciertos, cursos.;C) Descansar en casa, planeando mi tiempo y gastos.;C) Casi nunca.;3;C) Tranquilo, en casa y preparando la semana.
13;Hombre;C) Ahorrando o invirtiendolo.;B) Hacer ejercicio y meditar.;D) Solo cuando hay un evento importante.;6;D) Visitando un lugar nuevo o una actividad nueva.
22;Hombre;B) Gimnasio, comida y salud.;A) Salir a desconectarme, beber y socializar.;D) Solo cuando hay un evento importante.;10;C) Tranquilo, en casa y preparando la semana.
20;Mujer;D) Viajes, conciertos, cursos.;D) Buscar nuevas actividades o viajando.;C) Casi nunca.;7;C) Tranquilo, en casa y preparando la semana.
25;Mujer;A) Salir a beber con amigos y fiestas.;D) Buscar nuevas actividades o viajando.;C) Casi nunca.;5;C) Tranquilo, en casa y preparando la semana.
38;Mujer;B) Gimnasio, comida y salud.;B) Hacer ejercicio y meditar.;B) 1 o 2 veces.;2;A) Improvisado, con amigos y musica.
38;Hombre;B) Gimnasio, comida y salud.;C) Descansar en casa, planeando mi tiempo y gastos.;D) Solo cuando hay un evento importante.;8;C) Tranquilo, en casa y preparando la semana.
27;Hombre;C) Ahorrando o invirtiendolo.;C) Descansar en casa, planeando mi tiempo y gastos.;D) Solo cuando hay un evento importante.;5;C) Tranquilo, en casa y preparando la semana.
34;Mujer;A) Salir a beber con amigos y fiestas.;A) Salir a desconectarme, beber y socializar.;B) 1 o 2 veces.;6;A) Improvisado, con amigos y musica.
33;Hombre;C) Ahorrando o invirtiendolo.;A) Salir a desconectarme, beber y socializar.;D) Solo cuando hay un evento importante.;6;C) Tranquilo, en casa y preparando la semana.
25;Hombre;C) Ahorrando o invirtiendolo.;C) Descansar en casa, planeando mi tiempo y gastos.;C) Casi nunca.;7;B) Activo, haciendo deporte y comiendo.
29;Mujer;A) Salir a beber con amigos y fiestas.;D) Buscar nuevas actividades o viajando.;C) Casi nunca.;1;A) Improvisado, con amigos y musica.
13;Mujer;B) Gimnasio, comida y salud.;A) Salir a desconectarme, beber y socializar.;B) 1 o 2 veces.;2;C) Tranquilo, en casa y preparando la semana.
13;Mujer;B) Gimnasio, comida y salud.;D) Buscar nuevas actividades o viajando.;B) 1 o 2 veces.;4;C) Tranquilo, en casa y preparando la semana.
32;Mujer;B) Gimnasio, comida y salud.;B) Hacer ejercicio y meditar.;A) 4 o mas veces.;6;C) Tranquilo, en casa y preparando la semana.
36;Hombre;C) Ahorrando o invirtiendolo.;D) Buscar nuevas actividades o viajando.;B) 1 o 2 veces.;8;C) Tranquilo, en casa y preparando la semana.
41;Hombre;B) Gimnasio, comida y salud.;D) Buscar nuevas actividades o viajando.;B) 1 o 2 veces.;8;C) Tranquilo, en casa y preparando la semana.
40;Mujer;A) Salir a beber con amigos y fiestas.;B) Hacer ejercicio y meditar.;D) Solo cuando hay un evento importante.;6;C) Tranquilo, en casa y preparando la semana.
29;Mujer;B) Gimnasio, comida y salud.;D) Buscar nuevas actividades o viajando.;D) Solo cuando hay un evento importante.;3;A) Improvisado, con amigos y musica.
17;Mujer;B) Gimnasio, comida y salud.;B) Hacer ejercicio y meditar.;C) Casi nunca.;3;C) Tranquilo, en casa y preparando la semana.
30;Mujer;D) Viajes, conciertos, cursos.;D) Buscar nuevas actividades o viajando.;D) Solo cuando hay un evento importante.;7;A) Improvisado, con amigos y musica.
13;Hombre;B) Gimnasio, comida y salud.;A) Salir a desconectarme, beber y socializar.;C) Casi nunca.;4;C) Tranquilo, en casa y preparando la semana.
29;Hombre;B) Gimnasio, comida y salud.;C) Descansar en casa, planeando mi tiempo y gastos.;D) Solo cuando hay un evento importante.;5;A) Improvisado, con amigos y musica.
18;Hombre;A) Salir a beber con amigos y fiestas.;C) Descansar en casa, planeando mi tiempo y gastos.;D) Solo cuando hay un evento importante.;3;C) Tranquilo, en casa y preparando la semana.
28;Mujer;D) Viajes, conciertos, cursos.;A) Salir a desconectarme, beber y socializar.;B) 1 o 2 veces.;5;C) Tranquilo, en casa y preparando la semana.
19;Hombre;B) Gimnasio, comida y salud.;C) Descansar en casa, planeando mi tiempo y gastos.;C) Casi nunca.;1;C) Tranquilo, en casa y preparando la semana.
15;Hombre;B) Gimnasio, comida y salud.;C) Descansar en casa, planeando mi tiempo y gastos.;B) 1 o 2 veces.;9;C) Tranquilo, en casa y preparando la semana.
18;Mujer;D) Viajes, conciertos, cursos.;D) Buscar nuevas actividades o viajando.;C) Casi nunca.;3;C) Tranquilo, en casa y preparando la semana.
14;Mujer;B) Gimnasio, comida y salud.;D) Buscar nuevas actividades o viajando.;C) Casi nunca.;10;A) Improvisado, con amigos y musica.
13;Mujer;B) Gimnasio, comida y salud.;D) Buscar nuevas actividades o viajando.;B) 1 o 2 veces.;1;A) Improvisado, con amigos y musica.
26;Hombre;B) Gimnasio, comida y salud.;A) Salir a desconectarme, beber y socializar.;C) Casi nunca.;6;C) Tranquilo, en casa y preparando la semana.
57;Mujer;C) Ahorrando o invirtiendolo.;C) Descansar en casa, planeando mi tiempo y gastos.;D) Solo cuando hay un evento importante.;10;D) Visitando un lugar nuevo o una actividad nueva.
32;Mujer;C) Ahorrando o invirtiendolo.;A) Salir a desconectarme, beber y socializar.;C) Casi nunca.;7;C) Tranquilo, en casa y preparando la semana.
13;Mujer;A) Salir a beber con amigos y fiestas.;C) Descansar en casa, planeando mi tiempo y gastos.;A) 4 o mas veces.;1;C) Tranquilo, en casa y preparando la semana.
26;Hombre;D) Viajes, conciertos, cursos.;A) Salir a desconectarme, beber y socializar.;B) 1 o 2 veces.;6;C) Tranquilo, en casa y preparando la semana.
16;Mujer;C) Ahorrando o invirtiendolo.;C) Descansar en casa, planeando mi tiempo y gastos.;C) Casi nunca.;7;C) Tranquilo, en casa y preparando la semana.
19;Mujer;A) Salir a beber con amigos y fiestas.;B) Hacer ejercicio y meditar.;D) Solo cuando hay un evento importante.;5;C) Tranquilo, en casa y preparando la semana.
13;Hombre;C) Ahorrando o invirtiendolo.;D) Buscar nuevas actividades o viajando.;C) Casi nunca.;9;C) Tranquilo, en casa y preparando la semana.
31;Mujer;B) Gimnasio, comida y salud.;B) Hacer ejercicio y meditar.;D) Solo cuando hay un evento importante.;2;A) Improvisado, con amigos y musica.
26;Mujer;C) Ahorrando o invirtiendolo.;B) Hacer ejercicio y meditar.;B) 1 o 2 veces.;6;C) Tranquilo, en casa y preparando la semana.
25;Mujer;B) Gimnasio, comida y salud.;C) Descansar en casa, planeando mi tiempo y gastos.;B) 1 o 2 veces.;1;C) Tranquilo, en casa y preparando la semana.
27;Mujer;D) Viajes, conciertos, cursos.;B) Hacer ejercicio y meditar.;B) 1 o 2 veces.;6;C) Tranquilo, en casa y preparando la semana.
17;Mujer;B) Gimnasio, comida y salud.;C) Descansar en casa, planeando mi tiempo y gastos.;B) 1 o 2 veces.;3;C) Tranquilo, en casa y preparando la semana.
20;Hombre;A) Salir a beber con amigos y fiestas.;A) Salir a desconectarme, beber y socializar.;B) 1 o 2 veces.;2;A) Improvisado, con amigos y musica.
28;Mujer;B) Gimnasio, comida y salud.;D) Buscar nuevas actividades o viajando.;D) Solo cuando hay un evento importante.;1;C) Tranquilo, en casa y preparando la semana.
28;Mujer;A) Salir a beber con amigos y fiestas.;C) Descansar en casa, planeando mi tiempo y gastos.;D) Solo cuando hay un evento importante.;8;C) Tranquilo, en casa y preparando la semana.
19;Mujer;B) Gimnasio, comida y salud.;C) Descansar en casa, planeando mi tiempo y gastos.;C) Casi nunca.;3;C) Tranquilo, en casa y preparando la semana.
37;Mujer;D) Viajes, conciertos, cursos.;B) Hacer ejercicio y meditar.;B) 1 o 2 veces.;4;A) Improvisado, con amigos y musica.
39;Hombre;D) Viajes, conciertos, cursos.;A) Salir a desconectarme, beber y socializar.;A) 4 o mas veces.;2;A) Improvisado, con amigos y musica.
22;Hombre;A) Salir a beber con amigos y fiestas.;B) Hacer ejercicio y meditar.;C) Casi nunca.;6;A) Improvisado, con amigos y musica.
21;Mujer;D) Viajes, conciertos, cursos.;D) Buscar nuevas actividades o viajando.;A) 4 o mas veces.;10;A) Improvisado, con amigos y musica.
13;Mujer;B) Gimnasio, comida y salud.;B) Hacer ejercicio y meditar.;D) Solo cuando hay un evento importante.;1;C) Tranquilo, en casa y preparando la semana.
47;Mujer;B) Gimnasio, comida y salud.;A) Salir a desconectarme, beber y socializar.;D) Solo cuando hay un evento importante.;8;C) Tranquilo, en casa y preparando la semana.
24;Mujer;C) Ahorrando o invirtiendolo.;A) Salir a desconectarme, beber y socializar.;B) 1 o 2 veces.;4;A) Improvisado, con amigos y musica.
20;Mujer;B) Gimnasio, comida y salud.;C) Descansar en casa, planeando mi tiempo y gastos.;B) 1 o 2 veces.;1;D) Visitando un lugar nuevo o una actividad nueva.
25;Mujer;B) Gimnasio, comida y salud.;D) Buscar nuevas actividades o viajando.;D) Solo cuando hay un evento importante.;5;A) Improvisado, con amigos y musica.
14;Mujer;B) Gimnasio, comida y salud.;D) Buscar nuevas actividades o viajando.;A) 4 o mas veces.;10;D) Visitando un lugar nuevo o una actividad nueva.
26;Hombre;D) Viajes, conciertos, cursos.;C) Descansar en casa, planeando mi tiempo y gastos.;B) 1 o 2 veces.;5;C) Tranquilo, en casa y preparando la semana.
32;Hombre;B) Gimnasio, comida y salud.;B) Hacer ejercicio y meditar.;C) Casi nunca.;9;C) Tranquilo, en casa y preparando la semana.
66;Hombre;D) Viajes, conciertos, cursos.;A) Salir a desconectarme, beber y socializar.;D) Solo cuando hay un evento importante.;8;A) Improvisado, con amigos y musica.
33;Mujer;C) Ahorrando o invirtiendolo.;C) Descansar en casa, planeando mi tiempo y gastos.;A) 4 o mas veces.;6;C) Tranquilo, en casa y preparando la semana.
20;Hombre;C) Ahorrando o invirtiendolo.;A) Salir a desconectarme, beber y socializar.;B) 1 o 2 veces.;3;C) Tranquilo, en casa y preparando la semana.
21;Hombre;C) Ahorrando o invirtiendolo.;A) Salir a desconectarme, beber y socializar.;A) 4 o mas veces.;1;B) Activo, haciendo deporte y comiendo.
28;Hombre;B) Gimnasio, comida y salud.;B) Hacer ejercicio y meditar.;C) Casi nunca.;5;A) Improvisado, con amigos y musica.
46;Mujer;C) Ahorrando o invirtiendolo.;A) Salir a desconectarme, beber y socializar.;B) 1 o 2 veces.;3;A) Improvisado, con amigos y musica.
25;Mujer;C) Ahorrando o invirtiendolo.;A) Salir a desconectarme, beber y socializar.;C) Casi nunca.;4;C) Tranquilo, en casa y preparando la semana.
21;Hombre;A) Salir a beber con amigos y fiestas.;C) Descansar en casa, planeando mi tiempo y gastos.;C) Casi nunca.;5;C) Tranquilo, en casa y preparando la semana.
18;Mujer;B) Gimnasio, comida y salud.;B) Hacer ejercicio y meditar.;D) Solo cuando hay un evento importante.;5;C) Tranquilo, en casa y preparando la semana.
22;Mujer;A) Salir a beber con amigos y fiestas.;C) Descansar en casa, planeando mi tiempo y gastos.;C) Casi nunca.;7;C) Tranquilo, en casa y preparando la semana.
32;Mujer;C) Ahorrando o invirtiendolo.;B) Hacer ejercicio y meditar.;B) 1 o 2 veces.;2;C) Tranquilo, en casa y preparando la semana.
13;Hombre;A) Salir a beber con amigos y fiestas.;A) Salir a desconectarme, beber y socializar.;C) Casi nunca.;7;C) Tranquilo, en casa y preparando la semana.
27;Mujer;A) Salir a beber con amigos y fiestas.;D) Buscar nuevas actividades o viajando.;D) Solo cuando hay un evento importante.;7;A) Improvisado, con amigos y musica.
25;Mujer;C) Ahorrando o invirtiendolo.;C) Descansar en casa, planeando mi tiempo y gastos.;C) Casi nunca.;6;C) Tranquilo, en casa y preparando la semana.
30;Mujer;C) Ahorrando o invirtiendolo.;B) Hacer ejercicio y meditar.;D) Solo cuando hay un evento importante.;4;C) Tranquilo, en casa y preparando la semana.
37;Mujer;A) Salir a beber con amigos y fiestas.;A) Salir a desconectarme, beber y socializar.;B) 1 o 2 veces.;5;C) Tranquilo, en casa y preparando la semana.
22;Mujer;B) Gimnasio, comida y salud.;B) Hacer ejercicio y meditar.;C) Casi nunca.;8;D) Visitando un lugar nuevo o una actividad nueva.
23;Hombre;C) Ahorrando o invirtiendolo.;C) Descansar en casa, planeando mi tiempo y gastos.;C) Casi nunca.;5;A) Improvisado, con amigos y musica.
19;Hombre;D) Viajes, conciertos, cursos.;B) Hacer ejercicio y meditar.;C) Casi nunca.;7;C) Tranquilo, en casa y preparando la semana.
33;Hombre;C) Ahorrando o invirtiendolo.;B) Hacer ejercicio y meditar.;B) 1 o 2 veces.;2;A) Improvisado, con amigos y musica.
21;Hombre;C) Ahorrando o invirtiendolo.;D) Buscar nuevas actividades o viajando.;C) Casi nunca.;5;A) Improvisado, con amigos y musica.
24;Hombre;B) Gimnasio, comida y salud.;C) Descansar en casa, planeando mi tiempo y gastos.;B) 1 o 2 veces.;5;D) Visitando un lugar nuevo o una actividad nueva.
16;Mujer;C) Ahorrando o invirtiendolo.;C) Descansar en casa, planeando mi tiempo y gastos.;B) 1 o 2 veces.;4;C) Tranquilo, en casa y preparando la semana.
30;Mujer;B) Gimnasio, comida y salud.;A) Salir a desconectarme, beber y socializar.;D) Solo cuando hay un evento importante.;9;C) Tranquilo, en casa y preparando la semana.
44;Hombre;C) Ahorrando o invirtiendolo.;D) Buscar nuevas actividades o viajando.;D) Solo cuando hay un evento importante.;8;D) Visitando un lugar nuevo o una actividad nueva.
41;Mujer;A) Salir a beber con amigos y fiestas.;B) Hacer ejercicio y meditar.;C) Casi nunca.;6;A) Improvisado, con amigos y musica.
13;Mujer;C) Ahorrando o invirtiendolo.;C) Descansar en casa, planeando mi tiempo y gastos.;B) 1 o 2 veces.;9;C) Tranquilo, en casa y preparando la semana.
37;Hombre;B) Gimnasio, comida y salud.;D) Buscar nuevas actividades o viajando.;D) Solo cuando hay un evento importante.;9;D) Visitando un lugar nuevo o una actividad nueva.
13;Mujer;A) Salir a beber con amigos y fiestas.;C) Descansar en casa, planeando mi tiempo y gastos.;D) Solo cuando hay un evento importante.;5;C) Tranquilo, en casa y preparando la semana.
13;Hombre;B) Gimnasio, comida y salud.;C) Descansar en casa, planeando mi tiempo y gastos.;D) Solo cuando hay un evento importante.;3;C) Tranquilo, en casa y preparando la semana.
26;Hombre;C) Ahorrando o invirtiendolo.;C) Descansar en casa, planeando mi tiempo y gastos.;C) Casi nunca.;7;C) Tranquilo, en casa y preparando la semana.
31;Mujer;C) Ahorrando o invirtiendolo.;C) Descansar en casa, planeando mi tiempo y gastos.;B) 1 o 2 veces.;1;C) Tranquilo, en casa y preparando la semana.
28;Hombre;C) Ahorrando o invirtiendolo.;B) Hacer ejercicio y meditar.;B) 1 o 2 veces.;4;A) Improvisado, con amigos y musica.
19;Hombre;B) Gimnasio, comida y salud.;D) Buscar nuevas actividades o viajando.;D) Solo cuando hay un evento importante.;4;C) Tranquilo, en casa y preparando la semana.
32;Mujer;C) Ahorrando o invirtiendolo.;D) Buscar nuevas actividades o viajando.;B) 1 o 2 veces.;3;A) Improvisado, con amigos y musica.
15;Hombre;D) Viajes, conciertos, cursos.;B) Hacer ejercicio y meditar.;D) Solo cuando hay un evento importante.;7;C) Tranquilo, en casa y preparando la semana.
29;Mujer;A) Salir a beber con amigos y fiestas.;D) Buscar nuevas actividades o viajando.;C) Casi nunca.;3;D) Visitando un lugar nuevo o una actividad nueva.
29;Mujer;B) Gimnasio, comida y salud.;C) Descansar en casa, planeando mi tiempo y gastos.;A) 4 o mas veces.;4;B) Activo, haciendo deporte y comiendo.
21;Hombre;B) Gimnasio, comida y salud.;B) Hacer ejercicio y meditar.;C) Casi nunca.;6;B) Activo, haciendo deporte y comiendo.
20;Mujer;A) Salir a beber con amigos y fiestas.;D) Buscar nuevas actividades o viajando.;C) Casi nunca.;8;D) Visitando un lugar nuevo o una actividad nueva.
46;Mujer;B) Gimnasio, comida y salud.;A) Salir a desconectarme, beber y socializar.;C) Casi nunca.;5;C) Tranquilo, en casa y preparando la semana.
26;Mujer;C) Ahorrando o invirtiendolo.;B) Hacer ejercicio y meditar.;C) Casi nunca.;5;C) Tranquilo, en casa y preparando la semana.
32;Hombre;C) Ahorrando o invirtiendolo.;C) Descansar en casa, planeando mi tiempo y gastos.;B) 1 o 2 veces.;1;C) Tranquilo, en casa y preparando la semana.
13;Mujer;B) Gimnasio, comida y salud.;B) Hacer ejercicio y meditar.;D) Solo cuando hay un evento importante.;3;B) Activo, haciendo deporte y comiendo.
20;Mujer;D) Viajes, conciertos, cursos.;B) Hacer ejercicio y meditar.;B) 1 o 2 veces.;6;A) Improvisado, con amigos y musica.
18;Mujer;A) Salir a beber con amigos y fiestas.;B) Hacer ejercicio y meditar.;D) Solo cuando hay un evento importante.;5;C) Tranquilo, en casa y preparando la semana.
25;Mujer;D) Viajes, conciertos, cursos.;A) Salir a desconectarme, beber y socializar.;B) 1 o 2 veces.;6;D) Visitando un lugar nuevo o una actividad nueva.
20;Hombre;C) Ahorrando o invirtiendolo.;C) Descansar en casa, planeando mi tiempo y gastos.;B) 1 o 2 veces.;3;A) Improvisado, con amigos y musica.
22;Mujer;A) Salir a beber con amigos y fiestas.;A) Salir a desconectarme, beber y socializar.;B) 1 o 2 veces.;9;C) Tranquilo, en casa y preparando la semana.
13;Hombre;C) Ahorrando o invirtiendolo.;C) Descansar en casa, planeando mi tiempo y gastos.;B) 1 o 2 veces.;3;A) Improvisado, con amigos y musica.
36;Mujer;D) Viajes, conciertos, cursos.;C) Descansar en casa, planeando mi tiempo y gastos.;C) Casi nunca.;4;C) Tranquilo, en casa y preparando la semana.
39;Mujer;C) Ahorrando o invirtiendolo.;C) Descansar en casa, planeando mi tiempo y gastos.;C) Casi nunca.;4;C) Tranquilo, en casa y preparando la semana.
23;Mujer;B) Gimnasio, comida y salud.;B) Hacer ejercicio y meditar.;B) 1 o 2 veces.;10;C) Tranquilo, en casa y preparando la semana.
13;Hombre;B) Gimnasio, comida y salud.;A) Salir a desconectarme, beber y socializar.;C) Casi nunca.;7;C) Tranquilo, en casa y preparando la semana.
15;Mujer;B) Gimnasio, comida y salud.;B) Hacer ejercicio y meditar.;D) Solo cuando hay un evento importante.;8;C) Tranquilo, en casa y preparando la semana.
25;Mujer;B) Gimnasio, comida y salud.;A) Salir a desconectarme, beber y socializar.;C) Casi nunca.;2;C) Tranquilo, en casa y preparando la semana.
37;Mujer;A) Salir a beber con amigos y fiestas.;C) Descansar en casa, planeando mi tiempo y gastos.;B) 1 o 2 veces.;6;C) Tranquilo, en casa y preparando la semana.
19;Mujer;C) Ahorrando o invirtiendolo.;B) Hacer ejercicio y meditar.;B) 1 o 2 veces.;5;A) Improvisado, con amigos y musica.
33;Mujer;D) Viajes, conciertos, cursos.;D) Buscar nuevas actividades o viajando.;D) Solo cuando hay un evento importante.;6;B) Activo, haciendo deporte y comiendo.
13;Mujer;B) Gimnasio, comida y salud.;D) Buscar nuevas actividades o viajando.;B) 1 o 2 veces.;7;C) Tranquilo, en casa y preparando la semana.
24;Hombre;A) Salir a beber con amigos y fiestas.;D) Buscar nuevas actividades o viajando.;D) Solo cuando hay un evento importante.;6;B) Activo, haciendo deporte y comiendo.
17;Mujer;D) Viajes, conciertos, cursos.;B) Hacer ejercicio y meditar.;B) 1 o 2 veces.;9;A) Improvisado, con amigos y musica.
27;Mujer;C) Ahorrando o invirtiendolo.;C) Descansar en casa, planeando mi tiempo y gastos.;B) 1 o 2 veces.;6;C) Tranquilo, en casa y preparando la semana.
24;Hombre;A) Salir a beber con amigos y fiestas.;B) Hacer ejercicio y meditar.;C) Casi nunca.;10;A) Improvisado, con amigos y musica.
39;Mujer;D) Viajes, conciertos, cursos.;A) Salir a desconectarme, beber y socializar.;B) 1 o 2 veces.;6;C) Tranquilo, en casa y preparando la semana.
16;Mujer;C) Ahorrando o invirtiendolo.;B) Hacer ejercicio y meditar.;C) Casi nunca.;2;C) Tranquilo, en casa y preparando la semana.
13;Hombre;B) Gimnasio, comida y salud.;D) Buscar nuevas actividades o viajando.;C) Casi nunca.;1;B) Activo, haciendo deporte y comiendo.
18;Hombre;A) Salir a beber con amigos y fiestas.;A) Salir a desconectarme, beber y socializar.;B) 1 o 2 veces.;2;A) Improvisado, con amigos y musica.
